cod_canton,anio,x1_permisos_func,x2_ssc_encuesta,x3_patrimonio_inm,x4_artistas_ruac,anomalia
0101,2021,4.09106316021281,5.424950017481403,6.236369590203704,7.895063498091573,1
0101,2022,1.894848383152512,6.124683390894205,8.379768515504566,8.624072553043334,1
0101,2023,7.337587743538596,6.124683390894205,7.291656209174461,8.669914278433902,1
0101,2024,7.970394907191429,6.124683390894205,8.59044365315583,8.722905701000768,1
0101,2025,8.039802343736485,6.037870919922137,8.058643712215618,7.397561535524052,1
0101,2026,7.221835825288449,5.43372200355424,3.7981259519447157,4.178970569318993,0
0102,2021,4.320463633610236,5.424950017481403,3.7376696182833684,2.1972245773362196,0
0102,2022,1.3913090886303139,6.124683390894205,5.863631175598097,2.833213344056216,0
0102,2023,2.833213344056216,6.124683390894205,4.770684624465665,2.833213344056216,0
0102,2024,3.367295829986474,6.124683390894205,6.049733455231958,2.9444389791664403,0
0102,2025,3.5263605246161616,6.037870919922137,5.560681631015528,1.791759469228055,0
0102,2026,2.4849066497880004,5.43372200355424,4.343144981392358,4.329387520370611,0
0103,2021,5.3849238239140735,5.424950017481403,4.882801922586371,3.8066624897703196,0
0103,2022,2.412901816241677,6.124683390894205,6.907755278982137,4.584967478670572,0
0103,2023,4.0943445622221,6.124683390894205,5.811140992976701,4.61512051684126,0
0103,2024,4.5217885770490405,6.124683390894205,7.108244139731541,4.6913478822291435,0
0103,2025,4.584967478670572,6.037870919922137,6.553933404025811,3.4657359027997265,0
0103,2026,3.828641396489095,5.43372200355424,3.9742528080756747,4.081683735190627,0
0104,2021,5.983619105124286,5.424950017481403,3.871201010907891,2.1972245773362196,0
0104,2022,1.858384071793721,6.124683390894205,6.0063531596017325,2.833213344056216,0
0104,2023,2.0794415416798357,6.124683390894205,4.912654885736052,2.833213344056216,0
0104,2024,2.8903717578961645,6.124683390894205,6.206575926724928,2.833213344056216,0
0104,2025,2.3978952727983707,6.037870919922137,5.755742213586912,1.6094379124341003,0
0104,2026,1.3862943611198906,5.43372200355424,3.40221536267937,2.9583059020013858,0
0105,2021,5.983619105124286,5.424950017481403,3.871201010907891,2.1972245773362196,0
0105,2022,1.3913090886303139,6.124683390894205,6.028278520230698,2.833213344056216,0
0105,2023,3.871201010907891,6.124683390894205,4.9344739331306915,3.295836866004329,0
0105,2024,4.1588830833596715,6.124683390894205,6.1463292576688975,3.6375861597263857,0
0105,2025,4.143134726391533,6.037870919922137,5.58724865840025,2.4849066497880004,0
0105,2026,3.4339872044851463,5.43372200355424,4.198428769703716,2.9228129006225094,0
0106,2021,4.821114791301476,5.424950017481403,3.828641396489095,1.0986122886681098,0
0106,2022,2.067053993792333,6.124683390894205,5.961005339623274,1.6094379124341003,0
0106,2023,1.9459101490553132,6.124683390894205,4.867534450455582,1.6094379124341003,0
0106,2024,2.6390573296152584,6.124683390894205,6.135564891081739,1.6094379124341003,0
0106,2025,2.1972245773362196,6.037870919922137,5.638354669333745,0.6931471805599453,1
0106,2026,1.791759469228055,5.43372200355424,4.0078706769445125,5.096969131735713,0
0107,2021,4.821114791301476,5.424950017481403,3.713572066704308,1.9459101490553132,0
0107,2022,2.350467197749662,6.124683390894205,5.811140992976701,2.5649493574615367,0
0107,2023,1.6094379124341003,6.124683390894205,4.718498871295094,2.5649493574615367,0
0107,2024,2.302585092994046,6.124683390894205,5.981414211254481,2.5649493574615367,0
0107,2025,2.302585092994046,6.037870919922137,5.476463551931511,1.3862943611198906,0
0107,2026,0.6931471805599453,5.43372200355424,4.602943157543083,5.641964491691401,0
0108,2021,6.2768865188829714,5.424950017481403,3.4657359027997265,1.9459101490553132,0
0108,2022,2.444467923598809,6.124683390894205,5.634789603169249,2.5649493574615367,0
0108,2023,3.1354942159291497,6.124683390894205,4.543294782270004,2.772588722239781,0
0108,2024,3.4965075614664802,6.124683390894205,5.823045895483019,2.833213344056216,0
0108,2025,3.912023005428146,6.037870919922137,5.351858133476067,1.6094379124341003,0
0108,2026,2.6390573296152584,5.43372200355424,3.793130723441572,3.7856219318861752,0
0109,2021,5.3849238239140735,5.424950017481403,5.1298987149230735,3.4339872044851463,0
0109,2022,2.1145708408861337,6.124683390894205,7.303843225277705,4.23410650459726,0
0109,2023,2.995732273553991,6.124683390894205,6.206575926724928,4.23410650459726,0
0109,2024,3.6375861597263857,6.124683390894205,7.504391559161238,4.23410650459726,0
0109,2025,3.6888794541139363,6.037870919922137,7.033506484287697,2.8903717578961645,0
0109,2026,2.9444389791664403,5.43372200355424,4.587901145561416,6.459851188253526,0
0110,2021,2.687843165431178,5.41610040220442,3.871201010907891,1.6094379124341003,0
0110,2022,1.7804911184413765,6.124683390894205,6.049733455231958,2.3978952727983707,0
0110,2023,1.6094379124341003,6.124683390894205,4.955827057601261,2.5649493574615367,0
0110,2024,1.6094379124341003,6.124683390894205,6.238324625039508,2.5649493574615367,0
0110,2025,1.6094379124341003,6.0330862217988015,5.755742213586912,1.3862943611198906,0
0110,2026,0.6931471805599453,5.43372200355424,4.602943157543083,5.641964491691401,0
0111,2021,4.821114791301476,5.424950017481403,4.0943445622221,2.9444389791664403,0
0111,2022,2.322861615851766,6.124683390894205,6.028278520230698,3.713572066704308,0
0111,2023,2.8903717578961645,6.124683390894205,4.890349128221754,3.713572066704308,0
0111,2024,3.2188758248682006,6.124683390894205,6.161207321695077,3.713572066704308,0
0111,2025,3.332204510175204,6.037870919922137,5.71042701737487,2.3978952727983707,0
0111,2026,2.5649493574615367,5.43372200355424,4.209403501831649,4.597068041893881,0
0112,2021,4.8098968979712655,5.424950017481403,2.70805020110221,2.733047270976587,0
0112,2022,2.180823886568807,6.124683390894205,4.844187086458591,2.824954617639876,0
0112,2023,1.6094379124341003,6.124683390894205,3.7612001156935624,2.191472789472569,0
0112,2024,1.6094379124341003,6.124683390894205,5.043425116919247,2.8799451706221206,0
0112,2025,1.3862943611198906,6.037870919922137,4.59511985013459,3.582714988611742,0
0112,2026,0.6931471805599453,5.43372200355424,4.602943157543083,5.641964491691401,0
0113,2021,3.2705639773090645,5.424950017481403,3.295836866004329,1.6094379124341003,0
0113,2022,2.559495551191001,6.124683390894205,5.37989735354046,2.1972245773362196,0
0113,2023,1.791759469228055,6.124683390894205,4.290459441148391,2.1972245773362196,0
0113,2024,2.772588722239781,6.124683390894205,5.579729825986222,2.1972245773362196,0
0113,2025,2.4849066497880004,6.037870919922137,5.030437921392435,1.0986122886681098,0
0113,2026,1.9459101490553132,5.43372200355424,3.8282489256545973,2.860080559940752,0
0114,2021,5.432177220330436,5.424950017481403,2.772588722239781,1.0986122886681098,0
0114,2022,1.9093625217194792,6.124683390894205,4.290459441148391,1.6094379124341003,0
0114,2023,1.6094379124341003,6.124683390894205,3.2188758248682006,2.1972245773362196,0
0114,2024,1.6094379124341003,6.124683390894205,4.48863636973214,2.1972245773362196,0
0114,2025,1.6094379124341003,6.037870919922137,4.04305126783455,1.0986122886681098,0
0114,2026,0.6931471805599453,5.43372200355424,4.602943157543083,5.641964491691401,0
0115,2021,5.043615071467231,5.424950017481403,2.726624999824446,2.9444389791664403,0
0115,2022,2.3324414335371966,6.124683390894205,4.842059977579839,3.4965075614664802,0
0115,2023,3.295836866004329,6.124683390894205,3.853313064081972,3.4965075614664802,0
0115,2024,3.7612001156935624,6.124683390894205,4.288427766548873,3.4965075614664802,0
0115,2025,3.912023005428146,6.037870919922137,3.739150441168534,2.302585092994046,0
0115,2026,2.8903717578961645,5.43372200355424,3.873659607010586,4.752035073213595,0
0201,2021,5.921042494887908,5.424950017481403,2.5649493574615367,5.298317366548036,0
0201,2022,2.6124759600149927,6.124683390894205,4.6913478822291435,6.186208623900494,0
0201,2023,4.499809670330265,6.124683390894205,3.6109179126442243,6.2324480165505225,0
0201,2024,5.1647859739235145,6.124683390894205,4.890349128221754,6.251903883165888,0
0201,2025,5.236441962829949,6.037870919922137,4.442651256490317,4.919980925828125,0
0201,2026,4.382026634673881,5.43372200355424,4.100478653499946,5.930028412536492,0
0202,2021,4.613731047368921,5.424950017481403,1.9459101490553132,1.0986122886681098,0
0202,2022,1.587474939232659,6.124683390894205,4.007333185232471,1.6094379124341003,0
0202,2023,2.4849066497880004,6.124683390894205,2.9444389791664403,1.9459101490553132,0
0202,2024,3.4965075614664802,6.124683390894205,4.204692619390966,2.1972245773362196,0
0202,2025,3.5263605246161616,6.037870919922137,3.7612001156935624,1.0986122886681098,0
0202,2026,2.302585092994046,5.43372200355424,4.226281162879937,3.8823132438975536,0
0203,2021,5.580559621109467,5.424950017481403,1.6094379124341003,2.995732273553991,0
0203,2022,2.154704979978564,6.124683390894205,3.6109179126442243,3.6888794541139363,0
0203,2023,2.8903717578961645,6.124683390894205,2.5649493574615367,3.8066624897703196,0
0203,2024,3.332204510175204,6.124683390894205,3.8066624897703196,3.8066624897703196,0
0203,2025,3.258096538021482,6.037870919922137,3.367295829986474,2.4849066497880004,0
0203,2026,2.6390573296152584,5.43372200355424,3.793130723441572,3.7856219318861752,0
0204,2021,2.31348273005086,5.424950017481403,2.7169173638662203,1.6094379124341003,0
0204,2022,1.9808974105738426,6.124683390894205,4.466058649290259,2.1972245773362196,0
0204,2023,2.772588722239781,6.124683390894205,5.154518208720529,2.1972245773362196,0
0204,2024,3.4657359027997265,6.124683390894205,4.50602171853145,2.1972245773362196,0
0204,2025,3.6109179126442243,6.037870919922137,3.3613986831051093,1.0986122886681098,0
0204,2026,2.3978952727983707,5.43372200355424,4.135840421861511,4.037982767770164,0
0205,2021,5.78794336504202,5.424950017481403,2.0794415416798357,3.044522437723423,0
0205,2022,2.2792109026477627,6.124683390894205,3.6109179126442243,3.871201010907891,0
0205,2023,3.6109179126442243,6.124683390894205,2.5649493574615367,3.8918202981106265,0
0205,2024,4.127134385045092,6.124683390894205,3.8066624897703196,4.04305126783455,0
0205,2025,4.127134385045092,6.037870919922137,3.367295829986474,2.833213344056216,0
0205,2026,3.2188758248682006,5.43372200355424,3.984911290744903,4.794864670894722,0
0206,2021,4.597722505834214,5.424950017481403,3.405000982829308,1.9459101490553132,0
0206,2022,2.4602765650668994,6.124683390894205,3.6871282156023986,2.5649493574615367,0
0206,2023,2.772588722239781,6.124683390894205,5.11250414974153,2.5649493574615367,0
0206,2024,3.4965075614664802,6.124683390894205,5.535110447420689,2.5649493574615367,0
0206,2025,3.4657359027997265,6.037870919922137,3.63923810726068,1.3862943611198906,0
0206,2026,2.9444389791664403,5.43372200355424,4.587901145561416,6.459851188253526,0
0207,2023,1.6094379124341003,6.124683390894205,4.272803528473327,4.141674303037272,0
0207,2024,1.9459101490553132,6.124683390894205,5.285833955992622,2.767478870292856,0
0207,2025,1.791759469228055,6.037870919922137,3.7603638011805587,1.352314553760811,0
0207,2026,1.3862943611198906,5.43372200355424,3.40221536267937,2.9583059020013858,0
0301,2021,5.641389308102039,5.424950017481403,3.8066624897703196,5.529429087511423,0
0301,2022,1.858384071793721,6.124683390894205,5.961005339623274,6.274762021241939,0
0301,2023,5.476463551931511,6.124683390894205,4.867534450455582,6.333279628139691,0
0301,2024,6.226536669287466,6.124683390894205,6.135564891081739,6.380122536899765,0
0301,2025,6.218600119691729,6.037870919922137,5.638354669333745,5.017279836814924,0
0301,2026,5.3230099791384085,5.43372200355424,3.7050976453431375,1.9887818934070087,0
0302,2021,4.821114791301476,5.424950017481403,3.4011973816621555,4.110873864173311,0
0302,2022,2.2792109026477627,6.124683390894205,5.497168225293202,4.795790545596741,0
0302,2023,3.6375861597263857,6.124683390894205,4.406719247264253,4.8283137373023015,0
0302,2024,4.07753744390572,6.124683390894205,5.472270673671475,4.875197323201151,0
0302,2025,4.248495242049359,6.037870919922137,4.997212273764115,3.5263605246161616,0
0302,2026,3.332204510175204,5.43372200355424,3.888994941207224,3.5548930670306427,0
0303,2021,5.641389308102039,5.424950017481403,3.8501476017100584,5.5254529391317835,0
0303,2022,2.5190274664541112,6.124683390894205,6.0063531596017325,6.206575926724928,0
0303,2023,4.189654742026425,6.124683390894205,4.912654885736052,6.2166061010848646,0
0303,2024,4.9344739331306915,6.124683390894205,6.186208623900494,6.2324480165505225,0
0303,2025,4.962844630259907,6.037870919922137,5.71042701737487,4.867534450455582,0
0303,2026,4.060443010546419,5.43372200355424,4.102737349192247,4.644257560746147,0
0304,2021,6.2768865188829714,5.424950017481403,3.6888794541139363,4.204692619390966,0
0304,2022,2.348585091416185,6.124683390894205,5.811140992976701,4.8283137373023015,0
0304,2023,4.430816798843313,6.124683390894205,4.718498871295094,4.812184355372417,0
0304,2024,4.9344739331306915,6.124683390894205,6.0112671744041615,4.795790545596741,0
0304,2025,4.976733742420574,6.037870919922137,5.488937726156687,3.4011973816621555,0
0304,2026,4.394449154672439,5.43372200355424,4.310119392434496,4.207580921743221,0
0305,2021,4.821114791301476,5.424950017481403,3.091042453358316,3.8066624897703196,0
0305,2022,2.412901816241677,6.124683390894205,5.247024072160486,4.477336814478207,0
0305,2023,2.9444389791664403,6.124683390894205,4.1588830833596715,4.442651256490317,0
0305,2024,3.4965075614664802,6.124683390894205,5.384495062789089,4.442651256490317,0
0305,2025,3.367295829986474,6.037870919922137,4.897839799950911,3.091042453358316,0
0305,2026,2.6390573296152584,5.43372200355424,3.793130723441572,3.7856219318861752,0
0306,2021,5.456751779428222,5.424950017481403,2.5649493574615367,2.3978952727983707,0
0306,2022,2.1635953324927306,6.124683390894205,4.6913478822291435,3.295836866004329,0
0306,2023,2.4849066497880004,6.124683390894205,3.6109179126442243,3.4339872044851463,0
0306,2024,2.70805020110221,6.124683390894205,4.74493212836325,3.5553480614894135,0
0306,2025,2.772588722239781,6.037870919922137,4.2626798770413155,2.3978952727983707,0
0306,2026,1.6094379124341003,5.43372200355424,3.9350100043284137,4.55568767588481,0
0307,2021,4.238393979423589,5.424950017481403,1.3862943611198906,1.0986122886681098,0
0307,2022,1.668567960854292,6.124683390894205,4.114094100644506,1.6094379124341003,0
0307,2023,1.791759469228055,6.124683390894205,4.779845689777447,1.6094379124341003,0
0307,2024,2.6390573296152584,6.124683390894205,3.9611894754281556,1.9459101490553132,0
0307,2025,2.70805020110221,6.037870919922137,3.058235501244347,1.0986122886681098,0
0307,2026,1.6094379124341003,5.43372200355424,3.9350100043284137,4.55568767588481,0
0401,2021,5.774944476265626,5.424950017481403,4.442651256490317,5.556828061699537,0
0401,2022,2.5233912759330392,6.124683390894205,6.2422232654551655,6.248042874508429,0
0401,2023,4.584967478670572,6.124683390894205,5.147494476813453,6.248042874508429,0
0401,2024,5.313205979041787,6.124683390894205,6.126869184114185,6.335054251498059,0
0401,2025,5.099866427824199,6.037870919922137,5.62040086571715,5.049856007249537,0
0401,2026,4.6443908991413725,5.43372200355424,4.631965006870731,4.348120436018695,0
0402,2021,2.300817303260605,6.115892125483034,3.8501476017100584,4.110873864173311,0
0402,2022,4.166948375719408,6.816735880594968,6.028278520230698,4.8283137373023015,1
0402,2023,3.4965075614664802,6.816735880594968,4.9344739331306915,4.804021044733257,0
0402,2024,3.8501476017100584,6.816735880594968,6.037870919922137,4.820281565605037,1
0402,2025,4.174387269895637,6.729824070489475,5.5053315359323625,3.4657359027997265,0
0402,2026,3.4339872044851463,6.124683390894205,5.115589574761254,3.5199087859348466,0
0403,2021,4.608940399164423,5.424950017481403,3.4657359027997265,2.1972245773362196,0
0403,2022,1.756218947040523,6.124683390894205,5.634789603169249,2.833213344056216,0
0403,2023,2.1972245773362196,6.124683390894205,4.543294782270004,2.833213344056216,0
0403,2024,3.4965075614664802,6.124683390894205,5.537334267018537,3.044522437723423,0
0403,2025,3.4657359027997265,6.037870919922137,5.087596335232384,1.791759469228055,0
0403,2026,2.70805020110221,5.43372200355424,4.053468995669941,3.7856219318861752,0
0404,2021,4.489923205687676,5.424950017481403,4.51085950651685,2.3978952727983707,0
0404,2022,1.99701350790571,6.124683390894205,6.698268054115413,3.1354942159291497,0
0404,2023,2.772588722239781,6.124683390894205,5.602118820879701,3.2188758248682006,0
0404,2024,3.4965075614664802,6.124683390894205,6.259581464064923,3.295836866004329,0
0404,2025,3.4657359027997265,6.037870919922137,5.58724865840025,2.0794415416798357,0
0404,2026,2.70805020110221,5.43372200355424,4.053468995669941,3.7856219318861752,0
0405,2021,6.2768865188829714,5.424950017481403,4.174387269895637,3.2188758248682006,0
0405,2022,2.016075543866575,6.124683390894205,6.342121418721152,3.9512437185814275,0
0405,2023,3.6888794541139363,6.124683390894205,5.247024072160486,4.02535169073515,0
0405,2024,4.23410650459726,6.124683390894205,6.0063531596017325,4.04305126783455,0
0405,2025,4.330733340286331,6.037870919922137,5.384495062789089,2.772588722239781,0
0405,2026,3.7612001156935624,5.43372200355424,3.6056591434759104,5.439630970244178,0
0406,2021,4.830304778112544,5.424950017481403,3.5553480614894135,2.5649493574615367,0
0406,2022,2.163595332492731,6.124683390894205,5.726847747587197,3.295836866004329,0
0406,2023,1.0986122886681098,6.124683390894205,4.634728988229636,3.367295829986474,0
0406,2024,1.9459101490553132,6.124683390894205,5.541263545158426,3.367295829986474,0
0406,2025,1.791759469228055,6.037870919922137,4.897839799950911,2.0794415416798357,0
0406,2026,1.3862943611198906,5.43372200355424,3.40221536267937,2.9583059020013858,0
0501,2021,3.9045613703840543,5.424950017481403,3.5263605246161616,6.694562058521095,0
0501,2022,1.894848383152512,6.124683390894205,5.634789603169249,7.398174092970465,0
0501,2023,5.655991810819852,6.124683390894205,4.543294782270004,7.401231264413015,0
0501,2024,6.20455776256869,6.124683390894205,5.472270673671475,7.416378479192928,0
0501,2025,6.398594934535208,6.037870919922137,4.844187086458591,6.073044534100405,0
0501,2026,5.771441123130016,5.43372200355424,4.273166714706024,5.779601369934964,0
0502,2021,5.3849238239140735,5.424950017481403,4.382026634673881,4.143134726391533,0
0502,2022,2.3682731059788353,6.124683390894205,6.568077911411976,4.844187086458591,0
0502,2023,3.713572066704308,6.124683390894205,5.472270673671475,4.859812404361672,0
0502,2024,4.1588830833596715,6.124683390894205,6.656726524178391,4.90527477843843,0
0502,2025,4.2626798770413155,6.037870919922137,5.973809611869261,3.7376696182833684,0
0502,2026,3.871201010907891,5.43372200355424,4.080478145456106,5.422456637454583,0
0503,2021,6.2768865188829714,5.424950017481403,4.110873864173311,1.3862943611198906,0
0503,2022,2.333215128892781,6.124683390894205,6.293419278846481,2.1972245773362196,0
0503,2023,2.4849066497880004,6.124683390894205,5.198497031265826,2.3978952727983707,0
0503,2024,2.6390573296152584,6.124683390894205,6.274762021241939,2.5649493574615367,0
0503,2025,2.8903717578961645,6.037870919922137,5.476463551931511,1.3862943611198906,0
0503,2026,2.4849066497880004,5.43372200355424,4.343144981392358,4.329387520370611,0
0504,2021,5.21913779072914,5.424950017481403,5.056245805348308,4.77912349311153,0
0504,2022,2.1547049799785642,6.124683390894205,7.247792581767846,5.4680601411351315,0
0504,2023,3.2188758248682006,6.124683390894205,6.150602768446279,5.4680601411351315,0
0504,2024,4.060443010546419,6.124683390894205,7.413970290190444,5.488937726156687,0
0504,2025,4.3694478524670215,6.037870919922137,6.532334292222349,4.382026634673881,0
0504,2026,3.4657359027997265,5.43372200355424,3.7488287451959876,3.799648153355066,0
0505,2021,4.040649013420687,5.424950017481403,3.295836866004329,4.718498871295094,0
0505,2022,2.447271867627009,6.124683390894205,5.459585514144159,5.41610040220442,0
0505,2023,4.5217885770490405,6.124683390894205,4.3694478524670215,5.4638318050256105,0
0505,2024,4.553876891600541,6.124683390894205,5.497168225293202,5.5134287461649825,0
0505,2025,5.087596335232384,6.037870919922137,4.948759890378168,4.330733340286331,0
0505,2026,4.30406509320417,5.43372200355424,4.433492094443078,5.797493293153654,0
0506,2021,4.821114791301476,5.424950017481403,1.9459101490553132,4.007333185232471,0
0506,2022,2.3682731059788353,6.124683390894205,4.007333185232471,4.709530201312334,0
0506,2023,3.2188758248682006,6.124683390894205,2.9444389791664403,4.727387818712341,0
0506,2024,3.6888794541139363,6.124683390894205,4.204692619390966,4.709530201312334,0
0506,2025,3.9512437185814275,6.037870919922137,3.7612001156935624,3.4339872044851463,0
0506,2026,3.1354942159291497,5.43372200355424,4.061615158916271,4.560627507219051,0
0507,2021,5.78794336504202,5.424950017481403,3.332204510175204,1.0986122886681098,0
0507,2022,1.587474939232659,6.124683390894205,5.497168225293202,1.6094379124341003,0
0507,2023,1.9459101490553132,6.124683390894205,4.406719247264253,1.6094379124341003,0
0507,2024,3.044522437723423,6.124683390894205,5.583496308781699,1.9459101490553132,0
0507,2025,3.1780538303479458,6.037870919922137,5.087596335232384,1.0986122886681098,0
0507,2026,2.4849066497880004,5.43372200355424,4.343144981392358,4.329387520370611,0
0601,2021,3.4605159557400795,5.424950017481403,4.948759890378168,7.084226422097916,0
0601,2022,2.1547049799785642,6.124683390894205,7.13966033596492,7.787382026484701,0
0601,2023,6.021023349349527,6.124683390894205,6.042632833682381,7.794411205726601,0
0601,2024,6.523562306149512,6.124683390894205,7.152268856032539,7.8252452914317745,0
0601,2025,6.606650186198215,6.037870919922137,6.251903883165888,6.484635235635252,0
0601,2026,5.455321115357702,5.43372200355424,3.874180923800637,4.000379985369256,0
0602,2021,3.2705639773090645,5.424950017481403,4.2626798770413155,1.6094379124341003,0
0602,2022,2.452112166162849,6.124683390894205,6.432940092739179,2.5649493574615367,0
0602,2023,3.2188758248682006,6.124683390894205,5.337538079701318,2.772588722239781,0
0602,2024,3.1780538303479458,6.124683390894205,6.597145701886651,2.833213344056216,0
0602,2025,3.5263605246161616,6.037870919922137,5.68697535633982,1.6094379124341003,0
0602,2026,2.0794415416798357,5.43372200355424,3.785832308151818,3.9759379340913883,0
0603,2021,5.78794336504202,5.424950017481403,4.59511985013459,2.70805020110221,0
0603,2022,2.049486360799208,6.124683390894205,6.78332520060396,3.367295829986474,0
0603,2023,3.091042453358316,6.124683390894205,5.68697535633982,3.367295829986474,0
0603,2024,2.5649493574615367,6.124683390894205,6.983789965258135,3.4339872044851463,0
0603,2025,3.2188758248682006,6.037870919922137,5.799092654460526,2.3978952727983707,0
0603,2026,1.791759469228055,5.43372200355424,4.0078706769445125,5.096969131735713,0
0604,2021,2.246642312433525,6.107320896699791,2.5649493574615367,1.6094379124341003,0
0604,2022,2.7044747269659064,6.107320896699791,4.6913478822291435,2.1972245773362196,0
0604,2023,2.4849066497880004,5.986491113426212,3.6109179126442243,2.1972245773362196,0
0604,2024,2.5649493574615367,5.43372200355424,4.248495242049359,2.1972245773362196,0
0604,2025,2.9444389791664403,4.6913478822291435,3.58351893845611,1.0986122886681098,1
0604,2026,2.6390573296152584,5.37989735354046,2.5837103508779222,2.559246298915469,0
0605,2021,4.613731047368921,5.424950017481403,2.3978952727983707,1.791759469228055,0
0605,2022,2.5194066134870914,6.124683390894205,4.51085950651685,2.5649493574615367,0
0605,2023,2.5649493574615367,6.124683390894205,3.4339872044851463,2.5649493574615367,0
0605,2024,2.3978952727983707,6.124683390894205,4.189654742026425,2.5649493574615367,0
0605,2025,2.8903717578961645,6.037870919922137,3.58351893845611,1.3862943611198906,0
0605,2026,1.791759469228055,5.43372200355424,4.0078706769445125,5.096969131735713,0
0606,2021,4.821114791301476,5.424950017481403,3.7376696182833684,1.9459101490553132,0
0606,2022,1.858384071793721,6.124683390894205,5.91350300563827,2.833213344056216,0
0606,2023,2.772588722239781,6.124683390894205,4.820281565605037,2.833213344056216,0
0606,2024,2.1972245773362196,6.124683390894205,6.113682179832232,3.2188758248682006,0
0606,2025,2.8903717578961645,6.037870919922137,5.19295685089021,2.0794415416798357,0
0606,2026,1.791759469228055,5.43372200355424,4.0078706769445125,5.096969131735713,0
0607,2021,4.532638025747288,5.424950017481403,4.1588830833596715,3.4965075614664802,0
0607,2022,2.016075543866575,6.124683390894205,6.342121418721152,3.8918202981106265,0
0607,2023,3.2188758248682006,6.124683390894205,5.247024072160486,4.174387269895637,0
0607,2024,3.4339872044851463,6.124683390894205,6.352629396319567,4.343805421853684,0
0607,2025,3.58351893845611,6.037870919922137,5.44673737166631,3.044522437723423,0
0607,2026,2.6390573296152584,5.43372200355424,3.793130723441572,3.7856219318861752,0
0608,2021,4.821114791301476,5.424950017481403,4.276666119016055,1.9459101490553132,0
0608,2022,2.009517579301977,6.124683390894205,6.461468176353717,2.5649493574615367,0
0608,2023,1.9459101490553132,6.124683390894205,5.365976015021851,2.5649493574615367,0
0608,2024,2.6390573296152584,6.124683390894205,6.490723534502507,2.5649493574615367,0
0608,2025,2.70805020110221,6.037870919922137,5.351858133476067,1.6094379124341003,0
0608,2026,1.9459101490553132,5.43372200355424,3.8282489256545973,2.860080559940752,0
0609,2021,5.78794336504202,5.424950017481403,3.9512437185814275,1.9459101490553132,0
0609,2022,2.009517579301977,6.124683390894205,6.131226489483141,2.5649493574615367,0
0609,2023,1.3862943611198906,6.124683390894205,5.0369526024136295,2.5649493574615367,0
0609,2024,2.0794415416798357,6.124683390894205,6.222576268071369,2.70805020110221,0
0609,2025,1.6094379124341003,6.037870919922137,5.043425116919247,1.791759469228055,0
0610,2021,5.456751779428222,5.424950017481403,3.6635616461296463,2.3978952727983707,0
0610,2022,1.858384071793721,6.124683390894205,5.8377304471659395,3.044522437723423,0
0610,2023,1.791759469228055,6.124683390894205,4.74493212836325,3.044522437723423,0
0610,2024,2.995732273553991,6.124683390894205,5.814130531825066,3.1354942159291497,0
0610,2025,3.044522437723423,6.037870919922137,5.209486152841421,2.0794415416798357,0
0610,2026,1.9459101490553132,5.43372200355424,3.8282489256545973,2.860080559940752,0
0701,2021,5.284743456643161,5.424950017481403,4.04305126783455,6.253828811575473,0
0701,2022,1.894848383152512,6.124683390894205,6.22455842927536,6.945051063725834,0
0701,2023,5.799092654460526,6.124683390894205,5.0106352940962555,6.964135612418245,0
0701,2024,6.26530121273771,6.124683390894205,6.0112671744041615,6.984716320118266,0
0701,2025,6.51025834052315,6.037870919922137,5.560681631015528,5.605802066295998,0
0701,2026,5.459585514144159,5.43372200355424,3.775876651088589,5.000487762484103,0
0702,2021,4.137074011376304,5.424950017481403,2.4849066497880004,2.8903717578961645,0
0702,2022,2.033477819264501,6.124683390894205,4.605170185988092,3.6109179126442243,0
0702,2023,2.4849066497880004,6.124683390894205,3.2188758248682006,3.6109179126442243,0
0702,2024,3.367295829986474,6.124683390894205,4.48863636973214,3.6109179126442243,0
0702,2025,3.8066624897703196,6.037870919922137,4.04305126783455,2.3978952727983707,0
0702,2026,2.833213344056216,5.43372200355424,3.995245260631843,5.783729942116803,0
0703,2021,5.287292207350782,5.424950017481403,0.6931471805599453,2.1972245773362196,0
0703,2022,1.9394770934153538,6.124683390894205,2.302585092994046,2.833213344056216,0
0703,2023,1.0986122886681098,6.124683390894205,3.6403859064352027,2.833213344056216,0
0703,2024,1.0986122886681098,6.124683390894205,4.89351597461334,2.8903717578961645,0
0703,2025,2.302585092994046,6.037870919922137,3.6178585043600933,1.791759469228055,0
0704,2021,5.706850343420387,5.424950017481403,2.0794415416798357,1.0986122886681098,0
0704,2022,1.587474939232659,6.124683390894205,4.1588830833596715,1.6094379124341003,0
0704,2023,1.9459101490553132,6.124683390894205,3.091042453358316,1.6094379124341003,0
0704,2024,2.772588722239781,6.124683390894205,4.356708826689592,1.6094379124341003,0
0704,2025,2.70805020110221,6.037870919922137,3.912023005428146,0.6931471805599453,0
0704,2026,1.791759469228055,5.43372200355424,4.0078706769445125,5.096969131735713,0
0705,2021,5.78794336504202,5.424950017481403,2.1972245773362196,1.0986122886681098,0
0705,2022,1.9093625217194792,6.124683390894205,4.290459441148391,1.6094379124341003,0
0705,2023,1.9458268330782702,6.124683390894205,3.091042453358316,1.6094379124341003,0
0705,2024,0.6931471805599453,6.124683390894205,4.356708826689592,1.6094379124341003,0
0705,2025,0.6931471805599453,6.037870919922137,3.912023005428146,0.6931471805599453,1
0705,2026,0.6931471805599453,5.43372200355424,4.602943157543083,5.641964491691401,0
0706,2021,4.821114791301476,5.424950017481403,2.995732273553991,2.833213344056216,0
0706,2022,2.26110644474945,6.124683390894205,5.147494476813453,3.4965075614664802,0
0706,2023,3.1354942159291497,6.124683390894205,3.7612001156935624,3.58351893845611,0
0706,2024,3.828641396489095,6.124683390894205,5.043425116919247,3.713572066704308,0
0706,2025,4.23410650459726,6.037870919922137,4.59511985013459,2.4849066497880004,0
0706,2026,2.70805020110221,5.43372200355424,4.053468995669941,3.7856219318861752,0
0707,2021,2.9738020822639832,6.113894258315862,1.9459101490553132,3.4965075614664802,0
0707,2022,3.7048707641371217,6.124683390894205,4.007333185232471,4.174387269895637,0
0707,2023,3.784189633918261,5.699317425911883,2.9444389791664403,4.204692619390966,0
0707,2024,3.828641396489095,5.5719142810222335,4.204692619390966,4.23410650459726,0
0707,2025,4.382026634673881,5.430213209125105,3.7612001156935624,2.8903717578961645,0
0708,2021,5.954788520805991,5.424950017481403,1.0986122886681098,1.6921245679855688,1
0708,2022,2.7294676059789156,6.124683390894205,2.9444389791664403,2.4687316616965473,0
0708,2023,1.95962540737566,6.124683390894205,1.9459101490553132,2.223976575372124,0
0708,2024,2.0794415416798357,6.124683390894205,3.1354942159291497,3.1676029234558714,0
0708,2025,2.1972245773362196,6.037870919922137,2.70805020110221,2.4696706305573892,0
0708,2026,0.6931471805599453,5.43372200355424,4.602943157543083,5.641964491691401,0
0709,2021,4.137074011376304,5.424950017481403,2.995732273553991,4.204692619390966,0
0709,2022,2.033477819264501,6.124683390894205,5.147494476813453,4.890349128221754,0
0709,2023,3.9889840465642745,6.124683390894205,3.6888794541139363,4.867534450455582,0
0709,2024,4.6913478822291435,6.124683390894205,4.969813299576001,4.812184355372417,0
0709,2025,4.976733742420574,6.037870919922137,4.5217885770490405,3.4339872044851463,0
0709,2026,3.6888794541139363,5.43372200355424,4.58044605046698,6.258870046158826,0
0710,2021,4.821114791301476,5.41610040220442,2.0794415416798357,3.295836866004329,0
0710,2022,1.745166411305513,6.124683390894205,4.1588830833596715,3.970291913552122,0
0710,2023,3.4011973816621555,6.124683390894205,2.772588722239781,3.970291913552122,0
0710,2024,4.219507705176107,6.124683390894205,4.02535169073515,4.290459441148391,0
0710,2025,4.290459441148391,6.023447592961033,3.58351893845611,3.044522437723423,0
0710,2026,3.4339872044851463,5.43372200355424,4.198428769703716,2.9228129006225094,0
0711,2021,4.040649013420687,5.424950017481403,5.272999558563747,1.9459101490553132,0
0711,2022,2.028579615262842,6.124683390894205,7.465655310134056,2.5649493574615367,0
0711,2023,2.302585092994046,6.124683390894205,6.368187186350492,2.995732273553991,0
0711,2024,2.833213344056216,6.124683390894205,6.90975328164481,2.833213344056216,0
0711,2025,3.091042453358316,6.037870919922137,6.45833828334479,1.6094379124341003,0
0711,2026,1.3862943611198906,5.43372200355424,3.40221536267937,2.9583059020013858,0
0712,2021,4.137074011376304,5.424950017481403,4.007333185232471,3.5553480614894135,0
0712,2022,2.1547049799785642,6.124683390894205,6.18826412308259,4.276666119016055,0
0712,2023,4.07753744390572,6.124683390894205,4.6913478822291435,4.3694478524670215,0
0712,2024,4.127134385045092,6.124683390894205,5.983936280687191,4.418840607796598,0
0712,2025,4.672828834461906,6.037870919922137,5.53338948872752,3.1354942159291497,0
0712,2026,3.4657359027997265,5.43372200355424,3.7488287451959876,3.799648153355066,0
0713,2021,6.025497069964699,5.424950017481403,6.054439346269371,3.2188758248682006,1
0713,2022,2.016075543866575,6.124683390894205,8.249575150000199,3.970291913552122,1
0713,2023,2.772588722239781,6.124683390894205,7.151485463904735,4.007333185232471,0
0713,2024,3.5553480614894135,6.124683390894205,7.613818684808629,4.30406509320417,0
0713,2025,3.784189633918261,6.037870919922137,7.02197642307216,3.091042453358316,0
0713,2026,2.5649493574615367,5.43372200355424,4.209403501831649,4.597068041893881,0
0714,2021,5.78794336504202,5.424950017481403,2.1972245773362196,1.0986122886681098,0
0714,2022,1.9093625217194792,6.124683390894205,4.290459441148391,1.6094379124341003,0
0714,2023,0.6931471805599453,6.124683390894205,2.772588722239781,1.6094379124341003,0
0714,2024,1.791759469228055,6.124683390894205,4.02535169073515,1.6094379124341003,0
0714,2025,2.0794415416798357,6.037870919922137,3.58351893845611,0.6931471805599453,0
0714,2026,1.0986122886681098,5.43372200355424,4.337995863918993,4.390741497621436,0
0801,2021,3.4605159557400795,5.424950017481403,4.9344739331306915,6.333279628139691,0
0801,2022,2.1547049799785642,6.124683390894205,7.1252830915107115,7.01571242048723,0
0801,2023,4.976733742420574,6.124683390894205,6.028278520230698,7.030857476116121,0
0801,2024,5.308267697401205,6.124683390894205,6.505784060128229,7.037027614686276,0
0801,2025,5.25227342804663,6.037870919922137,5.918893854273146,5.666426688112432,0
0801,2026,3.8066624897703196,5.43372200355424,3.3769457720610605,2.959639491895622,0
0802,2021,3.676556992777494,5.424950017481403,4.248495242049359,2.5649493574615367,0
0802,2022,1.99701350790571,6.124683390894205,6.418364935936212,3.2188758248682006,0
0802,2023,2.3978952727983707,6.124683390894205,5.093750200806762,3.2188758248682006,0
0802,2024,3.295836866004329,6.124683390894205,6.38856140554563,3.258096538021482,0
0802,2025,3.6109179126442243,6.037870919922137,5.937536205082426,2.0794415416798357,0
0802,2026,0.6931471805599453,5.43372200355424,4.602943157543083,5.641964491691401,0
0803,2021,4.489923205687676,5.424950017481403,4.2626798770413155,2.3978952727983707,0
0803,2022,2.154704979978564,6.124683390894205,5.420534999272286,3.044522437723423,0
0803,2023,2.302585092994046,6.124683390894205,4.060443010546419,3.044522437723423,0
0803,2024,3.044522437723423,6.124683390894205,5.3471075307174685,3.2188758248682006,0
0803,2025,3.258096538021482,6.037870919922137,4.897839799950911,1.9459101490553132,0
0803,2026,0.6931471805599453,5.43372200355424,4.602943157543083,5.641964491691401,0
0804,2021,4.937289199854364,5.424950017481403,4.1588830833596715,3.970291913552122,0
0804,2022,2.4837361789858,6.124683390894205,5.247024072160486,4.68213122712422,0
0804,2023,4.007333185232471,6.124683390894205,3.8918202981106265,4.653960350157523,0
0804,2024,4.736198448394496,6.124683390894205,5.176149732573829,4.653960350157523,0
0804,2025,4.564348191467836,6.037870919922137,4.727387818712341,3.295836866004329,0
0804,2026,3.4965075614664802,5.43372200355424,4.159839269453603,4.78959726317994,0
0805,2021,3.2705639773090645,5.424950017481403,4.897839799950911,1.6094379124341003,0
0805,2022,2.0285796152628417,6.124683390894205,6.852242569051878,2.5649493574615367,0
0805,2023,3.367295829986474,6.124683390894205,5.556828061699537,2.5649493574615367,0
0805,2024,3.4011973816621555,6.124683390894205,6.853299093186078,2.772588722239781,0
0805,2025,3.6888794541139363,6.037870919922137,6.401917196727186,1.6094379124341003,0
0805,2026,2.302585092994046,5.43372200355424,4.226281162879937,3.8823132438975536,0
0806,2021,4.821114791301476,5.424950017481403,4.060443010546419,2.302585092994046,0
0806,2022,2.1145708408861337,6.124683390894205,4.875197323201151,3.044522437723423,0
0806,2023,3.295836866004329,6.124683390894205,3.332204510175204,3.044522437723423,0
0806,2024,3.4965075614664802,6.124683390894205,4.605170185988092,2.995732273553991,0
0806,2025,3.6109179126442243,6.037870919922137,4.1588830833596715,2.0794415416798357,0
0806,2026,2.70805020110221,5.43372200355424,4.053468995669941,3.7856219318861752,0
0807,2021,5.499466599487834,5.424950017481403,2.992502586156095,3.6109179126442243,0
0807,2022,2.4395597018155857,6.124683390894205,4.621135705049644,4.23410650459726,0
0807,2023,2.8903717578961645,6.124683390894205,5.332735704104013,4.23410650459726,0
0807,2024,3.091042453358316,6.124683390894205,4.191902912619714,4.290459441148391,0
0807,2025,2.772588722239781,6.037870919922137,3.6626436574860954,2.9444389791664403,0
0807,2026,2.6390573296152584,5.43372200355424,3.793130723441572,3.7856219318861752,0
0901,2021,3.4605159557400795,5.424950017481403,3.1780538303479458,8.536799721055155,1
0901,2022,2.3619233663159194,6.124683390894205,5.247024072160486,9.261698664251325,1
0901,2023,7.335633981927201,6.124683390894205,4.1588830833596715,9.299815378403785,1
0901,2024,8.030409562130485,6.124683390894205,5.472270673671475,9.348187438668308,1
0901,2025,7.942717540573791,6.037870919922137,5.043425116919247,8.019283792916793,1
0901,2026,7.145196134997171,5.43372200355424,4.254983761123668,3.3829853885590295,1
0902,2021,5.4834580579531265,5.424950017481403,0.6931471805599453,2.876166009763275,0
0902,2022,2.3861955377167727,6.124683390894205,2.302585092994046,2.8623427181699257,0
0902,2023,1.6094379124341003,6.124683390894205,1.3862943611198906,2.7060517726168407,0
0902,2024,2.70805020110221,6.124683390894205,2.4849066497880004,3.2851602564362956,0
0902,2025,2.302585092994046,6.037870919922137,2.0794415416798357,2.0853471392601355,0
0902,2026,2.0794415416798357,5.43372200355424,3.785832308151818,3.9759379340913883,0
0903,2021,5.227271288860714,5.424950017481403,2.4561061112896367,1.0986122886681098,0
0903,2022,1.668567960854292,6.124683390894205,4.114094100644506,1.6094379124341003,0
0903,2023,1.791759469228055,6.124683390894205,4.779845689777447,1.6094379124341003,0
0903,2024,2.302585092994046,6.124683390894205,3.4302561692094984,1.6094379124341003,0
0903,2025,1.791759469228055,6.037870919922137,4.351546113608147,0.6931471805599453,0
0903,2026,1.6094379124341003,5.43372200355424,3.9350100043284137,4.55568767588481,0
0904,2021,4.532638025747288,5.424950017481403,1.6094379124341003,2.833213344056216,0
0904,2022,2.26110644474945,6.124683390894205,3.6109179126442243,3.4965075614664802,0
0904,2023,2.6390573296152584,6.124683390894205,2.5649493574615367,3.4011973816621555,0
0904,2024,3.1780538303479458,6.124683390894205,3.8066624897703196,3.6109179126442243,0
0904,2025,3.1354942159291497,6.037870919922137,3.367295829986474,2.302585092994046,0
0904,2026,2.0794415416798357,5.43372200355424,3.785832308151818,3.9759379340913883,0
0905,2021,3.419187188293764,5.424950017481403,1.3862943611198906,2.543734339169061,0
0905,2022,2.423732237703841,6.124683390894205,3.332204510175204,2.750641906353379,0
0905,2023,1.9459101490553132,6.124683390894205,2.302585092994046,2.4961718859992446,0
0905,2024,2.3978952727983707,6.124683390894205,3.5263605246161616,2.191472789472569,0
0905,2025,2.5649493574615367,6.037870919922137,3.091042453358316,2.658587237432747,0
0905,2026,1.9459101490553132,5.43372200355424,3.8282489256545973,2.860080559940752,0
0906,2021,5.921042494887908,5.424950017481403,1.791759469228055,5.393627546352362,0
0906,2022,1.858384071793721,6.124683390894205,3.828641396489095,6.161207321695077,0
0906,2023,4.394449154672439,6.124683390894205,2.772588722239781,6.280395838960195,0
0906,2024,4.962844630259907,6.124683390894205,4.02535169073515,6.395261598115449,0
0906,2025,5.030437921392435,6.037870919922137,3.58351893845611,5.117993812416755,0
0906,2026,4.454347296253507,5.43372200355424,4.321068495786119,5.9262416278776335,0
0907,2021,5.7924148221342335,5.424950017481403,1.6094379124341003,5.6131281063880705,1
0907,2022,2.154704979978564,6.124683390894205,2.9444389791664403,6.3561076606958915,0
0907,2023,4.189654742026425,6.124683390894205,1.9459101490553132,6.403574197934815,0
0907,2024,4.882801922586371,6.124683390894205,3.1354942159291497,6.466144724237619,0
0907,2025,4.762173934797756,6.037870919922137,2.70805020110221,5.159055299214529,0
0907,2026,3.6888794541139363,5.43372200355424,4.58044605046698,6.258870046158826,0
0908,2021,5.95478852080599,5.424950017481403,3.1449305965654744,3.4339872044851463,0
0908,2022,2.5298437641212055,6.124683390894205,6.212565588063911,4.110873864173311,0
0908,2023,3.1780538303479458,6.124683390894205,4.785317500443503,4.110873864173311,0
0908,2024,4.07753744390572,6.124683390894205,4.3633878228171765,4.110873864173311,0
0908,2025,3.784189633918261,6.037870919922137,3.8293990513429663,2.833213344056216,0
0908,2026,3.4657359027997265,5.43372200355424,3.7488287451959876,3.799648153355066,0
0909,2021,5.654831520233797,5.424950017481403,0.6931471805599453,2.3978952727983707,1
0909,2022,1.9256785191179635,6.124683390894205,2.302585092994046,3.044522437723423,0
0909,2023,3.1780538303479458,6.124683390894205,1.3862943611198906,3.2188758248682006,0
0909,2024,3.6109179126442243,6.124683390894205,2.4849066497880004,3.2188758248682006,0
0909,2025,3.4965075614664802,6.037870919922137,2.0794415416798357,2.0794415416798357,0
0909,2026,2.995732273553991,5.43372200355424,3.594175932404828,5.006493071763179,0
0910,2021,5.78794336504202,5.424950017481403,1.6094379124341003,4.477336814478207,0
0910,2022,1.99701350790571,6.124683390894205,3.6109179126442243,5.187385805840755,0
0910,2023,4.927253685157205,6.124683390894205,2.5649493574615367,5.3471075307174685,0
0910,2024,5.303304908059076,6.124683390894205,3.8066624897703196,5.3706380281276624,0
0910,2025,5.342334251964811,6.037870919922137,3.367295829986474,4.0943445622221,0
0910,2026,4.61512051684126,5.43372200355424,4.22951309450415,3.974698548137776,0
0911,2021,5.892748333608564,5.424950017481403,1.0986122886681098,3.1780538303479458,0
0911,2022,1.952384797642868,6.124683390894205,2.9444389791664403,3.8918202981106265,0
0911,2023,3.6375861597263857,6.124683390894205,1.9459101490553132,3.8918202981106265,0
0911,2024,3.9318256327243257,6.124683390894205,3.1354942159291497,3.8918202981106265,0
0911,2025,3.9318256327243257,6.037870919922137,2.70805020110221,2.5649493574615367,0
0911,2026,2.302585092994046,5.43372200355424,4.226281162879937,3.8823132438975536,0
0912,2021,4.489923205687676,5.424950017481403,1.0986122886681098,2.3978952727983707,0
0912,2022,1.756218947040523,6.124683390894205,2.9444389791664403,2.8903717578961645,0
0912,2023,3.091042453358316,6.124683390894205,1.9459101490553132,2.833213344056216,0
0912,2024,3.295836866004329,6.124683390894205,3.1354942159291497,2.833213344056216,0
0912,2025,3.2188758248682006,6.037870919922137,2.70805020110221,1.6094379124341003,0
0912,2026,2.4849066497880004,5.43372200355424,4.343144981392358,4.329387520370611,0
0913,2023,2.1972245773362196,5.844790041529085,3.4131100220169683,2.1972245773362196,0
0913,2024,2.3978952727983707,6.124683390894205,4.7833521587581584,2.5649493574615367,0
0913,2025,2.302585092994046,5.843020118473688,4.3006050963214975,1.6094379124341003,0
0914,2021,4.971660201731626,5.424950017481403,0.6931471805599453,2.5649493574615367,0
0914,2022,1.9256785191179635,6.124683390894205,2.302585092994046,3.044522437723423,0
0914,2023,3.044522437723423,6.124683390894205,1.3862943611198906,3.044522437723423,0
0914,2024,3.4339872044851463,6.124683390894205,2.4849066497880004,3.044522437723423,0
0914,2025,3.713572066704308,6.037870919922137,2.0794415416798357,1.791759469228055,0
0914,2026,2.4849066497880004,5.43372200355424,4.343144981392358,4.329387520370611,0
0916,2021,6.2768865188829714,5.424950017481403,0.6931471805599453,5.159055299214529,1
0916,2022,1.9256785191179637,6.124683390894205,2.302585092994046,5.918893854273146,1
0916,2023,4.499809670330265,6.124683390894205,1.3862943611198906,6.018593214496234,1
0916,2024,5.313205979041787,6.124683390894205,2.4849066497880004,6.148468295917647,0
0916,2025,5.3706380281276624,6.037870919922137,2.0794415416798357,4.882801922586371,0
0916,2026,4.553876891600541,5.43372200355424,4.49439098217891,4.1311879101868145,0
0918,2021,5.580559621109467,5.424950017481403,0.6931471805599453,2.833213344056216,0
0918,2022,1.5607686607077544,6.124683390894205,2.302585092994046,3.4965075614664802,0
0918,2023,2.70805020110221,6.124683390894205,1.3862943611198906,3.4965075614664802,0
0918,2024,2.9444389791664403,6.124683390894205,2.4849066497880004,3.4965075614664802,0
0918,2025,3.1354942159291497,6.037870919922137,2.0794415416798357,2.1972245773362196,0
0918,2026,1.791759469228055,5.43372200355424,4.0078706769445125,5.096969131735713,0
0919,2021,4.092006163176082,5.37989735354046,1.0986122886681098,2.396742007839807,0
0919,2022,3.421578514790461,6.07073772800249,2.9444389791664403,2.5195364414695796,0
0919,2023,2.9444389791664403,6.07073772800249,1.9459101490553132,2.9327113419480404,0
0919,2024,3.4339872044851463,6.07073772800249,3.1354942159291497,2.1826537254995246,0
0919,2025,3.367295829986474,6.003887067106539,2.70805020110221,2.5622612448072024,0
0919,2026,2.5649493574615367,5.43372200355424,4.209403501831649,4.597068041893881,0
0920,2021,5.78794336504202,5.424950017481403,0.6931471805599453,2.70805020110221,0
0920,2022,1.9256785191179637,6.124683390894205,2.302585092994046,3.367295829986474,0
0920,2023,3.091042453358316,6.124683390894205,1.3862943611198906,3.367295829986474,0
0920,2024,3.5553480614894135,6.124683390894205,2.4849066497880004,3.367295829986474,0
0920,2025,3.2188758248682006,6.037870919922137,2.0794415416798357,2.0794415416798357,0
0920,2026,3.044522437723423,5.43372200355424,4.409058752621986,5.984884569427688,0
0921,2021,5.78794336504202,5.424950017481403,1.3862943611198906,3.6635616461296463,0
0921,2022,2.016075543866575,6.124683390894205,3.332204510175204,4.382026634673881,0
0921,2023,3.4011973816621555,6.124683390894205,2.302585092994046,4.394449154672439,0
0921,2024,3.5263605246161616,6.124683390894205,3.5263605246161616,4.430816798843313,0
0921,2025,3.5263605246161616,6.037870919922137,3.091042453358316,3.091042453358316,0
0921,2026,2.5649493574615367,5.43372200355424,4.209403501831649,4.597068041893881,0
0922,2021,2.31348273005086,5.424950017481403,2.7169173638662203,1.6094379124341003,0
0922,2022,1.9808974105738426,6.124683390894205,4.466058649290259,2.1972245773362196,0
0922,2023,1.6094379124341003,6.124683390894205,5.04573965675983,2.3978952727983707,0
0922,2024,2.302585092994046,6.124683390894205,4.95653622391227,2.5649493574615367,0
0922,2025,2.3978952727983707,6.037870919922137,3.5174582031089896,1.3862943611198906,0
0922,2026,2.0794415416798357,5.43372200355424,3.785832308151818,3.9759379340913883,0
0923,2023,2.0794415416798357,5.5719142810222335,4.701899604483802,3.970291913552122,0
0923,2024,2.3978952727983707,5.6927440642958125,4.692199534264436,3.970291913552122,0
0923,2025,2.1972245773362196,5.55455178682782,3.178474755725862,2.6390573296152584,0
0924,2021,5.432177220330436,5.424950017481403,1.3862943611198906,1.9459101490553132,0
0924,2022,2.452112166162849,6.124683390894205,3.332204510175204,2.5649493574615367,0
0924,2023,2.1972245773362196,6.124683390894205,2.302585092994046,2.5649493574615367,0
0924,2024,2.6390573296152584,6.124683390894205,3.5263605246161616,2.5649493574615367,0
0924,2025,2.4849066497880004,6.037870919922137,3.091042453358316,1.3862943611198906,0
0924,2026,1.9459101490553132,5.43372200355424,3.8282489256545973,2.860080559940752,0
0925,2021,5.78794336504202,5.424950017481403,0.6931471805599453,2.70805020110221,0
0925,2022,1.9256785191179637,6.124683390894205,2.302585092994046,3.091042453358316,0
0925,2023,2.3978952727983707,6.124683390894205,1.3862943611198906,3.4339872044851463,0
0925,2024,2.9444389791664403,6.124683390894205,2.4849066497880004,3.6109179126442243,0
0925,2025,2.772588722239781,6.037870919922137,2.0794415416798357,2.302585092994046,0
0925,2026,2.3978952727983707,5.43372200355424,4.135840421861511,4.037982767770164,0
0927,2023,2.3978952727983707,5.967374222017232,3.8286018981121375,1.6094379124341003,0
0927,2024,2.995732273553991,5.844790041529085,3.8595528353966535,1.6094379124341003,0
0927,2025,3.1354942159291497,2.1972245773362196,2.6506783279621464,0.6931471805599453,1
0927,2026,2.1972245773362196,2.5649493574615367,3.4016117668925347,1.9483113370779814,1
0928,2021,4.238393979423589,5.424950017481403,1.3862943611198906,1.0986122886681098,0
0928,2022,2.1356429440176994,6.124683390894205,3.332204510175204,1.6094379124341003,0
0928,2023,1.791759469228055,6.124683390894205,2.302585092994046,2.0794415416798357,0
0928,2024,2.0794415416798357,6.124683390894205,3.5263605246161616,1.9459101490553132,0
0928,2025,2.0794415416798357,6.037870919922137,3.091042453358316,0.6931471805599453,0
0928,2026,1.6094379124341003,5.43372200355424,3.9350100043284137,4.55568767588481,0
1001,2021,3.4605159557400795,5.424950017481403,4.143134726391533,6.8308742346461795,0
1001,2022,1.894848383152512,6.124683390894205,6.326149473155099,7.551186867296149,0
1001,2023,5.616771097666572,6.124683390894205,5.231108616854587,7.586803535162581,0
1001,2024,6.20455776256869,6.124683390894205,6.35088571671474,7.704361167910313,0
1001,2025,6.297109319933935,6.037870919922137,5.902633333401366,6.444131256700441,0
1001,2026,5.66988092298052,5.43372200355424,4.392591366222253,4.4342760210488965,0
1002,2021,3.9068390876245096,5.424950017481403,2.302585092994046,4.9344739331306915,0
1002,2022,2.1881157969111973,6.124683390894205,4.406719247264253,5.645446897643238,0
1002,2023,3.6888794541139363,6.124683390894205,3.2188758248682006,5.69035945432406,0
1002,2024,4.23410650459726,6.124683390894205,4.356708826689592,5.883322388488279,0
1002,2025,4.418840607796598,6.037870919922137,3.912023005428146,4.663439094112067,0
1002,2026,3.7612001156935624,5.43372200355424,3.6056591434759104,5.439630970244178,0
1003,2021,6.025497069964699,5.424950017481403,4.394449154672439,5.0369526024136295,0
1003,2022,2.3651234345852075,6.124683390894205,6.580639137284949,5.75890177387728,0
1003,2023,3.2188758248682006,6.124683390894205,5.472270673671475,5.786897381366708,0
1003,2024,4.204692619390966,6.124683390894205,6.716594773520978,5.872117789475416,0
1003,2025,4.174387269895637,6.037870919922137,6.26530121273771,4.605170185988092,0
1003,2026,2.9444389791664403,5.43372200355424,4.587901145561416,6.459851188253526,0
1004,2021,5.641389308102039,5.424950017481403,3.4011973816621555,5.66988092298052,0
1004,2022,1.894848383152512,6.124683390894205,5.5254529391317835,6.385194398997726,0
1004,2023,4.30406509320417,6.124683390894205,4.356708826689592,6.444131256700441,0
1004,2024,5.1298987149230735,6.124683390894205,5.44673737166631,6.6039438246004725,0
1004,2025,5.19295685089021,6.037870919922137,4.997212273764115,5.375278407684165,0
1004,2026,4.574710978503383,5.43372200355424,4.321068495786119,6.7587711360006555,0
1005,2021,4.821114791301476,5.424950017481403,1.6094379124341003,3.7612001156935624,0
1005,2022,2.154704979978564,6.124683390894205,3.6109179126442243,4.290459441148391,0
1005,2023,2.302585092994046,6.124683390894205,2.3978952727983707,4.290459441148391,0
1005,2024,2.995732273553991,6.124683390894205,3.5263605246161616,4.30406509320417,0
1005,2025,2.9444389791664403,6.037870919922137,3.091042453358316,2.9444389791664403,0
1005,2026,2.302585092994046,5.43372200355424,4.226281162879937,3.8823132438975536,0
1006,2021,4.821114791301476,5.424950017481403,3.6375861597263857,3.367295829986474,0
1006,2022,2.348585091416185,6.124683390894205,5.811140992976701,4.04305126783455,0
1006,2023,2.0794415416798357,6.124683390894205,4.718498871295094,4.04305126783455,0
1006,2024,3.2188758248682006,6.124683390894205,5.955837369464831,4.04305126783455,0
1006,2025,2.995732273553991,6.037870919922137,5.5053315359323625,2.70805020110221,0
1006,2026,1.6094379124341003,5.43372200355424,3.9350100043284137,4.55568767588481,0
1101,2021,2.0253262207700677,5.424950017481403,4.584967478670572,6.907755278982137,0
1101,2022,2.882461303404796,6.124683390894205,6.773080375655535,7.614312146452,0
1101,2023,6.035481432524756,6.124683390894205,5.420534999272286,7.652545692693921,0
1101,2024,6.729824070489475,6.124683390894205,6.716594773520978,7.711996507047669,0
1101,2025,6.705639094860003,6.037870919922137,6.26530121273771,6.415096959171596,0
1101,2026,6.171700597410915,5.43372200355424,5.331477535475301,6.6260817462744175,1
1102,2021,4.532638025747288,5.424950017481403,2.302585092994046,3.367295829986474,0
1102,2022,2.016075543866575,6.124683390894205,4.394449154672439,3.912023005428146,0
1102,2023,3.044522437723423,6.124683390894205,3.2188758248682006,3.9318256327243257,0
1102,2024,3.9889840465642745,6.124683390894205,4.48863636973214,4.07753744390572,0
1102,2025,3.7612001156935624,6.037870919922137,4.04305126783455,2.772588722239781,0
1102,2026,3.332204510175204,5.43372200355424,3.888994941207224,3.5548930670306427,0
1103,2021,4.821114791301476,5.424950017481403,1.3862943611198906,2.9444389791664403,0
1103,2022,2.016075543866575,6.124683390894205,3.332204510175204,3.6375861597263857,0
1103,2023,3.367295829986474,6.124683390894205,2.302585092994046,3.713572066704308,0
1103,2024,3.713572066704308,6.124683390894205,3.5263605246161616,3.828641396489095,0
1103,2025,4.007333185232471,6.037870919922137,3.091042453358316,2.5649493574615367,0
1103,2026,2.995732273553991,5.43372200355424,3.594175932404828,5.006493071763179,0
1104,2021,3.2705639773090645,5.424950017481403,1.791759469228055,1.6094379124341003,0
1104,2022,2.333215128892781,6.124683390894205,3.8066624897703196,2.1972245773362196,0
1104,2023,2.5649493574615367,6.124683390894205,2.5649493574615367,2.1972245773362196,0
1104,2024,3.091042453358316,6.124683390894205,3.8066624897703196,2.1972245773362196,0
1104,2025,3.044522437723423,6.037870919922137,3.367295829986474,1.0986122886681098,0
1104,2026,1.0986122886681098,5.43372200355424,4.337995863918993,4.390741497621436,0
1105,2021,4.597722505834214,5.424950017481403,1.9459101490553132,2.3168910232218303,0
1105,2022,2.9314396852030504,6.124683390894205,3.8066624897703196,3.800133608991363,0
1105,2023,1.9459101490553132,6.124683390894205,2.5649493574615367,2.4470048934959885,0
1105,2024,2.0794415416798357,6.124683390894205,3.8066624897703196,2.4612966862924175,0
1105,2025,2.3978952727983707,6.037870919922137,3.367295829986474,2.2645466027591405,0
1105,2026,1.6094379124341003,5.43372200355424,3.9350100043284137,4.55568767588481,0
1106,2021,5.499466599487834,5.424950017481403,2.833213344056216,2.6067733068038463,0
1106,2022,2.8288045249808618,6.124683390894205,4.969813299576001,3.0834657024233163,0
1106,2023,1.6094379124341003,6.124683390894205,3.828641396489095,2.994242362723302,0
1106,2024,2.4849066497880004,6.124683390894205,5.111987788356544,2.1097251027819426,0
1106,2025,2.8903717578961645,6.037870919922137,4.663439094112067,3.099097788746316,0
1106,2026,2.0794415416798357,5.43372200355424,3.785832308151818,3.9759379340913883,0
1107,2021,3.2705639773090645,5.424950017481403,2.0794415416798357,1.6094379124341003,0
1107,2022,2.032399649537526,6.124683390894205,4.127134385045092,2.1972245773362196,0
1107,2023,2.0794415416798357,6.124683390894205,2.772588722239781,2.1972245773362196,0
1107,2024,2.5649493574615367,6.124683390894205,4.02535169073515,2.1972245773362196,0
1107,2025,2.9444389791664403,6.037870919922137,3.58351893845611,1.3862943611198906,0
1107,2026,1.6094379124341003,5.43372200355424,3.9350100043284137,4.55568767588481,0
1108,2021,3.636422853685064,5.424950017481403,4.969813299576001,2.1972245773362196,0
1108,2022,1.9394770934153538,6.124683390894205,7.160845906664299,2.833213344056216,0
1108,2023,2.833213344056216,6.124683390894205,5.676753802268282,2.995732273553991,0
1108,2024,3.5553480614894135,6.124683390894205,6.97354301952014,3.044522437723423,0
1108,2025,3.4011973816621555,6.037870919922137,6.522092798170152,1.791759469228055,0
1108,2026,2.8903717578961645,5.43372200355424,3.873659607010586,4.752035073213595,0
1109,2021,5.287292207350782,5.424950017481403,2.1972245773362196,2.1972245773362196,0
1109,2022,1.756218947040523,6.124683390894205,4.2626798770413155,2.8903717578961645,0
1109,2023,2.9444389791664403,6.124683390894205,2.9444389791664403,3.044522437723423,0
1109,2024,3.1780538303479458,6.124683390894205,4.204692619390966,3.1780538303479458,0
1109,2025,3.4657359027997265,6.037870919922137,3.7612001156935624,1.9459101490553132,0
1109,2026,2.772588722239781,5.43372200355424,3.9815749171185475,4.21707533941702,0
1110,2021,3.2705639773090645,5.424950017481403,1.0986122886681098,1.6094379124341003,0
1110,2022,2.3981794527730282,6.124683390894205,2.833213344056216,2.1972245773362196,0
1110,2023,2.302585092994046,6.124683390894205,3.433070914651831,2.1972245773362196,0
1110,2024,3.5553480614894135,6.124683390894205,4.5941506415773175,1.791759469228055,0
1110,2025,3.6635616461296463,6.037870919922137,2.9403912653313498,1.0986122886681098,0
1110,2026,2.3978952727983707,5.43372200355424,4.135840421861511,4.037982767770164,0
1111,2021,5.78794336504202,5.424950017481403,3.9512437185814275,3.367295829986474,0
1111,2022,2.17210725537649,6.124683390894205,6.131226489483141,4.060443010546419,0
1111,2023,2.772588722239781,6.124683390894205,4.844187086458591,4.204692619390966,0
1111,2024,3.9889840465642745,6.124683390894205,6.137727054086234,4.382026634673881,0
1111,2025,3.912023005428146,6.037870919922137,5.68697535633982,3.332204510175204,0
1111,2026,3.58351893845611,5.43372200355424,3.7363133987233974,2.050969680330218,0
1112,2021,4.238393979423589,5.424950017481403,1.3862943611198906,1.0986122886681098,0
1112,2022,2.1356429440176994,6.124683390894205,3.332204510175204,1.6094379124341003,0
1112,2023,1.0986122886681098,6.124683390894205,1.9459101490553132,1.6094379124341003,0
1112,2024,1.791759469228055,6.124683390894205,3.1354942159291497,1.6094379124341003,0
1112,2025,1.9459101490553132,6.037870919922137,2.70805020110221,0.6931471805599453,0
1112,2026,1.3862943611198906,5.43372200355424,3.40221536267937,2.9583059020013858,0
1113,2021,5.954788520805991,5.424950017481403,5.241747015059643,1.9939954587609923,0
1113,2022,1.9271216214761053,6.124683390894205,7.4342573821331355,3.3648401527427367,0
1113,2023,1.6094379124341003,6.124683390894205,5.855071922202427,2.8637432446896947,0
1113,2024,3.091042453358316,6.124683390894205,7.152268856032539,3.3877708156720585,0
1113,2025,2.995732273553991,6.037870919922137,6.70073110954781,2.2603420969042585,0
1113,2026,2.0794415416798357,5.43372200355424,3.785832308151818,3.9759379340913883,0
1114,2021,4.597722505834214,5.424950017481403,2.3978952727983707,2.0110270204290535,0
1114,2022,2.6331765062635646,6.124683390894205,4.499809670330265,2.5278467961879327,0
1114,2023,2.3978952727983707,6.124683390894205,3.332204510175204,3.0698724966883555,0
1114,2024,2.4849066497880004,6.124683390894205,4.605170185988092,2.461296686292417,0
1114,2025,2.4849066497880004,6.037870919922137,4.1588830833596715,2.0816087126577045,0
1114,2026,1.9459101490553132,5.43372200355424,3.8282489256545973,2.860080559940752,0
1115,2021,5.499466599487834,5.424950017481403,1.6094379124341003,2.286397304492975,0
1115,2022,2.219482004201713,6.124683390894205,3.6109179126442243,3.332163739895713,0
1115,2023,3.1296102121747404,6.124683390894205,2.5649493574615367,2.9415304059210854,0
1115,2024,0.6931471805599453,6.124683390894205,3.8066624897703196,2.528461882461018,0
1115,2025,1.6094379124341003,6.037870919922137,3.367295829986474,0.6931471805599453,0
1115,2026,0.6931471805599453,5.43372200355424,4.602943157543083,5.641964491691401,0
1116,2021,2.492452810178117,6.115892125483034,2.3978952727983707,3.3651851515670863,0
1116,2022,2.012098260269158,6.816735880594968,4.406719247264253,1.815316076359332,0
1116,2023,1.0986122886681098,6.816735880594968,3.332204510175204,2.4674201815873156,1
1116,2024,2.1972245773362196,6.816735880594968,4.605170185988092,1.791759469228055,0
1116,2025,1.6094379124341003,6.729824070489475,4.1588830833596715,1.6094379124341003,0
1116,2026,0.6931471805599453,6.124683390894205,4.996445654401879,4.91020671516417,0
1201,2021,6.678150374253147,5.424950017481403,2.302585092994046,5.3612921657094255,1
1201,2022,2.1881157969111973,6.124683390894205,4.406719247264253,6.082218910376446,0
1201,2023,4.77912349311153,6.124683390894205,3.332204510175204,6.09807428216624,0
1201,2024,5.37989735354046,6.124683390894205,4.605170185988092,6.133398042996649,0
1201,2025,5.204006687076795,6.037870919922137,4.1588830833596715,4.787491742782046,0
1201,2026,4.605170185988092,5.43372200355424,4.147656405501726,5.80659864450094,0
1202,2021,5.432177220330436,5.424950017481403,1.9459101490553132,2.9444389791664403,0
1202,2022,2.125384285140189,6.124683390894205,4.007333185232471,3.6109179126442243,0
1202,2023,2.5649493574615367,6.124683390894205,2.772588722239781,3.6109179126442243,0
1202,2024,3.044522437723423,6.124683390894205,4.02535169073515,3.6109179126442243,0
1202,2025,3.091042453358316,6.037870919922137,3.58351893845611,2.302585092994046,0
1202,2026,1.6094379124341003,5.43372200355424,3.9350100043284137,4.55568767588481,0
1203,2021,4.821114791301476,5.424950017481403,1.0986122886681098,2.70805020110221,0
1203,2022,2.0643079552299524,6.124683390894205,2.9444389791664403,3.4011973816621555,0
1203,2023,2.302585092994046,6.124683390894205,1.9459101490553132,3.4965075614664802,0
1203,2024,3.295836866004329,6.124683390894205,3.1354942159291497,3.5263605246161616,0
1203,2025,3.332204510175204,6.037870919922137,2.70805020110221,2.4849066497880004,0
1203,2026,2.9444389791664403,5.43372200355424,4.587901145561416,6.459851188253526,0
1204,2021,5.432177220330436,5.424950017481403,1.3862943611198906,1.9459101490553132,0
1204,2022,2.452112166162849,6.124683390894205,3.332204510175204,2.5649493574615367,0
1204,2023,2.0794415416798357,6.124683390894205,2.302585092994046,2.5649493574615367,0
1204,2024,2.9444389791664403,6.124683390894205,3.5263605246161616,2.5649493574615367,0
1204,2025,2.772588722239781,6.037870919922137,3.091042453358316,1.3862943611198906,0
1204,2026,1.9459101490553132,5.43372200355424,3.8282489256545973,2.860080559940752,0
1205,2021,6.008874285666836,5.424950017481403,3.258096538021482,4.804021044733257,0
1205,2022,2.447271867627009,6.124683390894205,5.420534999272286,5.529429087511423,0
1205,2023,4.700480365792417,6.124683390894205,4.290459441148391,5.560681631015528,0
1205,2024,5.402677381872279,6.124683390894205,5.579729825986222,5.730099782973574,0
1205,2025,5.318119993844216,6.037870919922137,5.1298987149230735,4.394449154672439,0
1205,2026,4.343805421853684,5.43372200355424,4.481482228369195,5.162674902720898,0
1206,2021,5.78794336504202,5.424950017481403,3.091042453358316,2.70805020110221,0
1206,2022,2.6354668801297683,6.124683390894205,4.9344739331306915,3.4965075614664802,0
1206,2023,2.5649493574615367,6.124683390894205,3.9512437185814275,3.4965075614664802,0
1206,2024,3.1780538303479458,6.124683390894205,5.236441962829949,3.4965075614664802,0
1206,2025,3.1354942159291497,6.037870919922137,4.787491742782046,2.1972245773362196,0
1206,2026,1.6094379124341003,5.43372200355424,3.9350100043284137,4.55568767588481,0
1207,2021,5.456751779428222,5.424950017481403,1.6094379124341003,2.3978952727983707,0
1207,2022,1.99701350790571,6.124683390894205,3.6109179126442243,3.1354942159291497,0
1207,2023,3.6109179126442243,6.124683390894205,2.5649493574615367,3.295836866004329,0
1207,2024,4.2626798770413155,6.124683390894205,3.8066624897703196,3.367295829986474,0
1207,2025,4.0943445622221,6.037870919922137,3.367295829986474,2.0794415416798357,0
1207,2026,3.4657359027997265,5.43372200355424,3.7488287451959876,3.799648153355066,0
1208,2021,6.2768865188829714,5.424950017481403,2.1972245773362196,3.295836866004329,0
1208,2022,1.9256785191179635,6.124683390894205,4.290459441148391,3.9318256327243257,0
1208,2023,3.1354942159291497,6.124683390894205,3.2188758248682006,3.970291913552122,0
1208,2024,3.828641396489095,6.124683390894205,4.48863636973214,3.970291913552122,0
1208,2025,3.7612001156935624,6.037870919922137,4.04305126783455,2.6390573296152584,0
1208,2026,3.1354942159291497,5.43372200355424,4.061615158916271,4.560627507219051,0
1209,2021,2.31348273005086,5.424950017481403,1.3862943611198906,1.6094379124341003,0
1209,2022,2.032399649537526,6.124683390894205,3.332204510175204,2.1972245773362196,0
1209,2023,1.9459101490553132,6.124683390894205,2.302585092994046,2.1972245773362196,0
1209,2024,1.6094379124341003,6.124683390894205,3.5263605246161616,2.1972245773362196,0
1209,2025,1.0986122886681098,6.037870919922137,3.091042453358316,1.0986122886681098,0
1209,2026,1.6094379124341003,5.43372200355424,3.9350100043284137,4.55568767588481,0
1210,2021,4.532638025747288,5.424950017481403,0.6931471805599453,2.9444389791664403,0
1210,2022,1.9256785191179637,6.124683390894205,2.302585092994046,3.6109179126442243,0
1210,2023,3.6375861597263857,6.124683390894205,1.3862943611198906,3.6109179126442243,0
1210,2024,4.060443010546419,6.124683390894205,2.4849066497880004,3.784189633918261,0
1210,2025,3.912023005428146,6.037870919922137,2.0794415416798357,2.6390573296152584,0
1210,2026,3.1354942159291497,5.43372200355424,4.061615158916271,4.560627507219051,0
1211,2021,2.8830451587463335,5.424950017481403,0.6931471805599453,1.6094379124341003,1
1211,2022,1.668567960854292,6.124683390894205,4.114094100644506,1.6094379124341003,0
1211,2023,2.6390573296152584,6.124683390894205,4.096215210439609,1.6094379124341003,0
1211,2024,3.6109179126442243,6.124683390894205,4.085101427746652,2.1972245773362196,0
1211,2025,3.332204510175204,6.037870919922137,3.1326430966948755,1.3862943611198906,0
1211,2026,2.4849066497880004,5.43372200355424,4.343144981392358,4.329387520370611,0
1212,2021,4.597722505834214,5.424950017481403,3.405000982829308,1.9459101490553132,0
1212,2022,1.3775105143329234,6.124683390894205,4.516846382963601,2.70805020110221,0
1212,2023,1.6094379124341003,6.124683390894205,3.988979767446928,2.833213344056216,0
1212,2024,3.091042453358316,6.124683390894205,6.402030156288288,2.995732273553991,0
1212,2025,2.70805020110221,6.037870919922137,3.093283331218427,1.6094379124341003,0
1212,2026,1.9459101490553132,5.43372200355424,3.8282489256545973,2.860080559940752,0
1213,2023,2.4849066497880004,5.9847367162116445,3.302039655488476,1.6094379124341003,0
1213,2024,3.044522437723423,5.5666510893785315,3.563801022468822,2.3978952727983707,0
1213,2025,3.091042453358316,2.1972245773362196,2.4223523932117863,1.6094379124341003,1
1213,2026,1.9459101490553132,2.5649493574615367,3.147659657919747,2.0077435003592465,1
1301,2021,3.4605159557400795,5.424950017481403,4.07753744390572,6.976348070447749,0
1301,2022,2.8662933993118562,6.124683390894205,6.131226489483141,7.674617497364363,0
1301,2023,5.43372200355424,6.124683390894205,5.0369526024136295,7.687538766201629,0
1301,2024,6.059123195581797,6.124683390894205,6.331501849893691,7.707512194600341,0
1301,2025,5.978885764901122,6.037870919922137,5.802118375377063,6.376726947898627,0
1301,2026,5.313205979041787,5.43372200355424,4.266516674686389,5.229018730750786,0
1303,2021,5.598534710696613,5.424950017481403,3.044522437723423,4.51085950651685,0
1303,2022,2.033477819264501,6.124683390894205,5.198497031265826,5.159055299214529,0
1303,2023,4.30406509320417,6.124683390894205,4.110873864173311,5.176149732573829,0
1303,2024,4.219507705176107,6.124683390894205,5.3981627015177525,5.220355825078324,0
1303,2025,4.663439094112067,6.037870919922137,4.969813299576001,3.871201010907891,0
1303,2026,3.1780538303479458,5.43372200355424,3.9815749171185466,3.994831105581653,0
1304,2021,5.580559621109467,5.424950017481403,0.6931471805599453,2.833213344056216,0
1304,2022,1.9256785191179637,6.124683390894205,2.302585092994046,3.4011973816621555,0
1304,2023,3.713572066704308,6.124683390894205,1.3862943611198906,3.367295829986474,0
1304,2024,4.31748811353631,6.124683390894205,2.4849066497880004,3.367295829986474,0
1304,2025,4.454347296253507,6.037870919922137,2.0794415416798357,2.1972245773362196,0
1304,2026,3.871201010907891,5.43372200355424,4.080478145456106,5.422456637454583,0
1305,2021,4.238393979423589,5.424950017481403,1.3862943611198906,1.0986122886681098,0
1305,2022,2.1356429440176994,6.124683390894205,3.332204510175204,1.6094379124341003,0
1305,2023,2.5649493574615367,6.124683390894205,2.302585092994046,1.6094379124341003,0
1305,2024,1.6094379124341003,6.124683390894205,3.5263605246161616,1.6094379124341003,0
1305,2025,2.8903717578961645,6.037870919922137,3.091042453358316,0.6931471805599453,0
1305,2026,1.3862943611198906,5.43372200355424,3.40221536267937,2.9583059020013858,0
1306,2021,5.648246712010453,5.424950017481403,4.2626798770413155,5.030437921392435,0
1306,2022,2.264013721252178,6.124683390894205,6.418364935936212,5.780743515792329,0
1306,2023,2.995732273553991,6.124683390894205,5.3230099791384085,5.796057750765372,0
1306,2024,4.143134726391533,6.124683390894205,6.618738983517219,5.811140992976701,0
1306,2025,4.418840607796598,6.037870919922137,6.169610732491456,4.477336814478207,0
1306,2026,3.6888794541139363,5.43372200355424,4.58044605046698,6.258870046158826,0
1307,2021,4.613731047368921,5.424950017481403,1.9459101490553132,1.0986122886681098,0
1307,2022,1.587474939232659,6.124683390894205,4.007333185232471,1.6094379124341003,0
1307,2023,2.4849066497880004,6.124683390894205,2.9444389791664403,1.6094379124341003,0
1307,2024,2.4849066497880004,6.124683390894205,4.204692619390966,1.6094379124341003,0
1307,2025,2.833213344056216,6.037870919922137,3.7612001156935624,0.6931471805599453,0
1307,2026,2.3978952727983707,5.43372200355424,4.135840421861511,4.037982767770164,0
1308,2021,5.648246712010453,5.424950017481403,2.4849066497880004,6.556778356158042,0
1308,2022,2.033477819264501,6.124683390894205,4.605170185988092,7.29505641646263,0
1308,2023,5.493061443340548,6.124683390894205,3.5263605246161616,7.328437352895162,0
1308,2024,5.834810737062605,6.124683390894205,4.804021044733257,7.366445148327599,0
1308,2025,5.983936280687191,6.037870919922137,4.276666119016055,6.0063531596017325,0
1308,2026,5.4116460518550396,5.43372200355424,4.4699565907756185,6.081409407158645,0
1309,2021,6.008874285666836,5.424950017481403,3.4657359027997265,4.709530201312334,0
1309,2022,2.447271867627009,6.124683390894205,5.568344503761097,5.429345628954441,0
1309,2023,3.6635616461296463,6.124683390894205,4.477336814478207,5.5909869805108565,0
1309,2024,3.8501476017100584,6.124683390894205,5.768320995793772,5.602118820879701,0
1309,2025,4.07753744390572,6.037870919922137,5.2574953720277815,4.31748811353631,0
1309,2026,3.295836866004329,5.43372200355424,4.228003653377074,3.947780696642334,0
1310,2021,3.805882425762505,5.424950017481403,2.1972245773362196,2.3978952727983707,0
1310,2022,1.9256785191179635,6.124683390894205,4.290459441148391,3.044522437723423,0
1310,2023,2.0794415416798357,6.124683390894205,3.2188758248682006,3.044522437723423,0
1310,2024,3.258096538021482,6.124683390894205,4.48863636973214,3.044522437723423,0
1310,2025,2.70805020110221,6.037870919922137,4.04305126783455,1.791759469228055,0
1310,2026,2.70805020110221,5.43372200355424,4.053468995669941,3.7856219318861752,0
1311,2021,5.706850343420387,5.424950017481403,2.0794415416798357,1.0986122886681098,0
1311,2022,1.587474939232659,6.124683390894205,4.1588830833596715,1.6094379124341003,0
1311,2023,2.0794415416798357,6.124683390894205,3.091042453358316,1.6094379124341003,0
1311,2024,2.833213344056216,6.124683390894205,4.356708826689592,1.6094379124341003,0
1311,2025,2.995732273553991,6.037870919922137,3.871201010907891,0.6931471805599453,0
1311,2026,1.791759469228055,5.43372200355424,4.0078706769445125,5.096969131735713,0
1312,2021,5.125106164107516,5.424950017481403,3.2188758248682006,4.04305126783455,0
1312,2022,2.4837361789858,6.124683390894205,5.198497031265826,4.727387818712341,0
1312,2023,2.70805020110221,6.124683390894205,4.110873864173311,4.727387818712341,0
1312,2024,3.713572066704308,6.124683390894205,5.3981627015177525,4.736198448394496,0
1312,2025,3.6375861597263857,6.037870919922137,4.465908118654584,3.4657359027997265,0
1312,2026,2.1972245773362196,5.43372200355424,4.349127651594053,3.9514244282662774,0
1313,2021,5.78794336504202,5.424950017481403,2.302585092994046,4.04305126783455,0
1313,2022,1.9256785191179635,6.124683390894205,4.290459441148391,4.663439094112067,0
1313,2023,2.995732273553991,6.124683390894205,3.2188758248682006,4.653960350157523,0
1313,2024,3.713572066704308,6.124683390894205,4.48863636973214,4.653960350157523,0
1313,2025,3.58351893845611,6.037870919922137,4.04305126783455,3.367295829986474,0
1313,2026,2.5649493574615367,5.43372200355424,4.209403501831649,4.597068041893881,0
1314,2021,3.9068390876245096,5.424950017481403,3.295836866004329,4.04305126783455,0
1314,2022,2.2792109026477627,6.124683390894205,5.37989735354046,4.74493212836325,0
1314,2023,2.772588722239781,6.124683390894205,4.290459441148391,4.762173934797756,0
1314,2024,3.1354942159291497,6.124683390894205,5.579729825986222,4.77912349311153,0
1314,2025,3.58351893845611,6.037870919922137,5.1298987149230735,3.4965075614664802,0
1314,2026,2.6390573296152584,5.43372200355424,3.793130723441572,3.7856219318861752,0
1315,2021,4.532638025747288,5.424950017481403,1.6094379124341003,2.833213344056216,0
1315,2022,2.26110644474945,6.124683390894205,3.6109179126442243,3.4965075614664802,0
1315,2023,2.9444389791664403,6.124683390894205,2.772588722239781,3.4965075614664802,0
1315,2024,2.9444389791664403,6.124683390894205,4.02535169073515,3.6109179126442243,0
1315,2025,3.6635616461296463,6.037870919922137,3.58351893845611,2.302585092994046,0
1315,2026,1.791759469228055,5.43372200355424,4.0078706769445125,5.096969131735713,0
1316,2021,4.613731047368921,5.424950017481403,1.0986122886681098,1.9459101490553132,0
1316,2022,2.5194066134870914,6.124683390894205,2.9444389791664403,2.5649493574615367,0
1316,2023,2.0794415416798357,6.124683390894205,1.9459101490553132,2.5649493574615367,0
1316,2024,3.2188758248682006,6.124683390894205,3.1354942159291497,2.5649493574615367,0
1316,2025,2.3978952727983707,6.037870919922137,2.70805020110221,1.3862943611198906,0
1316,2026,1.6094379124341003,5.43372200355424,3.9350100043284137,4.55568767588481,0
1317,2021,4.532638025747288,5.424950017481403,1.0986122886681098,4.110873864173311,0
1317,2022,2.180271654280541,6.124683390894205,2.9444389791664403,4.812184355372417,0
1317,2023,2.3978952727983707,6.124683390894205,1.9459101490553132,4.927253685157205,0
1317,2024,2.5649493574615367,6.124683390894205,3.1354942159291497,4.955827057601261,0
1317,2025,3.258096538021482,6.037870919922137,2.70805020110221,3.58351893845611,0
1317,2026,2.0794415416798357,5.43372200355424,3.785832308151818,3.9759379340913883,0
1319,2021,4.532638025747288,5.424950017481403,3.7376696182833684,3.295836866004329,0
1319,2022,2.016075543866575,6.124683390894205,5.8888779583328805,3.9889840465642745,0
1319,2023,1.0986122886681098,6.124683390894205,4.795790545596741,4.0943445622221,0
1319,2024,2.302585092994046,6.124683390894205,6.089044875446846,4.110873864173311,0
1319,2025,2.6390573296152584,6.037870919922137,5.583496308781699,2.772588722239781,0
1319,2026,1.791759469228055,5.43372200355424,4.0078706769445125,5.096969131735713,0
1320,2021,5.78794336504202,5.424950017481403,1.791759469228055,2.833213344056216,0
1320,2022,2.5681724328055253,6.124683390894205,3.828641396489095,3.4965075614664802,0
1320,2023,1.6094379124341003,6.124683390894205,2.772588722239781,3.4965075614664802,0
1320,2024,0.6931471805599453,6.124683390894205,4.02535169073515,3.367295829986474,0
1320,2025,2.0794415416798357,6.037870919922137,3.58351893845611,2.0794415416798357,0
1320,2026,1.3862943611198906,5.43372200355424,3.40221536267937,2.9583059020013858,0
1321,2021,4.137074011376304,5.424950017481403,2.4849066497880004,3.4339872044851463,0
1321,2022,2.1881157969111973,6.124683390894205,4.51085950651685,3.912023005428146,0
1321,2023,2.6390573296152584,6.124683390894205,3.4339872044851463,3.8918202981106265,0
1321,2024,3.332204510175204,6.124683390894205,4.709530201312334,3.8918202981106265,0
1321,2025,3.332204510175204,6.037870919922137,4.2626798770413155,2.5649493574615367,0
1321,2026,2.4849066497880004,5.43372200355424,4.343144981392358,4.329387520370611,0
1322,2021,4.821114791301476,5.424950017481403,3.1780538303479458,2.70805020110221,0
1322,2022,2.103139158118144,6.124683390894205,5.293304824724492,3.367295829986474,0
1322,2023,2.1972245773362196,6.124683390894205,4.204692619390966,3.258096538021482,0
1322,2024,2.302585092994046,6.124683390894205,5.493061443340548,3.2188758248682006,0
1322,2025,2.4849066497880004,6.037870919922137,5.043425116919247,2.1972245773362196,0
1322,2026,1.791759469228055,5.43372200355424,4.0078706769445125,5.096969131735713,0
1401,2021,5.641389308102039,5.424950017481403,3.8918202981106265,5.318119993844216,0
1401,2022,1.894848383152512,6.124683390894205,5.983936280687191,6.021023349349527,0
1401,2023,4.382026634673881,6.124683390894205,4.890349128221754,6.030685260261263,0
1401,2024,4.912654885736052,6.124683390894205,6.133398042996649,6.137727054086234,0
1401,2025,4.9344739331306915,6.037870919922137,5.318119993844216,4.787491742782046,0
1401,2026,4.219507705176107,5.43372200355424,4.181009449577571,5.564667850501235,0
1402,2021,5.78794336504202,5.424950017481403,4.007333185232471,2.9444389791664403,0
1402,2022,2.3485850914161848,6.124683390894205,5.783825182329737,3.6109179126442243,0
1402,2023,2.8903717578961645,6.124683390894205,4.6913478822291435,3.6888794541139363,0
1402,2024,3.9318256327243257,6.124683390894205,5.978885764901122,3.713572066704308,0
1402,2025,3.970291913552122,6.037870919922137,5.5053315359323625,2.4849066497880004,0
1402,2026,3.1780538303479458,5.43372200355424,3.9815749171185466,3.994831105581653,0
1403,2021,5.78794336504202,5.424950017481403,4.2626798770413155,2.833213344056216,0
1403,2022,3.0003767385399773,6.124683390894205,6.3578422665081,3.4965075614664802,0
1403,2023,2.1972245773362196,6.124683390894205,5.262690188904886,3.4965075614664802,0
1403,2024,2.995732273553991,6.124683390894205,6.558197802812269,3.4965075614664802,0
1403,2025,3.2188758248682006,6.037870919922137,6.045005314036012,2.302585092994046,0
1403,2026,2.1972245773362196,5.43372200355424,4.349127651594053,3.9514244282662774,0
1404,2021,5.78794336504202,5.424950017481403,2.4849066497880004,1.9459101490553132,0
1404,2022,1.6511656854563657,6.124683390894205,3.332204510175204,2.3978952727983707,0
1404,2023,2.5649493574615367,6.124683390894205,2.302585092994046,2.1972245773362196,0
1404,2024,3.1780538303479458,6.124683390894205,3.5263605246161616,2.1972245773362196,0
1404,2025,3.091042453358316,6.037870919922137,3.091042453358316,1.3862943611198906,0
1404,2026,2.1972245773362196,5.43372200355424,4.349127651594053,3.9514244282662774,0
1405,2021,5.432177220330436,5.424950017481403,2.1972245773362196,2.772588722239781,0
1405,2022,2.26110644474945,6.124683390894205,3.332204510175204,3.4965075614664802,0
1405,2023,1.6094379124341003,6.124683390894205,2.302585092994046,3.4965075614664802,0
1405,2024,3.091042453358316,6.124683390894205,3.5263605246161616,3.4965075614664802,0
1405,2025,3.091042453358316,6.037870919922137,3.091042453358316,2.1972245773362196,0
1405,2026,2.302585092994046,5.43372200355424,4.226281162879937,3.8823132438975536,0
1406,2021,4.532638025747288,5.424950017481403,2.8903717578961645,3.7612001156935624,0
1406,2022,1.952384797642868,6.124683390894205,4.406719247264253,4.394449154672439,0
1406,2023,3.4011973816621555,6.124683390894205,3.332204510175204,4.430816798843313,0
1406,2024,4.0943445622221,6.124683390894205,4.543294782270004,4.477336814478207,0
1406,2025,4.174387269895637,6.037870919922137,3.912023005428146,3.1780538303479458,0
1406,2026,2.995732273553991,5.43372200355424,3.594175932404828,5.006493071763179,0
1407,2021,5.499466599487834,5.424950017481403,2.302585092994046,2.2591403712334013,0
1407,2022,2.219482004201713,6.124683390894205,3.6109179126442243,3.332163739895713,0
1407,2023,2.302585092994046,6.124683390894205,2.5649493574615367,2.3448397687427898,0
1407,2024,2.1972245773362196,6.124683390894205,3.7376696182833684,1.6094379124341003,0
1407,2025,2.6390573296152584,6.037870919922137,3.091042453358316,1.3862943611198906,0
1407,2026,1.3862943611198906,5.43372200355424,3.40221536267937,2.9583059020013858,0
1408,2021,4.821114791301476,5.424950017481403,1.791759469228055,1.0986122886681098,0
1408,2022,1.8937702134255368,6.124683390894205,3.828641396489095,2.1972245773362196,0
1408,2023,1.6094379124341003,6.124683390894205,2.772588722239781,2.1972245773362196,0
1408,2024,2.302585092994046,6.124683390894205,4.02535169073515,2.1972245773362196,0
1408,2025,2.1972245773362196,6.037870919922137,3.58351893845611,1.0986122886681098,0
1408,2026,1.0986122886681098,5.43372200355424,4.337995863918993,4.390741497621436,0
1409,2021,4.649074538256853,5.424950017481403,3.5263605246161616,2.5649493574615367,0
1409,2022,1.99701350790571,6.124683390894205,5.697093486505405,3.2188758248682006,0
1409,2023,2.5649493574615367,6.124683390894205,4.605170185988092,3.2188758248682006,0
1409,2024,3.2188758248682006,6.124683390894205,5.8971538676367405,3.4339872044851463,0
1409,2025,2.5649493574615367,6.037870919922137,5.43372200355424,2.3978952727983707,0
1409,2026,0.6931471805599453,5.43372200355424,4.602943157543083,5.641964491691401,0
1410,2021,4.821114791301476,5.41610040220442,2.1972245773362196,1.0986122886681098,0
1410,2022,1.9093625217194792,6.124683390894205,4.290459441148391,1.6094379124341003,0
1410,2023,1.3862943611198906,6.124683390894205,3.2188758248682006,1.6094379124341003,0
1410,2024,2.0794415416798357,6.124683390894205,4.454347296253507,1.6094379124341003,0
1410,2025,1.791759469228055,6.0330862217988015,3.912023005428146,1.0986122886681098,0
1410,2026,0.6931471805599453,5.43372200355424,4.602943157543083,5.641964491691401,0
1411,2023,1.3862943611198906,5.571914281022233,3.2188758248682006,4.120549571698232,0
1411,2024,1.3862943611198906,5.43372200355424,4.454347296253507,0.6931471805599453,1
1411,2025,1.9459101490553132,5.43372200355424,3.912023005428146,0.6931471805599453,1
1412,2021,3.0521288838213194,5.670118378457697,0.6931471805599453,1.0986122886681098,1
1412,2022,2.522507450794284,5.199244953500047,2.302585092994046,1.6094379124341003,0
1412,2023,1.3862943611198906,5.430213209125105,1.3862943611198906,1.6094379124341003,1
1412,2024,2.0794415416798357,5.43372200355424,2.4849066497880004,1.791759469228055,0
1412,2025,1.9459101490553132,5.692744064295813,2.0794415416798357,1.3862943611198906,0
1501,2021,4.232938244109562,5.424950017481403,3.7612001156935624,6.558197802812269,0
1501,2022,2.5502773297509473,6.124683390894205,5.937536205082426,7.252762418053187,0
1501,2023,4.499809670330265,6.124683390894205,4.844187086458591,7.259116128097101,0
1501,2024,5.0689042022202315,6.124683390894205,5.991464547107982,7.2640301428995295,0
1501,2025,5.117993812416755,6.037870919922137,5.5053315359323625,5.8971538676367405,0
1501,2026,4.219507705176107,5.43372200355424,4.181009449577571,5.564667850501235,0
1503,2021,4.629962858924948,5.424950017481403,4.672828834461906,5.713732805509369,0
1503,2022,2.154704979978564,6.124683390894205,6.86171134048073,6.375024819828097,0
1503,2023,2.70805020110221,6.124683390894205,5.765191102784844,6.376726947898627,0
1503,2024,3.091042453358316,6.124683390894205,6.8658910748834385,6.38856140554563,0
1503,2025,3.258096538021482,6.037870919922137,6.329720905522696,5.017279836814924,0
1503,2026,2.4849066497880004,5.43372200355424,4.343144981392358,4.329387520370611,0
1504,2021,4.532638025747288,5.424950017481403,3.784189633918261,2.9444389791664403,0
1504,2022,2.033477819264501,6.124683390894205,4.1588830833596715,3.6109179126442243,0
1504,2023,2.9444389791664403,6.124683390894205,2.9444389791664403,3.713572066704308,0
1504,2024,3.1354942159291497,6.124683390894205,4.204692619390966,3.8918202981106265,0
1504,2025,3.332204510175204,6.037870919922137,3.7612001156935624,2.5649493574615367,0
1504,2026,2.4849066497880004,5.43372200355424,4.343144981392358,4.329387520370611,0
1507,2021,3.636422853685064,5.424950017481403,2.4849066497880004,2.1972245773362196,0
1507,2022,1.6685679608542916,6.124683390894205,4.605170185988092,2.833213344056216,0
1507,2023,2.3978952727983707,6.124683390894205,3.5263605246161616,2.833213344056216,0
1507,2024,2.6390573296152584,6.124683390894205,4.356708826689592,3.2188758248682006,0
1507,2025,2.833213344056216,6.037870919922137,3.912023005428146,1.9459101490553132,0
1507,2026,2.0794415416798357,5.43372200355424,3.785832308151818,3.9759379340913883,0
1509,2021,5.580559621109467,5.424950017481403,1.6094379124341003,3.4965075614664802,0
1509,2022,2.1145708408861337,6.124683390894205,3.6109179126442243,4.219507705176107,0
1509,2023,1.3862943611198906,6.124683390894205,2.5649493574615367,4.23410650459726,0
1509,2024,2.0794415416798357,6.124683390894205,3.1354942159291497,4.219507705176107,0
1509,2025,1.9459101490553132,6.037870919922137,2.70805020110221,2.8903717578961645,0
1509,2026,1.0986122886681098,5.43372200355424,4.337995863918993,4.390741497621436,0
1601,2021,3.2711073013946717,5.424950017481403,5.3230099791384085,7.007600613951853,0
1601,2022,1.894848383152512,6.124683390894205,7.506042178518122,7.690286020676768,1
1601,2023,4.836281906951478,6.124683390894205,6.408528791059498,7.685703061234547,0
1601,2024,5.365976015021851,6.124683390894205,7.706612913964197,7.6984827878809465,1
1601,2025,5.2574953720277815,6.037870919922137,7.255591274253665,6.335054251498059,0
1601,2026,4.653960350157523,5.43372200355424,3.794427063921417,2.050969680330218,0
1602,2021,6.35175239765462,5.424950017481403,4.2626798770413155,4.2626798770413155,0
1602,2022,1.894848383152512,6.124683390894205,6.447305862541213,4.969813299576001,0
1602,2023,2.70805020110221,6.124683390894205,5.351858133476067,4.976733742420574,0
1602,2024,2.70805020110221,6.124683390894205,6.647688373563329,5.075173815233827,0
1602,2025,2.772588722239781,6.037870919922137,6.0473721790462776,3.7612001156935624,0
1602,2026,1.9459101490553132,5.43372200355424,3.8282489256545973,2.860080559940752,0
1603,2021,3.2705639773090645,5.424950017481403,4.04305126783455,1.6094379124341003,0
1603,2022,2.8698104416027994,6.124683390894205,6.22455842927536,2.1972245773362196,0
1603,2023,1.0986122886681098,6.124683390894205,5.1298987149230735,2.1972245773362196,0
1603,2024,1.791759469228055,6.124683390894205,6.424869023905388,2.5649493574615367,0
1603,2025,2.1972245773362196,6.037870919922137,5.793013608384144,1.791759469228055,0
1603,2026,1.0986122886681098,5.43372200355424,4.337995863918993,4.390741497621436,0
1604,2021,3.2705639773090645,5.424950017481403,4.941642422609304,1.6094379124341003,0
1604,2022,2.145400976851586,6.124683390894205,7.132497551660044,1.9459101490553132,0
1604,2023,1.9759414047741448,6.124683390894205,6.035481432524756,2.1972245773362196,0
1604,2024,2.772588722239781,6.124683390894205,7.333023014386481,2.1972245773362196,0
1604,2025,2.5649493574615367,6.037870919922137,6.77078942390898,1.0986122886681098,1
1701,2021,5.183161940380601,5.424950017481403,6.771935555839602,9.389490237604502,1
1701,2022,3.340816138782762,6.124683390894205,8.657302899400882,10.110745594620115,1
1701,2023,8.231376045573969,6.124683390894205,7.4318919168078,10.152415802824065,1
1701,2024,9.021598247379305,6.124683390894205,8.694167141883597,10.212368336128902,1
1701,2025,8.785386587284156,6.037870919922137,8.338544879988579,8.904222737368716,1
1701,2026,8.092239406724211,5.43372200355424,3.0593525528197203,3.4170852030100987,1
1702,2021,6.2768865188829714,5.424950017481403,2.70805020110221,4.912654885736052,0
1702,2022,2.1145708408861337,6.124683390894205,4.736198448394496,5.703782474656201,0
1702,2023,4.852030263919617,6.124683390894205,3.2188758248682006,5.749392985908253,0
1702,2024,5.267858159063328,6.124683390894205,4.48863636973214,5.849324779946859,0
1702,2025,5.214935757608986,6.037870919922137,4.04305126783455,4.59511985013459,0
1702,2026,4.442651256490317,5.43372200355424,4.145336509068974,5.915118713590345,0
1703,2021,6.338803152249263,5.424950017481403,4.1588830833596715,4.955827057601261,0
1703,2022,2.180271654280541,6.124683390894205,5.459585514144159,5.69035945432406,0
1703,2023,4.74493212836325,6.124683390894205,3.8918202981106265,5.749392985908253,0
1703,2024,5.147494476813453,6.124683390894205,5.176149732573829,5.869296913133774,0
1703,2025,5.1298987149230735,6.037870919922137,4.727387818712341,4.48863636973214,0
1703,2026,4.23410650459726,5.43372200355424,4.145797121167186,3.845153808089436,0
1704,2021,4.137074011376304,5.424950017481403,2.6390573296152584,4.0943445622221,0
1704,2022,2.4226598490755635,6.124683390894205,4.718498871295094,4.820281565605037,0
1704,2023,3.9512437185814275,6.124683390894205,3.091042453358316,4.8283137373023015,0
1704,2024,4.499809670330265,6.124683390894205,4.356708826689592,4.927253685157205,0
1704,2025,4.574710978503383,6.037870919922137,3.912023005428146,3.58351893845611,0
1704,2026,3.6635616461296463,5.43372200355424,4.158107080078134,3.517830198848889,0
1705,2021,2.9860622213657817,5.967374222017232,4.007333185232471,6.049733455231958,0
1705,2022,5.96781993264757,6.107320896699791,6.18826412308259,6.790097235513905,0
1705,2023,5.726847747587197,5.708352161275659,4.795790545596741,6.828712071641684,0
1705,2024,6.163314804034641,5.84829883595822,6.089044875446846,6.915723448631314,0
1705,2025,6.401917196727186,5.969128619231799,5.638354669333745,5.627621113690637,0
1707,2021,4.8098968979712655,5.424950017481403,2.6686849525028427,2.70805020110221,0
1707,2022,1.7897951215683552,6.124683390894205,2.2288355879594457,3.367295829986474,0
1707,2023,2.5649493574615367,6.124683390894205,4.0169321559219595,3.367295829986474,0
1707,2024,3.1354942159291497,6.124683390894205,4.261149088859535,3.258096538021482,0
1707,2025,2.9444389791664403,6.037870919922137,4.289495236554368,2.0794415416798357,0
1707,2026,2.1972245773362196,5.43372200355424,4.349127651594053,3.9514244282662774,0
1708,2021,4.344589231167959,5.424950017481403,3.152204125399649,2.5649493574615367,0
1708,2022,1.7358624081785343,6.124683390894205,2.6818089899045052,3.4339872044851463,0
1708,2023,2.5649493574615367,6.124683390894205,4.070342876888135,3.4965075614664802,0
1708,2024,2.6390573296152584,6.124683390894205,4.5941506415773175,3.4011973816621555,0
1708,2025,3.091042453358316,6.037870919922137,5.019593510189305,2.0794415416798357,0
1708,2026,2.3978952727983707,5.43372200355424,4.135840421861511,4.037982767770164,0
1709,2021,5.318885756380007,5.424950017481403,2.772588722239781,1.9088618956758552,0
1709,2022,2.383878014682295,6.124683390894205,4.90527477843843,2.818355545520151,0
1709,2023,1.791759469228055,6.124683390894205,3.7612001156935624,1.791759469228055,0
1709,2024,2.833213344056216,6.124683390894205,5.043425116919247,2.70805020110221,0
1709,2025,3.044522437723423,6.037870919922137,4.59511985013459,1.6094379124341003,0
1709,2026,2.3978952727983707,5.43372200355424,4.135840421861511,4.037982767770164,0
1801,2021,2.302585092994046,5.424950017481403,4.204692619390966,7.529943370601589,0
1801,2022,2.9328834247381788,6.124683390894205,6.38856140554563,8.235095497258357,0
1801,2023,6.375024819828097,6.124683390894205,5.170483995038151,8.223358899479258,0
1801,2024,6.981934677156389,6.124683390894205,6.450470422144176,8.264363329731667,0
1801,2025,7.049254841255837,6.037870919922137,6.008813185442595,6.902742737158593,0
1801,2026,6.311734809152915,5.43372200355424,4.824738172683815,6.083875580426347,0
1802,2021,5.3849238239140735,5.41610040220442,4.07753744390572,4.59511985013459,0
1802,2022,1.894848383152512,6.124683390894205,6.259581464064923,5.3471075307174685,0
1802,2023,3.5263605246161616,6.124683390894205,5.1647859739235145,5.3981627015177525,0
1802,2024,3.6109179126442243,6.124683390894205,6.184148890937483,5.480638923341991,0
1802,2025,4.04305126783455,6.023447592961033,5.53338948872752,4.1588830833596715,0
1802,2026,2.772588722239781,5.43372200355424,3.9815749171185475,4.21707533941702,0
1803,2021,5.432177220330436,5.424950017481403,1.6094379124341003,2.9444389791664403,0
1803,2022,2.1547049799785642,6.124683390894205,3.6109179126442243,3.6109179126442243,0
1803,2023,2.6390573296152584,6.124683390894205,2.5649493574615367,3.6888794541139363,0
1803,2024,3.091042453358316,6.124683390894205,3.58351893845611,3.6635616461296463,0
1803,2025,3.044522437723423,6.037870919922137,3.091042453358316,2.302585092994046,0
1803,2026,2.302585092994046,5.43372200355424,4.226281162879937,3.8823132438975536,0
1804,2021,5.098373663525453,5.424950017481403,2.6390573296152584,2.3440285731468355,0
1804,2022,2.154117608043902,6.124683390894205,4.770684624465665,1.946717703148146,0
1804,2023,2.302585092994046,6.124683390894205,3.6888794541139363,2.7402723072546737,0
1804,2024,1.9459101490553132,6.124683390894205,4.276666119016055,2.763576548421866,0
1804,2025,2.4849066497880004,6.037870919922137,3.58351893845611,2.0837407049206824,0
1804,2026,1.3862943611198906,5.43372200355424,3.40221536267937,2.9583059020013858,0
1805,2021,3.2705639773090645,5.424950017481403,3.7376696182833684,1.6094379124341003,0
1805,2022,2.333215128892781,6.124683390894205,5.91350300563827,2.1972245773362196,0
1805,2023,2.70805020110221,6.124683390894205,4.820281565605037,2.1972245773362196,0
1805,2024,3.295836866004329,6.124683390894205,5.703782474656201,2.3978952727983707,0
1805,2025,3.4339872044851463,6.037870919922137,5.043425116919247,1.0986122886681098,0
1805,2026,2.3978952727983707,5.43372200355424,4.135840421861511,4.037982767770164,0
1806,2021,6.2768865188829714,5.424950017481403,2.5649493574615367,4.02535169073515,0
1806,2022,2.422659849075564,6.124683390894205,4.6913478822291435,4.762173934797756,0
1806,2023,2.995732273553991,6.124683390894205,3.6109179126442243,4.762173934797756,0
1806,2024,3.2188758248682006,6.124683390894205,4.3694478524670215,4.762173934797756,0
1806,2025,3.295836866004329,6.037870919922137,3.7612001156935624,3.4339872044851463,0
1806,2026,2.0794415416798357,5.43372200355424,3.785832308151818,3.9759379340913883,0
1807,2021,5.8122723737332525,5.424950017481403,3.5553480614894135,4.919980925828125,0
1807,2022,2.3065260096489126,6.124683390894205,5.726847747587197,5.60947179518496,0
1807,2023,4.204692619390966,6.124683390894205,4.634728988229636,5.19295685089021,0
1807,2024,4.804021044733257,6.124683390894205,5.739792912179234,5.262690188904886,0
1807,2025,4.962844630259907,6.037870919922137,5.209486152841421,3.9512437185814275,0
1807,2026,3.912023005428146,5.43372200355424,4.108935699853914,5.899757931205768,0
1808,2021,5.8122723737332525,5.424950017481403,4.852030263919617,4.07753744390572,0
1808,2022,2.440854204716709,6.124683390894205,7.042286171939743,4.762173934797756,0
1808,2023,3.828641396489095,6.124683390894205,5.945420608606575,4.442651256490317,0
1808,2024,4.605170185988092,6.124683390894205,7.0326242610280065,4.532599493153256,0
1808,2025,4.543294782270004,6.037870919922137,6.251903883165888,3.4011973816621555,0
1808,2026,3.6635616461296463,5.43372200355424,4.158107080078134,3.517830198848889,0
1809,2021,5.287292207350782,5.424950017481403,3.784189633918261,2.1972245773362196,0
1809,2022,1.3913090886303139,6.124683390894205,5.961005339623274,2.833213344056216,0
1809,2023,2.8903717578961645,6.124683390894205,4.867534450455582,3.091042453358316,0
1809,2024,2.9444389791664403,6.124683390894205,5.384495062789089,3.2188758248682006,0
1809,2025,3.332204510175204,6.037870919922137,4.356708826689592,2.0794415416798357,0
1809,2026,1.791759469228055,5.43372200355424,4.0078706769445125,5.096969131735713,0
1901,2021,5.641389308102039,5.424950017481403,5.0369526024136295,4.418840607796598,0
1901,2022,2.1547049799785642,6.124683390894205,7.228388451573604,5.170483995038151,0
1901,2023,3.8501476017100584,6.124683390894205,5.575949103146316,5.703782474656201,0
1901,2024,4.574710978503383,6.124683390894205,6.78105762593618,6.013715156042802,0
1901,2025,4.574710978503383,6.037870919922137,6.329720905522696,4.653960350157523,0
1901,2026,3.871201010907891,5.43372200355424,4.080478145456106,5.422456637454583,0
1902,2021,4.685829619231979,5.424950017481403,4.820281565605037,2.411323020471078,0
1902,2022,2.3361484671122605,6.124683390894205,7.010311867307229,3.0932512853640026,0
1902,2023,2.8903717578961645,6.124683390894205,5.796057750765372,2.6390573296152584,0
1902,2024,2.4849066497880004,6.124683390894205,6.805722553416985,3.2188758248682006,0
1902,2025,3.332204510175204,6.037870919922137,6.354370040797351,1.9459101490553132,0
1902,2026,1.791759469228055,5.43372200355424,4.0078706769445125,5.096969131735713,0
1903,2021,5.78794336504202,5.424950017481403,2.833213344056216,1.791759469228055,0
1903,2022,2.5194066134870914,6.124683390894205,4.976733742420574,2.5649493574615367,0
1903,2023,1.6094379124341003,6.124683390894205,3.8918202981106265,2.8903717578961645,0
1903,2024,2.5649493574615367,6.124683390894205,5.176149732573829,3.044522437723423,0
1903,2025,2.70805020110221,6.037870919922137,4.727387818712341,1.9459101490553132,0
1903,2026,2.0794415416798357,5.43372200355424,3.785832308151818,3.9759379340913883,0
1904,2021,5.706850343420387,5.424950017481403,1.791759469228055,1.9459101490553132,0
1904,2022,1.99701350790571,6.124683390894205,3.6635616461296463,2.70805020110221,0
1904,2023,1.791759469228055,6.124683390894205,2.5649493574615367,2.995732273553991,0
1904,2024,2.1972245773362196,6.124683390894205,3.8066624897703196,3.044522437723423,0
1904,2025,2.4849066497880004,6.037870919922137,3.367295829986474,1.791759469228055,0
1904,2026,1.3862943611198906,5.43372200355424,3.40221536267937,2.9583059020013858,0
1905,2021,5.043615071467231,5.424950017481403,3.7376696182833684,1.9118470257191906,0
1905,2022,2.217288197927598,6.124683390894205,5.91350300563827,3.38982474899955,0
1905,2023,3.258096538021482,6.124683390894205,4.477336814478207,2.4612966862924166,0
1905,2024,4.060443010546419,6.124683390894205,5.768320995793772,2.4612966862924175,0
1905,2025,4.127134385045092,6.037870919922137,5.318119993844216,3.747562902679113,0
1905,2026,3.258096538021482,5.43372200355424,3.905532224458196,2.826143076145475,0
1906,2021,3.2705639773090645,5.424950017481403,1.0986122886681098,1.6094379124341003,0
1906,2022,2.0973639734177736,6.124683390894205,2.9444389791664403,2.1972245773362196,0
1906,2023,2.772588722239781,6.124683390894205,1.3862943611198906,2.3978952727983707,0
1906,2024,3.6888794541139363,6.124683390894205,2.4849066497880004,2.5649493574615367,0
1906,2025,3.8066624897703196,6.037870919922137,2.0794415416798357,1.3862943611198906,0
1906,2026,3.091042453358316,5.43372200355424,3.6007829036178096,5.480883294608216,0
1907,2021,4.532638025747288,5.424950017481403,1.6094379124341003,1.9459101490553132,0
1907,2022,1.99701350790571,6.124683390894205,3.6109179126442243,2.70805020110221,0
1907,2023,1.3862943611198906,6.124683390894205,2.302585092994046,3.258096538021482,0
1907,2024,2.0794415416798357,6.124683390894205,3.5263605246161616,3.4965075614664802,0
1907,2025,2.3978952727983707,6.037870919922137,3.091042453358316,2.1972245773362196,0
1907,2026,0.6931471805599453,5.43372200355424,4.602943157543083,5.641964491691401,0
1908,2021,3.419187188293764,5.424950017481403,1.3862943611198906,2.543734339169061,0
1908,2022,2.423732237703841,6.124683390894205,3.332204510175204,2.750641906353379,0
1908,2023,2.0794415416798357,6.124683390894205,2.302585092994046,1.0986122886681098,0
1908,2024,2.8903717578961645,6.124683390894205,3.5263605246161616,1.6094379124341003,0
1908,2025,2.8903717578961645,6.037870919922137,3.091042453358316,0.6931471805599453,0
1908,2026,0.6931471805599453,5.43372200355424,4.602943157543083,5.641964491691401,0
1909,2023,1.0986122886681098,6.124683390894205,5.177500268518012,1.9459101490553132,0
1909,2024,2.0794415416798357,6.124683390894205,4.651324963213261,2.5649493574615367,0
1909,2025,1.9459101490553132,6.037870919922137,2.8336162180635833,1.3862943611198906,0
1909,2026,1.9459101490553132,5.43372200355424,3.8282489256545973,2.860080559940752,0
2001,2021,5.78794336504202,5.424950017481403,3.295836866004329,3.6109179126442243,0
2001,2022,2.154704979978564,6.124683390894205,5.459585514144159,4.343805421853684,0
2001,2023,2.0794415416798357,6.124683390894205,4.343805421853684,4.356708826689592,0
2001,2024,2.4849066497880004,6.124683390894205,5.579729825986222,4.553876891600541,0
2001,2025,2.302585092994046,6.037870919922137,5.1298987149230735,3.4011973816621555,0
2001,2026,1.3862943611198906,5.43372200355424,3.40221536267937,2.9583059020013858,0
2002,2021,3.375953006451424,5.37989735354046,1.791759469228055,2.1972245773362196,0
2002,2022,1.9786874433365251,6.07073772800249,3.828641396489095,2.833213344056216,0
2002,2023,0.6931471805599453,6.07073772800249,2.772588722239781,2.833213344056216,0
2002,2024,1.0986122886681098,6.07073772800249,4.02535169073515,2.995732273553991,0
2002,2025,2.801160056881481,5.983936280687191,3.58351893845611,1.791759469228055,0
2002,2026,0.6931471805599453,5.37989735354046,2.607266958009199,2.5592462989154696,1
2003,2021,4.137074011376304,5.424950017481403,1.791759469228055,4.343805421853684,0
2003,2022,1.858384071793721,6.124683390894205,3.828641396489095,5.0369526024136295,0
2003,2023,2.5649493574615367,6.124683390894205,2.70805020110221,5.10594547390058,0
2003,2024,2.9444389791664403,6.124683390894205,3.8066624897703196,5.214935757608986,0
2003,2025,2.70805020110221,6.037870919922137,3.367295829986474,3.9512437185814275,0
2003,2026,1.9459101490553132,5.43372200355424,3.8282489256545973,2.860080559940752,0
2101,2021,5.641389308102039,5.424950017481403,4.007333185232471,5.4510384535657,0
2101,2022,2.5233912759330392,6.124683390894205,6.18826412308259,6.175867270105761,0
2101,2023,4.727387818712341,6.124683390894205,5.093750200806762,6.439350371100098,0
2101,2024,5.384495062789089,6.124683390894205,6.249975242259483,6.670766320845874,0
2101,2025,5.236441962829949,6.037870919922137,5.799092654460526,5.575949103146316,0
2101,2026,4.700480365792417,5.43372200355424,3.9536279771213474,2.742656803033633,0
2102,2021,6.008874285666836,5.424950017481403,4.189654742026425,3.6635616461296463,0
2102,2022,2.1547049799785642,6.124683390894205,5.497168225293202,4.343805421853684,0
2102,2023,1.791759469228055,6.124683390894205,4.406719247264253,4.31748811353631,0
2102,2024,2.4849066497880004,6.124683390894205,5.579729825986222,4.343805421853684,0
2102,2025,2.3978952727983707,6.037870919922137,5.1298987149230735,2.995732273553991,0
2102,2026,1.9459101490553132,5.43372200355424,3.8282489256545973,2.860080559940752,0
2103,2021,5.78794336504202,5.424950017481403,4.6913478822291435,1.9459101490553132,0
2103,2022,2.5194066134870914,6.124683390894205,2.9444389791664403,2.5649493574615367,0
2103,2023,1.6094379124341003,6.124683390894205,1.9459101490553132,2.5649493574615367,0
2103,2024,2.772588722239781,6.124683390894205,3.1354942159291497,2.70805020110221,0
2103,2025,2.6390573296152584,6.037870919922137,2.70805020110221,1.791759469228055,0
2103,2026,2.302585092994046,5.43372200355424,4.226281162879937,3.8823132438975536,0
2104,2021,5.8122723737332525,5.424950017481403,5.517452896464707,2.995732273553991,0
2104,2022,2.180271654280541,6.124683390894205,6.2766434893416445,3.713572066704308,0
2104,2023,4.04305126783455,6.124683390894205,5.181783550292085,3.9318256327243257,0
2104,2024,4.382026634673881,6.124683390894205,6.249975242259483,4.143134726391533,0
2104,2025,4.330733340286331,6.037870919922137,5.799092654460526,3.7376696182833684,0
2104,2026,3.8918202981106265,5.43372200355424,4.047611845159608,5.946511507477057,0
2105,2021,5.227271288860714,5.424950017481403,2.4561061112896367,1.0986122886681098,0
2105,2022,1.668567960854292,6.124683390894205,4.114094100644506,1.6094379124341003,0
2105,2023,1.3862943611198906,6.124683390894205,3.6872704602192954,1.6094379124341003,0
2105,2024,1.791759469228055,6.124683390894205,4.779845689777447,1.6094379124341003,0
2105,2025,1.791759469228055,6.037870919922137,4.351546113608147,0.6931471805599453,0
2105,2026,0.6931471805599453,5.43372200355424,4.602943157543083,5.641964491691401,0
2106,2021,5.78794336504202,5.424950017481403,4.127134385045092,2.70805020110221,0
2106,2022,2.3184618988448586,6.124683390894205,3.5790132605425873,3.2188758248682006,0
2106,2023,2.302585092994046,6.124683390894205,4.874050183724675,3.2188758248682006,0
2106,2024,2.833213344056216,6.124683390894205,4.972636770481817,3.367295829986474,0
2106,2025,2.6390573296152584,6.037870919922137,3.876408760813503,2.1972245773362196,0
2106,2026,2.1972245773362196,5.43372200355424,4.349127651594053,3.9514244282662774,0
2107,2021,5.78794336504202,5.424950017481403,3.5553480614894135,1.9459101490553132,0
2107,2022,2.3485850914161848,6.124683390894205,5.726847747587197,2.302585092994046,0
2107,2023,1.791759469228055,6.124683390894205,4.634728988229636,2.5649493574615367,0
2107,2024,2.8903717578961645,6.124683390894205,5.8664680569332965,2.833213344056216,0
2107,2025,2.1972245773362196,6.037870919922137,5.41610040220442,2.0794415416798357,0
2107,2026,2.302585092994046,5.43372200355424,4.226281162879937,3.8823132438975536,0
2202,2021,2.522507450794284,5.199244953500047,2.302585092994046,1.6094379124341003,0
2202,2022,2.8431041630778955,6.107320896699791,4.406719247264253,2.1972245773362196,0
2202,2023,1.791759469228055,5.55455178682782,3.2188758248682006,2.1972245773362196,0
2202,2024,2.302585092994046,5.5719142810222335,4.48863636973214,2.1972245773362196,0
2202,2025,2.302585092994046,5.431967606339673,4.04305126783455,1.0986122886681098,0
2203,2021,4.685829619231979,5.424950017481403,2.4857632233646085,5.1298987149230735,0
2203,2022,2.299684155753469,6.124683390894205,4.770178578842173,5.820082930352362,0
2203,2023,3.6375861597263857,6.124683390894205,4.5941506415773175,5.820082930352362,0
2203,2024,4.382026634673881,6.124683390894205,4.304886929052502,5.834810737062605,0
2203,2025,4.382026634673881,6.037870919922137,4.733344867119778,4.5217885770490405,0
2203,2026,3.8066624897703196,5.43372200355424,3.3769457720610605,2.959639491895622,0
2204,2021,5.641389308102039,5.424950017481403,3.828641396489095,5.726847747587197,0
2204,2022,2.016075543866575,6.124683390894205,3.332204510175204,6.434546518787453,0
2204,2023,2.772588722239781,6.124683390894205,4.574710978503383,6.54965074223381,0
2204,2024,3.4657359027997265,6.124683390894205,5.8664680569332965,6.586171654854675,0
2204,2025,3.258096538021482,6.037870919922137,5.41610040220442,5.225746673713202,0
2204,2026,2.302585092994046,5.43372200355424,4.226281162879937,3.8823132438975536,0
2301,2021,3.4605159557400795,5.424950017481403,3.8066624897703196,7.009408932708637,0
2301,2022,2.740701159176806,6.124683390894205,5.983936280687191,7.719129840906732,0
2301,2023,5.666426688112432,6.124683390894205,4.890349128221754,7.735870319952567,0
2301,2024,6.648984550024776,6.124683390894205,6.184148890937483,7.649692623711514,0
2301,2025,6.523562306149512,6.037870919922137,5.752572638825633,6.278521424165844,0
2301,2026,5.805134968916488,5.43372200355424,3.9197695488640534,5.095191203322446,0
2302,2021,4.597722505834214,5.424950017481403,1.791759469228055,3.077984429694939,0
2302,2022,2.168198336161896,6.124683390894205,3.828641396489095,2.822200907571386,0
2302,2023,3.2188758248682006,6.124683390894205,2.772588722239781,2.675703216465097,0
2302,2024,4.1588830833596715,6.124683390894205,4.02535169073515,2.4612966862924175,0
2302,2025,3.871201010907891,6.037870919922137,3.58351893845611,2.8819353659660867,0
2302,2026,3.1354942159291497,5.43372200355424,4.061615158916271,4.560627507219051,0
2401,2021,3.737174355713723,5.424950017481403,4.31748811353631,6.331501849893691,0
2401,2022,2.598150028787142,6.124683390894205,6.489204931325317,7.00033446027523,0
2401,2023,4.007333185232471,6.124683390894205,5.351858133476067,7.077498053569231,0
2401,2024,4.77912349311153,6.124683390894205,6.650279048587422,7.136483208590247,0
2401,2025,4.634728988229636,6.037870919922137,6.210600077024653,5.7745515455444085,0
2401,2026,3.258096538021482,5.43372200355424,3.905532224458196,2.826143076145475,0
2402,2021,5.4608217482550545,5.4680601411351315,3.044522437723423,5.720311776607412,0
2402,2022,2.481974053049369,6.175867270105761,5.198497031265826,6.400257445308821,0
2402,2023,4.189654742026425,6.175867270105761,4.007333185232471,6.447305862541213,0
2402,2024,4.941642422609304,6.175867270105761,5.293304824724492,6.543911845564792,0
2402,2025,4.919980925828125,6.089044875446846,4.844187086458591,5.181783550292085,0
2402,2026,3.6375861597263857,5.484796933490655,3.8341202278345157,5.821129010249348,0
2403,2021,5.3849238239140735,5.424950017481403,2.302585092994046,5.568344503761097,0
2403,2022,2.1881157969111973,6.124683390894205,4.406719247264253,6.248042874508429,0
2403,2023,3.091042453358316,6.124683390894205,3.091042453358316,6.336825731146441,0
2403,2024,3.970291913552122,6.124683390894205,4.356708826689592,6.447305862541213,0
2403,2025,3.9318256327243257,6.037870919922137,3.912023005428146,5.099866427824199,0
2403,2026,2.9444389791664403,5.43372200355424,4.587901145561416,6.459851188253526,0
