cod_canton,anio,Agencia de Aseguramiento de  | permisos-de-funcionamiento,Consejo Nacional para la Igu | registro-nacional-de-discapacidades,Instituto Ecuatoriano de Seg | encuesta-familiar-del-seguro-social-campesino,Instituto Nacional de Estadí | anuario-estadisticas-transporte-siniestros-2019,Instituto Nacional de Patrim | patrimonio-cultural-inmaterial,Ministerio de Agricultura Y  | precios-monitoreado-de-productos-en-mercados-mayoristas-a-nivel-nacional-2022may,Ministerio de Agricultura Y  | precios-promedio-mensuales-agroindustrias-correspondientes-a-extractoras-de-acei,Ministerio de Agricultura Y  | precios-promedio-mensuales-agroindustrias-en-centros-acopio-y-bodegas-de-granos,Ministerio de Agricultura Y  | precios-promedio-mensuales-de-agroindustrias-centros-de-acopio-de-cacao,Ministerio de Agricultura Y  | precios-promedio-mensuales-de-agroindustrias-de-molinos-empresariales,Ministerio de Agricultura Y  | precios-promedio-mensuales-de-agroindustrias-de-piladoras,Ministerio de Agricultura Y  | precios-promedio-mensuales-de-agroindustrias-en-centros-de-acopio-de-cafe,Ministerio de Cultura y Patr | registro-unico-de-artistas-y-gestores-culturales-ruac,Ministerio de Defensa Nacion | detalle-de-personas-que-se-encuentran-en-el-servicio-civico-militar-en-el-period,"Ministerio de Producción, Co | registro-tecnico-de-inspeccion-de-control-posterior",Ministerio de Relaciones Ext | registro-movilidad-humana-vulnerabilidades,"Ministerio del Ambiente, Agu | focos-de-calor","Ministerio del Ambiente, Agu | superficie-de-territorio-nacional-bajo-conservacion-o-manejo-ambiental","Ministerio del Ambiente, Agu | volumen-revisado-retenido-destino-final","Ministerio del Ambiente, Agu | volumen-revisado-y-retenido-de-producto-forestal-del-componente-unidades-moviles",Presidencia de la República  | reporte-atencion-ciudadana-julio-agosto-2021,Registro Civil | base_transaccional_sir,Registro Civil | certificado-digital-de-firma-electronica-direccion-general-de-registro-civil,Registro Civil | certificados-en-agencias-de-la-direccion-general-de-registro-civil,Secretaría Técnica Ecuador C | mujeres-gestantes-pobres-reciben-programas-del-mies-datos-prueba-piloto-infancia,Secretaría Técnica Ecuador C | ninas-ninos-menores-24-meses-que-tuvieron-alguna-alerta-ministerios-msp-mies-niv,Secretaría de Derechos Human | matriz-integral-de-registros-de-atencion,Servicio Integrado de Seguri | base-de-emergencias
0101,2019,0.0,0.0,0.0,1024.0,0.0,0.0,0.0,0.0,0.0,0.0,0.0,0.0,0.0,0.0,0.0,0.0,0.0,0.0,0.0,0.0,0.0,0.0,0.0,0.0,0.0,0.0,0.0,0.0
0101,2020,0.0,0.0,0.0,0.0,0.0,0.0,0.0,0.0,0.0,0.0,0.0,0.0,0.0,0.0,0.0,0.0,0.0,0.0,0.0,0.0,0.0,0.0,0.0,0.0,0.0,0.0,1767.0,0.0
0101,2021,0.0,0.0,226.0,0.0,510.0,0.0,0.0,0.0,0.0,0.0,0.0,0.0,2683.0,0.0,0.0,0.0,0.0,102.0,0.0,0.0,0.0,0.0,0.0,0.0,0.0,0.0,1843.0,0.0
0101,2022,0.0,0.0,456.0,0.0,4357.0,5052.0,0.0,0.0,0.0,0.0,0.0,0.0,5563.0,0.0,960.0,0.0,56.0,108.0,4432.0,308.0,321.0,0.0,0.0,0.0,0.0,0.0,0.0,0.0
0101,2023,1536.0,4830.0,456.0,0.0,1467.0,0.0,0.0,0.0,0.0,0.0,0.0,0.0,5824.0,0.0,1485.0,0.0,0.0,0.0,0.0,250.0,206.0,630.0,622.0,2518.0,0.0,0.0,0.0,0.0
0101,2024,2893.0,0.0,456.0,0.0,5379.0,0.0,0.0,28.0,0.0,0.0,0.0,0.0,6141.0,1126.0,1490.0,2177.0,0.0,0.0,0.0,170.0,176.0,0.0,0.0,0.0,1316.0,4288.0,0.0,0.0
0101,2025,3101.0,0.0,418.0,0.0,3160.0,0.0,0.0,28.0,0.0,0.0,0.0,0.0,1631.0,315.0,1163.0,1500.0,0.0,0.0,0.0,0.0,53.0,0.0,0.0,0.0,627.0,1650.0,0.0,0.0
0101,2026,1368.0,0.0,228.0,0.0,0.0,0.0,0.0,14.0,0.0,0.0,0.0,0.0,0.0,0.0,0.0,530.0,0.0,0.0,0.0,0.0,0.0,0.0,0.0,0.0,0.0,0.0,0.0,29204.0
0102,2019,0.0,0.0,0.0,35.0,0.0,0.0,0.0,0.0,0.0,0.0,0.0,0.0,0.0,0.0,0.0,0.0,0.0,0.0,0.0,0.0,0.0,0.0,0.0,0.0,0.0,0.0,0.0,0.0
0102,2020,0.0,0.0,0.0,0.0,0.0,0.0,0.0,0.0,0.0,0.0,0.0,0.0,0.0,0.0,0.0,0.0,0.0,0.0,0.0,0.0,0.0,0.0,0.0,0.0,0.0,0.0,5.0,0.0
0102,2021,0.0,0.0,226.0,0.0,41.0,0.0,0.0,0.0,0.0,0.0,0.0,0.0,8.0,0.0,0.0,0.0,0.0,14.0,0.0,0.0,0.0,0.0,0.0,0.0,0.0,0.0,5.0,0.0
0102,2022,0.0,0.0,456.0,0.0,351.0,0.0,0.0,0.0,0.0,0.0,0.0,0.0,16.0,0.0,0.0,0.0,38.0,14.0,12.0,0.0,5.0,0.0,0.0,0.0,0.0,0.0,0.0,0.0
0102,2023,16.0,234.0,456.0,0.0,117.0,0.0,0.0,0.0,0.0,0.0,0.0,0.0,16.0,0.0,83.0,0.0,0.0,0.0,0.0,0.0,0.0,223.0,0.0,557.0,0.0,0.0,0.0,0.0
0102,2024,28.0,0.0,456.0,0.0,423.0,0.0,0.0,0.0,0.0,0.0,0.0,0.0,18.0,0.0,19.0,56.0,0.0,0.0,0.0,2.0,0.0,0.0,0.0,0.0,48.0,127.0,0.0,0.0
0102,2025,33.0,0.0,418.0,0.0,259.0,0.0,0.0,0.0,0.0,0.0,0.0,0.0,5.0,0.0,28.0,44.0,0.0,0.0,0.0,0.0,1.0,0.0,0.0,0.0,27.0,57.0,0.0,0.0
0102,2026,11.0,0.0,228.0,0.0,0.0,0.0,0.0,0.0,0.0,0.0,0.0,0.0,0.0,0.0,0.0,7.0,0.0,0.0,0.0,0.0,0.0,0.0,0.0,0.0,0.0,0.0,0.0,294.0
0103,2019,0.0,0.0,0.0,64.0,0.0,0.0,0.0,0.0,0.0,0.0,0.0,0.0,0.0,0.0,0.0,0.0,0.0,0.0,0.0,0.0,0.0,0.0,0.0,0.0,0.0,0.0,0.0,0.0
0103,2020,0.0,0.0,0.0,0.0,0.0,0.0,0.0,0.0,0.0,0.0,0.0,0.0,0.0,0.0,0.0,0.0,0.0,0.0,0.0,0.0,0.0,0.0,0.0,0.0,0.0,0.0,31.0,0.0
0103,2021,0.0,0.0,226.0,0.0,131.0,0.0,0.0,0.0,0.0,0.0,0.0,0.0,44.0,0.0,0.0,0.0,0.0,24.0,0.0,0.0,0.0,0.0,0.0,0.0,0.0,0.0,48.0,0.0
0103,2022,0.0,0.0,456.0,0.0,999.0,0.0,0.0,0.0,0.0,0.0,0.0,0.0,97.0,0.0,54.0,0.0,0.0,24.0,960.0,152.0,1.0,0.0,0.0,0.0,0.0,0.0,0.0,0.0
0103,2023,59.0,623.0,456.0,0.0,333.0,0.0,0.0,0.0,0.0,0.0,0.0,0.0,100.0,0.0,363.0,0.0,0.0,0.0,0.0,62.0,1.0,225.0,0.0,696.0,0.0,0.0,0.0,0.0
0103,2024,91.0,0.0,456.0,0.0,1221.0,0.0,0.0,0.0,0.0,0.0,0.0,0.0,108.0,0.0,195.0,225.0,0.0,0.0,0.0,38.0,3.0,0.0,0.0,0.0,216.0,555.0,0.0,0.0
0103,2025,97.0,0.0,418.0,0.0,701.0,0.0,0.0,0.0,0.0,0.0,0.0,0.0,31.0,0.0,62.0,187.0,0.0,0.0,0.0,0.0,0.0,0.0,0.0,0.0,122.0,224.0,0.0,0.0
0103,2026,45.0,0.0,228.0,0.0,0.0,0.0,0.0,0.0,0.0,0.0,0.0,0.0,0.0,0.0,0.0,97.0,0.0,0.0,0.0,0.0,0.0,0.0,0.0,0.0,0.0,0.0,0.0,858.0
0104,2019,0.0,0.0,0.0,7.0,0.0,0.0,0.0,0.0,0.0,0.0,0.0,0.0,0.0,0.0,0.0,0.0,0.0,0.0,0.0,0.0,0.0,0.0,0.0,0.0,0.0,0.0,0.0,0.0
0104,2020,0.0,0.0,0.0,0.0,0.0,0.0,0.0,0.0,0.0,0.0,0.0,0.0,0.0,0.0,0.0,0.0,0.0,0.0,0.0,0.0,0.0,0.0,0.0,0.0,0.0,0.0,5.0,0.0
0104,2021,0.0,0.0,226.0,0.0,47.0,0.0,0.0,0.0,0.0,0.0,0.0,0.0,8.0,0.0,0.0,0.0,0.0,16.0,0.0,0.0,0.0,0.0,0.0,0.0,0.0,0.0,9.0,0.0
0104,2022,0.0,0.0,456.0,0.0,405.0,0.0,0.0,0.0,0.0,0.0,0.0,0.0,16.0,0.0,0.0,0.0,16.0,16.0,198.0,12.0,9.0,0.0,0.0,0.0,0.0,0.0,0.0,0.0
0104,2023,7.0,313.0,456.0,0.0,135.0,0.0,0.0,0.0,0.0,0.0,0.0,0.0,16.0,0.0,26.0,0.0,0.0,0.0,0.0,38.0,0.0,190.0,0.0,499.0,0.0,0.0,0.0,0.0
0104,2024,17.0,0.0,456.0,0.0,495.0,0.0,0.0,0.0,0.0,0.0,0.0,0.0,16.0,0.0,33.0,29.0,0.0,0.0,0.0,10.0,0.0,0.0,0.0,0.0,93.0,162.0,0.0,0.0
0104,2025,10.0,0.0,418.0,0.0,315.0,0.0,0.0,0.0,0.0,0.0,0.0,0.0,4.0,0.0,0.0,33.0,0.0,0.0,0.0,0.0,0.0,0.0,0.0,0.0,49.0,56.0,0.0,0.0
0104,2026,3.0,0.0,228.0,0.0,0.0,0.0,0.0,0.0,0.0,0.0,0.0,0.0,0.0,0.0,0.0,28.0,0.0,0.0,0.0,0.0,0.0,0.0,0.0,0.0,0.0,0.0,0.0,181.0
0105,2019,0.0,0.0,0.0,36.0,0.0,0.0,0.0,0.0,0.0,0.0,0.0,0.0,0.0,0.0,0.0,0.0,0.0,0.0,0.0,0.0,0.0,0.0,0.0,0.0,0.0,0.0,0.0,0.0
0105,2020,0.0,0.0,0.0,0.0,0.0,0.0,0.0,0.0,0.0,0.0,0.0,0.0,0.0,0.0,0.0,0.0,0.0,0.0,0.0,0.0,0.0,0.0,0.0,0.0,0.0,0.0,8.0,0.0
0105,2021,0.0,0.0,226.0,0.0,47.0,0.0,0.0,0.0,0.0,0.0,0.0,0.0,8.0,0.0,0.0,0.0,0.0,16.0,0.0,0.0,0.0,0.0,0.0,0.0,0.0,0.0,13.0,0.0
0105,2022,0.0,0.0,456.0,0.0,414.0,0.0,0.0,0.0,0.0,0.0,0.0,0.0,16.0,0.0,6.0,0.0,2.0,16.0,80.0,16.0,12.0,0.0,0.0,0.0,0.0,0.0,0.0,0.0
0105,2023,47.0,513.0,456.0,0.0,138.0,0.0,0.0,0.0,0.0,0.0,0.0,0.0,26.0,0.0,156.0,0.0,0.0,0.0,0.0,12.0,20.0,225.0,0.0,578.0,0.0,0.0,0.0,0.0
0105,2024,63.0,0.0,456.0,0.0,466.0,0.0,0.0,0.0,0.0,0.0,0.0,0.0,37.0,0.0,109.0,94.0,0.0,0.0,0.0,2.0,9.0,0.0,0.0,0.0,90.0,296.0,0.0,0.0
0105,2025,62.0,0.0,418.0,0.0,266.0,0.0,0.0,0.0,0.0,0.0,0.0,0.0,11.0,0.0,38.0,74.0,0.0,0.0,0.0,0.0,15.0,0.0,0.0,0.0,55.0,134.0,0.0,0.0
0105,2026,30.0,0.0,228.0,0.0,0.0,0.0,0.0,0.0,0.0,0.0,0.0,0.0,0.0,0.0,0.0,18.0,0.0,0.0,0.0,0.0,0.0,0.0,0.0,0.0,0.0,0.0,0.0,517.0
0106,2019,0.0,0.0,0.0,1.0,0.0,0.0,0.0,0.0,0.0,0.0,0.0,0.0,0.0,0.0,0.0,0.0,0.0,0.0,0.0,0.0,0.0,0.0,0.0,0.0,0.0,0.0,0.0,0.0
0106,2020,0.0,0.0,0.0,0.0,0.0,0.0,0.0,0.0,0.0,0.0,0.0,0.0,0.0,0.0,0.0,0.0,0.0,0.0,0.0,0.0,0.0,0.0,0.0,0.0,0.0,0.0,8.0,0.0
0106,2021,0.0,0.0,226.0,0.0,45.0,0.0,0.0,0.0,0.0,0.0,0.0,0.0,2.0,0.0,0.0,0.0,0.0,6.0,0.0,0.0,0.0,0.0,0.0,0.0,0.0,0.0,20.0,0.0
0106,2022,0.0,0.0,456.0,0.0,387.0,0.0,0.0,0.0,0.0,0.0,0.0,0.0,4.0,0.0,0.0,0.0,80.0,6.0,2.0,0.0,4.0,0.0,0.0,0.0,0.0,0.0,0.0,0.0
0106,2023,6.0,221.0,456.0,0.0,129.0,0.0,0.0,0.0,0.0,0.0,0.0,0.0,4.0,0.0,12.0,0.0,0.0,0.0,0.0,4.0,0.0,186.0,0.0,319.0,0.0,0.0,0.0,0.0
0106,2024,13.0,0.0,456.0,0.0,461.0,0.0,0.0,0.0,0.0,0.0,0.0,0.0,4.0,0.0,0.0,48.0,0.0,0.0,0.0,0.0,2.0,0.0,0.0,0.0,61.0,112.0,0.0,0.0
0106,2025,8.0,0.0,418.0,0.0,280.0,0.0,0.0,0.0,0.0,0.0,0.0,0.0,1.0,0.0,0.0,31.0,0.0,0.0,0.0,0.0,1.0,0.0,0.0,0.0,53.0,39.0,0.0,0.0
0106,2026,5.0,0.0,228.0,0.0,0.0,0.0,0.0,0.0,0.0,0.0,0.0,0.0,0.0,0.0,0.0,10.0,0.0,0.0,0.0,0.0,0.0,0.0,0.0,0.0,0.0,0.0,0.0,106.0
0107,2019,0.0,0.0,0.0,0.0,0.0,0.0,0.0,0.0,0.0,0.0,0.0,0.0,0.0,0.0,0.0,0.0,0.0,0.0,0.0,0.0,0.0,0.0,0.0,0.0,0.0,0.0,0.0,0.0
0107,2020,0.0,0.0,0.0,0.0,0.0,0.0,0.0,0.0,0.0,0.0,0.0,0.0,0.0,0.0,0.0,0.0,0.0,0.0,0.0,0.0,0.0,0.0,0.0,0.0,0.0,0.0,1.0,0.0
0107,2021,0.0,0.0,226.0,0.0,40.0,0.0,0.0,0.0,0.0,0.0,0.0,0.0,6.0,0.0,0.0,0.0,0.0,16.0,0.0,0.0,0.0,0.0,0.0,0.0,0.0,0.0,1.0,0.0
0107,2022,0.0,0.0,456.0,0.0,333.0,0.0,0.0,0.0,0.0,0.0,0.0,0.0,12.0,0.0,0.0,0.0,2.0,16.0,0.0,0.0,1.0,0.0,0.0,0.0,0.0,0.0,0.0,0.0
0107,2023,4.0,93.0,456.0,0.0,111.0,0.0,0.0,0.0,0.0,0.0,0.0,0.0,12.0,0.0,7.0,0.0,0.0,0.0,0.0,0.0,0.0,0.0,0.0,0.0,0.0,0.0,0.0,0.0
0107,2024,9.0,0.0,456.0,0.0,395.0,0.0,0.0,0.0,0.0,0.0,0.0,0.0,12.0,0.0,8.0,15.0,0.0,0.0,0.0,0.0,0.0,0.0,0.0,0.0,11.0,47.0,0.0,0.0
0107,2025,9.0,0.0,418.0,0.0,238.0,0.0,0.0,0.0,0.0,0.0,0.0,0.0,3.0,0.0,0.0,7.0,0.0,0.0,0.0,0.0,0.0,0.0,0.0,0.0,6.0,17.0,0.0,0.0
0107,2026,1.0,0.0,228.0,0.0,0.0,0.0,0.0,0.0,0.0,0.0,0.0,0.0,0.0,0.0,0.0,3.0,0.0,0.0,0.0,0.0,0.0,0.0,0.0,0.0,0.0,0.0,0.0,34.0
0108,2019,0.0,0.0,0.0,31.0,0.0,0.0,0.0,0.0,0.0,0.0,0.0,0.0,0.0,0.0,0.0,0.0,0.0,0.0,0.0,0.0,0.0,0.0,0.0,0.0,0.0,0.0,0.0,0.0
0108,2020,0.0,0.0,0.0,0.0,0.0,0.0,0.0,0.0,0.0,0.0,0.0,0.0,0.0,0.0,0.0,0.0,0.0,0.0,0.0,0.0,0.0,0.0,0.0,0.0,0.0,0.0,32.0,0.0
0108,2021,0.0,0.0,226.0,0.0,31.0,0.0,0.0,0.0,0.0,0.0,0.0,0.0,6.0,0.0,0.0,0.0,0.0,28.0,0.0,0.0,0.0,0.0,0.0,0.0,0.0,0.0,28.0,0.0
0108,2022,0.0,0.0,456.0,0.0,279.0,120.0,0.0,0.0,0.0,0.0,0.0,0.0,12.0,0.0,0.0,0.0,6.0,28.0,0.0,0.0,6.0,0.0,0.0,0.0,0.0,0.0,0.0,0.0
0108,2023,22.0,329.0,456.0,0.0,93.0,0.0,0.0,0.0,0.0,0.0,0.0,0.0,15.0,0.0,138.0,0.0,0.0,0.0,0.0,26.0,0.0,226.0,1.0,586.0,0.0,0.0,0.0,0.0
0108,2024,32.0,0.0,456.0,0.0,337.0,0.0,0.0,0.0,0.0,0.0,0.0,0.0,16.0,0.0,48.0,77.0,0.0,0.0,0.0,0.0,1.0,0.0,0.0,0.0,114.0,291.0,0.0,0.0
0108,2025,49.0,0.0,418.0,0.0,210.0,0.0,0.0,0.0,0.0,0.0,0.0,0.0,4.0,0.0,0.0,50.0,0.0,0.0,0.0,0.0,0.0,0.0,0.0,0.0,63.0,106.0,0.0,0.0
0108,2026,13.0,0.0,228.0,0.0,0.0,0.0,0.0,0.0,0.0,0.0,0.0,0.0,0.0,0.0,0.0,22.0,0.0,0.0,0.0,0.0,0.0,0.0,0.0,0.0,0.0,0.0,0.0,458.0
0109,2019,0.0,0.0,0.0,12.0,0.0,0.0,0.0,0.0,0.0,0.0,0.0,0.0,0.0,0.0,0.0,0.0,0.0,0.0,0.0,0.0,0.0,0.0,0.0,0.0,0.0,0.0,0.0,0.0
0109,2020,0.0,0.0,0.0,0.0,0.0,0.0,0.0,0.0,0.0,0.0,0.0,0.0,0.0,0.0,0.0,0.0,0.0,0.0,0.0,0.0,0.0,0.0,0.0,0.0,0.0,0.0,39.0,0.0
0109,2021,0.0,0.0,226.0,0.0,168.0,0.0,0.0,0.0,0.0,0.0,0.0,0.0,30.0,0.0,0.0,0.0,0.0,18.0,0.0,0.0,0.0,0.0,0.0,0.0,0.0,0.0,14.0,0.0
0109,2022,0.0,0.0,456.0,0.0,1485.0,0.0,0.0,0.0,0.0,0.0,0.0,0.0,68.0,0.0,0.0,0.0,14.0,18.0,116.0,0.0,0.0,0.0,0.0,0.0,0.0,0.0,0.0,0.0
0109,2023,19.0,512.0,456.0,0.0,495.0,0.0,0.0,0.0,0.0,0.0,0.0,0.0,68.0,0.0,74.0,0.0,0.0,0.0,0.0,20.0,0.0,221.0,0.0,621.0,0.0,0.0,0.0,0.0
0109,2024,37.0,0.0,456.0,0.0,1815.0,0.0,0.0,0.0,0.0,0.0,0.0,0.0,68.0,0.0,52.0,118.0,0.0,0.0,0.0,6.0,1.0,0.0,0.0,0.0,151.0,321.0,0.0,0.0
0109,2025,39.0,0.0,418.0,0.0,1133.0,0.0,0.0,0.0,0.0,0.0,0.0,0.0,17.0,0.0,14.0,94.0,0.0,0.0,0.0,0.0,0.0,0.0,0.0,0.0,87.0,141.0,0.0,0.0
0109,2026,18.0,0.0,228.0,0.0,0.0,0.0,0.0,0.0,0.0,0.0,0.0,0.0,0.0,0.0,0.0,60.0,0.0,0.0,0.0,0.0,0.0,0.0,0.0,0.0,0.0,0.0,0.0,356.0
0110,2019,0.0,0.0,0.0,2.0,0.0,0.0,0.0,0.0,0.0,0.0,0.0,0.0,0.0,0.0,0.0,0.0,0.0,0.0,0.0,0.0,0.0,0.0,0.0,0.0,0.0,0.0,0.0,0.0
0110,2020,0.0,0.0,0.0,0.0,0.0,0.0,0.0,0.0,0.0,0.0,0.0,0.0,0.0,0.0,0.0,0.0,0.0,0.0,0.0,0.0,0.0,0.0,0.0,0.0,0.0,0.0,0.0,0.0
0110,2021,0.0,0.0,224.0,0.0,47.0,0.0,0.0,0.0,0.0,0.0,0.0,0.0,4.0,0.0,0.0,0.0,0.0,8.0,0.0,0.0,0.0,0.0,0.0,0.0,0.0,0.0,0.0,0.0
0110,2022,0.0,0.0,456.0,0.0,423.0,0.0,0.0,0.0,0.0,0.0,0.0,0.0,10.0,0.0,4.0,0.0,16.0,12.0,110.0,12.0,3.0,0.0,0.0,0.0,0.0,0.0,0.0,0.0
0110,2023,4.0,115.0,456.0,0.0,141.0,0.0,0.0,0.0,0.0,0.0,0.0,0.0,12.0,0.0,0.0,0.0,0.0,0.0,0.0,2.0,1.0,81.0,0.0,207.0,0.0,0.0,0.0,0.0
0110,2024,4.0,0.0,456.0,0.0,511.0,0.0,0.0,0.0,0.0,0.0,0.0,0.0,12.0,0.0,26.0,8.0,0.0,0.0,0.0,2.0,1.0,0.0,0.0,0.0,26.0,60.0,0.0,0.0
0110,2025,4.0,0.0,416.0,0.0,315.0,0.0,0.0,0.0,0.0,0.0,0.0,0.0,3.0,0.0,0.0,1.0,0.0,0.0,0.0,0.0,0.0,0.0,0.0,0.0,6.0,11.0,0.0,0.0
0110,2026,1.0,0.0,228.0,0.0,0.0,0.0,0.0,0.0,0.0,0.0,0.0,0.0,0.0,0.0,0.0,1.0,0.0,0.0,0.0,0.0,0.0,0.0,0.0,0.0,0.0,0.0,0.0,72.0
0111,2019,0.0,0.0,0.0,1.0,0.0,0.0,0.0,0.0,0.0,0.0,0.0,0.0,0.0,0.0,0.0,0.0,0.0,0.0,0.0,0.0,0.0,0.0,0.0,0.0,0.0,0.0,0.0,0.0
0111,2020,0.0,0.0,0.0,0.0,0.0,0.0,0.0,0.0,0.0,0.0,0.0,0.0,0.0,0.0,0.0,0.0,0.0,0.0,0.0,0.0,0.0,0.0,0.0,0.0,0.0,0.0,9.0,0.0
0111,2021,0.0,0.0,226.0,0.0,59.0,0.0,0.0,0.0,0.0,0.0,0.0,0.0,18.0,0.0,0.0,0.0,0.0,10.0,0.0,0.0,0.0,0.0,0.0,0.0,0.0,0.0,32.0,0.0
0111,2022,0.0,0.0,456.0,0.0,414.0,0.0,0.0,0.0,0.0,0.0,0.0,0.0,40.0,0.0,2.0,0.0,0.0,10.0,14.0,2.0,1.0,0.0,0.0,0.0,0.0,0.0,0.0,0.0
0111,2023,17.0,288.0,456.0,0.0,132.0,0.0,0.0,0.0,0.0,0.0,0.0,0.0,40.0,0.0,23.0,0.0,0.0,0.0,0.0,0.0,0.0,0.0,0.0,0.0,0.0,0.0,0.0,0.0
0111,2024,24.0,0.0,456.0,0.0,473.0,0.0,0.0,0.0,0.0,0.0,0.0,0.0,40.0,0.0,0.0,55.0,0.0,0.0,0.0,0.0,0.0,0.0,0.0,0.0,65.0,164.0,0.0,0.0
0111,2025,27.0,0.0,418.0,0.0,301.0,0.0,0.0,0.0,0.0,0.0,0.0,0.0,10.0,0.0,0.0,50.0,0.0,0.0,0.0,0.0,0.0,0.0,0.0,0.0,48.0,62.0,0.0,0.0
0111,2026,12.0,0.0,228.0,0.0,0.0,0.0,0.0,0.0,0.0,0.0,0.0,0.0,0.0,0.0,0.0,18.0,0.0,0.0,0.0,0.0,0.0,0.0,0.0,0.0,0.0,0.0,0.0,188.0
0112,2019,0.0,0.0,0.0,1.0,0.0,0.0,0.0,0.0,0.0,0.0,0.0,0.0,0.0,0.0,0.0,0.0,0.0,0.0,0.0,0.0,0.0,0.0,0.0,0.0,0.0,0.0,0.0,0.0
0112,2020,0.0,0.0,0.0,0.0,0.0,0.0,0.0,0.0,0.0,0.0,0.0,0.0,0.0,0.0,0.0,0.0,0.0,0.0,0.0,0.0,0.0,0.0,0.0,0.0,0.0,0.0,6.0,0.0
0112,2021,0.0,0.0,226.0,0.0,14.0,0.0,0.0,0.0,0.0,0.0,0.0,0.0,0.0,0.0,0.0,0.0,0.0,6.0,0.0,0.0,0.0,0.0,0.0,0.0,0.0,0.0,2.0,0.0
0112,2022,0.0,0.0,456.0,0.0,126.0,0.0,0.0,0.0,0.0,0.0,0.0,0.0,0.0,0.0,0.0,0.0,0.0,6.0,0.0,0.0,0.0,0.0,0.0,0.0,0.0,0.0,0.0,0.0
0112,2023,4.0,122.0,456.0,0.0,42.0,0.0,0.0,0.0,0.0,0.0,0.0,0.0,0.0,0.0,10.0,0.0,0.0,0.0,0.0,0.0,0.0,0.0,0.0,0.0,0.0,0.0,0.0,0.0
0112,2024,4.0,0.0,456.0,0.0,154.0,0.0,0.0,0.0,0.0,0.0,0.0,0.0,0.0,0.0,0.0,13.0,0.0,0.0,0.0,0.0,0.0,0.0,0.0,0.0,4.0,19.0,0.0,0.0
0112,2025,3.0,0.0,418.0,0.0,98.0,0.0,0.0,0.0,0.0,0.0,0.0,0.0,0.0,0.0,6.0,6.0,0.0,0.0,0.0,0.0,0.0,0.0,0.0,0.0,2.0,8.0,0.0,0.0
0112,2026,1.0,0.0,228.0,0.0,0.0,0.0,0.0,0.0,0.0,0.0,0.0,0.0,0.0,0.0,0.0,3.0,0.0,0.0,0.0,0.0,0.0,0.0,0.0,0.0,0.0,0.0,0.0,36.0
0113,2019,0.0,0.0,0.0,1.0,0.0,0.0,0.0,0.0,0.0,0.0,0.0,0.0,0.0,0.0,0.0,0.0,0.0,0.0,0.0,0.0,0.0,0.0,0.0,0.0,0.0,0.0,0.0,0.0
0113,2020,0.0,0.0,0.0,0.0,0.0,0.0,0.0,0.0,0.0,0.0,0.0,0.0,0.0,0.0,0.0,0.0,0.0,0.0,0.0,0.0,0.0,0.0,0.0,0.0,0.0,0.0,0.0,0.0
0113,2021,0.0,0.0,226.0,0.0,26.0,0.0,0.0,0.0,0.0,0.0,0.0,0.0,4.0,0.0,0.0,0.0,0.0,12.0,0.0,0.0,0.0,0.0,0.0,0.0,0.0,0.0,0.0,0.0
0113,2022,0.0,0.0,456.0,0.0,216.0,0.0,0.0,0.0,0.0,0.0,0.0,0.0,8.0,0.0,0.0,0.0,6.0,16.0,14.0,0.0,3.0,0.0,0.0,0.0,0.0,0.0,0.0,0.0
0113,2023,5.0,165.0,456.0,0.0,72.0,0.0,0.0,0.0,0.0,0.0,0.0,0.0,8.0,0.0,3.0,0.0,0.0,0.0,0.0,0.0,16.0,0.0,0.0,0.0,0.0,0.0,0.0,0.0
0113,2024,15.0,0.0,456.0,0.0,264.0,0.0,0.0,0.0,0.0,0.0,0.0,0.0,8.0,0.0,0.0,16.0,0.0,0.0,0.0,0.0,6.0,0.0,0.0,0.0,17.0,39.0,0.0,0.0
0113,2025,11.0,0.0,418.0,0.0,152.0,0.0,0.0,0.0,0.0,0.0,0.0,0.0,2.0,0.0,6.0,16.0,0.0,0.0,0.0,0.0,3.0,0.0,0.0,0.0,9.0,16.0,0.0,0.0
0113,2026,6.0,0.0,228.0,0.0,0.0,0.0,0.0,0.0,0.0,0.0,0.0,0.0,0.0,0.0,0.0,2.0,0.0,0.0,0.0,0.0,0.0,0.0,0.0,0.0,0.0,0.0,0.0,22.0
0114,2019,0.0,0.0,0.0,1.0,0.0,0.0,0.0,0.0,0.0,0.0,0.0,0.0,0.0,0.0,0.0,0.0,0.0,0.0,0.0,0.0,0.0,0.0,0.0,0.0,0.0,0.0,0.0,0.0
0114,2020,0.0,0.0,0.0,0.0,0.0,0.0,0.0,0.0,0.0,0.0,0.0,0.0,0.0,0.0,0.0,0.0,0.0,0.0,0.0,0.0,0.0,0.0,0.0,0.0,0.0,0.0,1.0,0.0
0114,2021,0.0,0.0,226.0,0.0,15.0,0.0,0.0,0.0,0.0,0.0,0.0,0.0,2.0,0.0,0.0,0.0,0.0,2.0,0.0,0.0,0.0,0.0,0.0,0.0,0.0,0.0,2.0,0.0
0114,2022,0.0,0.0,456.0,0.0,72.0,0.0,0.0,0.0,0.0,0.0,0.0,0.0,4.0,0.0,0.0,0.0,0.0,2.0,0.0,0.0,1.0,0.0,0.0,0.0,0.0,0.0,0.0,0.0
0114,2023,4.0,99.0,456.0,0.0,24.0,0.0,0.0,0.0,0.0,0.0,0.0,0.0,8.0,0.0,1.0,0.0,0.0,0.0,0.0,0.0,0.0,0.0,0.0,0.0,0.0,0.0,0.0,0.0
0114,2024,4.0,0.0,456.0,0.0,88.0,0.0,0.0,0.0,0.0,0.0,0.0,0.0,8.0,0.0,0.0,5.0,0.0,0.0,0.0,0.0,0.0,0.0,0.0,0.0,10.0,34.0,0.0,0.0
0114,2025,4.0,0.0,418.0,0.0,56.0,0.0,0.0,0.0,0.0,0.0,0.0,0.0,2.0,0.0,0.0,3.0,0.0,0.0,0.0,0.0,6.0,0.0,0.0,0.0,8.0,16.0,0.0,0.0
0114,2026,1.0,0.0,228.0,0.0,0.0,0.0,0.0,0.0,0.0,0.0,0.0,0.0,0.0,0.0,0.0,5.0,0.0,0.0,0.0,0.0,0.0,0.0,0.0,0.0,0.0,0.0,0.0,33.0
0115,2019,0.0,0.0,0.0,33.0,0.0,0.0,0.0,0.0,0.0,0.0,0.0,0.0,0.0,0.0,0.0,0.0,0.0,0.0,0.0,0.0,0.0,0.0,0.0,0.0,0.0,0.0,0.0,0.0
0115,2020,0.0,0.0,0.0,0.0,0.0,0.0,0.0,0.0,0.0,0.0,0.0,0.0,0.0,0.0,0.0,0.0,0.0,0.0,0.0,0.0,0.0,0.0,0.0,0.0,0.0,0.0,2.0,0.0
0115,2021,0.0,0.0,226.0,0.0,0.0,0.0,0.0,0.0,0.0,0.0,0.0,0.0,18.0,0.0,0.0,0.0,0.0,4.0,0.0,0.0,0.0,0.0,0.0,0.0,0.0,0.0,5.0,0.0
0115,2022,0.0,0.0,456.0,0.0,0.0,0.0,0.0,0.0,0.0,0.0,0.0,0.0,32.0,0.0,8.0,0.0,0.0,4.0,140.0,80.0,5.0,0.0,0.0,0.0,0.0,0.0,0.0,0.0
0115,2023,26.0,247.0,456.0,0.0,0.0,0.0,0.0,0.0,0.0,0.0,0.0,0.0,32.0,0.0,0.0,0.0,0.0,0.0,0.0,96.0,4.0,178.0,0.0,565.0,0.0,0.0,0.0,0.0
0115,2024,42.0,0.0,456.0,0.0,0.0,0.0,0.0,0.0,0.0,0.0,0.0,0.0,32.0,0.0,0.0,0.0,0.0,0.0,0.0,160.0,3.0,0.0,0.0,0.0,236.0,467.0,0.0,0.0
0115,2025,49.0,0.0,418.0,0.0,0.0,0.0,0.0,0.0,0.0,0.0,0.0,0.0,9.0,0.0,0.0,0.0,0.0,0.0,0.0,0.0,1.0,0.0,0.0,0.0,97.0,191.0,0.0,0.0
0115,2026,17.0,0.0,228.0,0.0,0.0,0.0,0.0,0.0,0.0,0.0,0.0,0.0,0.0,0.0,0.0,0.0,0.0,0.0,0.0,0.0,0.0,0.0,0.0,0.0,0.0,0.0,0.0,496.0
0201,2019,0.0,0.0,0.0,44.0,0.0,0.0,0.0,0.0,0.0,0.0,0.0,0.0,0.0,0.0,0.0,0.0,0.0,0.0,0.0,0.0,0.0,0.0,0.0,0.0,0.0,0.0,0.0,0.0
0201,2020,0.0,0.0,0.0,0.0,0.0,0.0,0.0,0.0,0.0,0.0,0.0,0.0,0.0,0.0,0.0,0.0,0.0,0.0,0.0,0.0,0.0,0.0,0.0,0.0,0.0,0.0,289.0,0.0
0201,2021,0.0,0.0,226.0,0.0,12.0,0.0,0.0,0.0,0.0,0.0,0.0,0.0,199.0,0.0,0.0,0.0,0.0,96.0,0.0,0.0,0.0,0.0,0.0,0.0,0.0,0.0,196.0,0.0
0201,2022,0.0,0.0,456.0,0.0,108.0,914.0,0.0,742.0,310.0,0.0,0.0,0.0,485.0,0.0,0.0,0.0,80.0,96.0,382.0,36.0,32.0,0.0,0.0,0.0,0.0,0.0,0.0,0.0
0201,2023,89.0,1220.0,456.0,0.0,36.0,0.0,0.0,0.0,0.0,0.0,0.0,0.0,508.0,0.0,36.0,0.0,0.0,0.0,0.0,16.0,17.0,324.0,442.0,1082.0,0.0,0.0,0.0,0.0
0201,2024,174.0,0.0,456.0,0.0,132.0,0.0,0.0,1564.0,824.0,0.0,0.0,0.0,518.0,0.0,42.0,136.0,0.0,0.0,0.0,20.0,25.0,0.0,0.0,0.0,779.0,1310.0,0.0,0.0
0201,2025,187.0,0.0,418.0,0.0,84.0,0.0,0.0,1632.0,836.0,0.0,0.0,0.0,136.0,0.0,0.0,115.0,0.0,0.0,0.0,0.0,8.0,0.0,0.0,0.0,422.0,602.0,0.0,0.0
0201,2026,79.0,0.0,228.0,0.0,0.0,0.0,0.0,818.0,836.0,0.0,0.0,0.0,0.0,0.0,0.0,80.0,0.0,0.0,0.0,0.0,0.0,0.0,0.0,0.0,0.0,0.0,0.0,3260.0
0202,2019,0.0,0.0,0.0,7.0,0.0,0.0,0.0,0.0,0.0,0.0,0.0,0.0,0.0,0.0,0.0,0.0,0.0,0.0,0.0,0.0,0.0,0.0,0.0,0.0,0.0,0.0,0.0,0.0
0202,2020,0.0,0.0,0.0,0.0,0.0,0.0,0.0,0.0,0.0,0.0,0.0,0.0,0.0,0.0,0.0,0.0,0.0,0.0,0.0,0.0,0.0,0.0,0.0,0.0,0.0,0.0,36.0,0.0
0202,2021,0.0,0.0,226.0,0.0,6.0,0.0,0.0,0.0,0.0,0.0,0.0,0.0,2.0,0.0,0.0,0.0,0.0,34.0,0.0,0.0,0.0,0.0,0.0,0.0,0.0,0.0,49.0,0.0
0202,2022,0.0,0.0,456.0,0.0,54.0,0.0,0.0,764.0,666.0,0.0,0.0,0.0,4.0,0.0,0.0,0.0,22.0,36.0,0.0,6.0,6.0,0.0,0.0,0.0,0.0,0.0,0.0,0.0
0202,2023,11.0,252.0,456.0,0.0,18.0,0.0,0.0,0.0,0.0,0.0,0.0,0.0,6.0,0.0,0.0,0.0,0.0,0.0,0.0,8.0,2.0,114.0,0.0,414.0,0.0,0.0,0.0,0.0
0202,2024,32.0,0.0,456.0,0.0,66.0,0.0,0.0,1600.0,1332.0,0.0,0.0,0.0,8.0,0.0,24.0,21.0,0.0,0.0,0.0,2.0,1.0,0.0,0.0,0.0,144.0,236.0,0.0,0.0
0202,2025,33.0,0.0,418.0,0.0,42.0,0.0,0.0,1644.0,1332.0,0.0,0.0,0.0,2.0,0.0,0.0,3.0,0.0,0.0,0.0,0.0,0.0,0.0,0.0,0.0,89.0,102.0,0.0,0.0
0202,2026,9.0,0.0,228.0,0.0,0.0,0.0,0.0,872.0,1332.0,0.0,0.0,0.0,0.0,0.0,0.0,2.0,0.0,0.0,0.0,0.0,0.0,0.0,0.0,0.0,0.0,0.0,0.0,269.0
0203,2019,0.0,0.0,0.0,0.0,0.0,0.0,0.0,0.0,0.0,0.0,0.0,0.0,0.0,0.0,0.0,0.0,0.0,0.0,0.0,0.0,0.0,0.0,0.0,0.0,0.0,0.0,0.0,0.0
0203,2020,0.0,0.0,0.0,0.0,0.0,0.0,0.0,0.0,0.0,0.0,0.0,0.0,0.0,0.0,0.0,0.0,0.0,0.0,0.0,0.0,0.0,0.0,0.0,0.0,0.0,0.0,64.0,0.0
0203,2021,0.0,0.0,226.0,0.0,4.0,0.0,0.0,0.0,0.0,0.0,0.0,0.0,19.0,0.0,0.0,0.0,0.0,24.0,0.0,0.0,0.0,0.0,0.0,0.0,0.0,0.0,38.0,0.0
0203,2022,0.0,0.0,456.0,0.0,36.0,0.0,0.0,794.0,0.0,0.0,0.0,0.0,39.0,0.0,0.0,0.0,6.0,24.0,106.0,6.0,12.0,0.0,0.0,0.0,0.0,0.0,0.0,0.0
0203,2023,17.0,344.0,456.0,0.0,12.0,0.0,0.0,0.0,0.0,0.0,0.0,0.0,44.0,0.0,0.0,0.0,0.0,0.0,0.0,0.0,0.0,101.0,0.0,457.0,0.0,0.0,0.0,0.0
0203,2024,27.0,0.0,456.0,0.0,44.0,0.0,0.0,1596.0,0.0,0.0,0.0,0.0,44.0,0.0,24.0,8.0,0.0,0.0,0.0,0.0,1.0,0.0,0.0,0.0,69.0,141.0,0.0,0.0
0203,2025,25.0,0.0,418.0,0.0,28.0,0.0,0.0,1704.0,0.0,0.0,0.0,0.0,11.0,0.0,0.0,4.0,0.0,0.0,0.0,0.0,2.0,0.0,0.0,0.0,53.0,81.0,0.0,0.0
0203,2026,13.0,0.0,228.0,0.0,0.0,0.0,0.0,902.0,0.0,0.0,0.0,0.0,0.0,0.0,0.0,1.0,0.0,0.0,0.0,0.0,0.0,0.0,0.0,0.0,0.0,0.0,0.0,354.0
0204,2019,0.0,0.0,0.0,9.0,0.0,0.0,0.0,0.0,0.0,0.0,0.0,0.0,0.0,0.0,0.0,0.0,0.0,0.0,0.0,0.0,0.0,0.0,0.0,0.0,0.0,0.0,0.0,0.0
0204,2020,0.0,0.0,0.0,0.0,0.0,0.0,0.0,0.0,0.0,0.0,0.0,0.0,0.0,0.0,0.0,0.0,0.0,0.0,0.0,0.0,0.0,0.0,0.0,0.0,0.0,0.0,49.0,0.0
0204,2021,0.0,0.0,226.0,0.0,0.0,0.0,0.0,0.0,0.0,0.0,0.0,0.0,4.0,0.0,0.0,0.0,0.0,6.0,0.0,0.0,0.0,0.0,0.0,0.0,0.0,0.0,42.0,0.0
0204,2022,0.0,0.0,456.0,0.0,0.0,0.0,0.0,0.0,748.0,0.0,0.0,0.0,8.0,0.0,0.0,0.0,4.0,6.0,200.0,4.0,7.0,0.0,0.0,0.0,0.0,0.0,0.0,0.0
0204,2023,15.0,171.0,456.0,0.0,0.0,0.0,0.0,0.0,0.0,0.0,0.0,0.0,8.0,0.0,0.0,0.0,0.0,0.0,0.0,4.0,3.0,179.0,0.0,456.0,0.0,0.0,0.0,0.0
0204,2024,31.0,0.0,456.0,0.0,0.0,0.0,0.0,0.0,1816.0,0.0,0.0,0.0,8.0,0.0,21.0,23.0,0.0,0.0,0.0,0.0,0.0,0.0,0.0,0.0,145.0,247.0,0.0,0.0
0204,2025,36.0,0.0,418.0,0.0,0.0,0.0,0.0,0.0,1940.0,0.0,0.0,0.0,2.0,0.0,0.0,15.0,0.0,0.0,0.0,0.0,6.0,0.0,0.0,0.0,89.0,123.0,0.0,0.0
0204,2026,10.0,0.0,228.0,0.0,0.0,0.0,0.0,0.0,2148.0,0.0,0.0,0.0,0.0,0.0,0.0,13.0,0.0,0.0,0.0,0.0,0.0,0.0,0.0,0.0,0.0,0.0,0.0,591.0
0205,2019,0.0,0.0,0.0,68.0,0.0,0.0,0.0,0.0,0.0,0.0,0.0,0.0,0.0,0.0,0.0,0.0,0.0,0.0,0.0,0.0,0.0,0.0,0.0,0.0,0.0,0.0,0.0,0.0
0205,2020,0.0,0.0,0.0,0.0,0.0,0.0,0.0,0.0,0.0,0.0,0.0,0.0,0.0,0.0,0.0,0.0,0.0,0.0,0.0,0.0,0.0,0.0,0.0,0.0,0.0,0.0,34.0,0.0
0205,2021,0.0,0.0,226.0,0.0,7.0,0.0,0.0,0.0,0.0,0.0,0.0,0.0,20.0,0.0,0.0,0.0,0.0,120.0,0.0,0.0,0.0,0.0,0.0,0.0,0.0,0.0,48.0,0.0
0205,2022,0.0,0.0,456.0,0.0,36.0,0.0,0.0,678.0,0.0,0.0,0.0,0.0,47.0,0.0,0.0,0.0,6.0,126.0,232.0,6.0,5.0,0.0,0.0,0.0,0.0,0.0,0.0,0.0
0205,2023,36.0,507.0,456.0,0.0,12.0,0.0,0.0,0.0,0.0,0.0,0.0,0.0,48.0,0.0,0.0,0.0,0.0,0.0,0.0,2.0,4.0,192.0,0.0,524.0,0.0,0.0,0.0,0.0
0205,2024,61.0,0.0,456.0,0.0,44.0,0.0,0.0,1388.0,18.0,0.0,0.0,0.0,56.0,0.0,48.0,24.0,0.0,0.0,0.0,2.0,7.0,0.0,0.0,0.0,157.0,316.0,0.0,0.0
0205,2025,61.0,0.0,418.0,0.0,28.0,0.0,0.0,1412.0,36.0,0.0,0.0,0.0,16.0,0.0,0.0,12.0,0.0,0.0,0.0,0.0,0.0,0.0,0.0,0.0,107.0,115.0,0.0,0.0
0205,2026,24.0,0.0,228.0,0.0,0.0,0.0,0.0,722.0,36.0,0.0,0.0,0.0,0.0,0.0,0.0,3.0,0.0,0.0,0.0,0.0,0.0,0.0,0.0,0.0,0.0,0.0,0.0,814.0
0206,2019,0.0,0.0,0.0,1.0,0.0,0.0,0.0,0.0,0.0,0.0,0.0,0.0,0.0,0.0,0.0,0.0,0.0,0.0,0.0,0.0,0.0,0.0,0.0,0.0,0.0,0.0,0.0,0.0
0206,2020,0.0,0.0,0.0,0.0,0.0,0.0,0.0,0.0,0.0,0.0,0.0,0.0,0.0,0.0,0.0,0.0,0.0,0.0,0.0,0.0,0.0,0.0,0.0,0.0,0.0,0.0,16.0,0.0
0206,2021,0.0,0.0,226.0,0.0,0.0,0.0,0.0,0.0,0.0,0.0,0.0,0.0,6.0,0.0,0.0,0.0,0.0,14.0,0.0,0.0,0.0,0.0,0.0,0.0,0.0,0.0,11.0,0.0
0206,2022,0.0,0.0,456.0,0.0,0.0,0.0,0.0,0.0,998.0,0.0,0.0,0.0,12.0,0.0,0.0,0.0,4.0,14.0,0.0,0.0,3.0,0.0,0.0,0.0,0.0,0.0,0.0,0.0
0206,2023,15.0,154.0,456.0,0.0,0.0,0.0,0.0,0.0,0.0,0.0,0.0,0.0,12.0,0.0,0.0,0.0,0.0,0.0,0.0,0.0,1.0,101.0,0.0,491.0,0.0,0.0,0.0,0.0
0206,2024,32.0,0.0,456.0,0.0,0.0,0.0,0.0,0.0,2324.0,0.0,0.0,0.0,12.0,0.0,21.0,20.0,0.0,0.0,0.0,0.0,1.0,0.0,0.0,0.0,101.0,187.0,0.0,0.0
0206,2025,31.0,0.0,418.0,0.0,0.0,0.0,0.0,0.0,2464.0,0.0,0.0,0.0,3.0,0.0,0.0,2.0,0.0,0.0,0.0,0.0,2.0,0.0,0.0,0.0,80.0,74.0,0.0,0.0
0206,2026,18.0,0.0,228.0,0.0,0.0,0.0,0.0,0.0,2652.0,0.0,0.0,0.0,0.0,0.0,0.0,3.0,0.0,0.0,0.0,0.0,0.0,0.0,0.0,0.0,0.0,0.0,0.0,708.0
0207,2019,0.0,0.0,0.0,5.0,0.0,0.0,0.0,0.0,0.0,0.0,0.0,0.0,0.0,0.0,0.0,0.0,0.0,0.0,0.0,0.0,0.0,0.0,0.0,0.0,0.0,0.0,0.0,0.0
0207,2020,0.0,0.0,0.0,0.0,0.0,0.0,0.0,0.0,0.0,0.0,0.0,0.0,0.0,0.0,0.0,0.0,0.0,0.0,0.0,0.0,0.0,0.0,0.0,0.0,0.0,0.0,60.0,0.0
0207,2021,0.0,0.0,226.0,0.0,0.0,0.0,0.0,0.0,0.0,0.0,0.0,0.0,0.0,0.0,0.0,0.0,0.0,14.0,0.0,0.0,0.0,0.0,0.0,0.0,0.0,0.0,11.0,0.0
0207,2022,0.0,0.0,456.0,0.0,0.0,0.0,0.0,0.0,432.0,0.0,0.0,0.0,0.0,0.0,0.0,0.0,6.0,14.0,0.0,2.0,10.0,0.0,0.0,0.0,0.0,0.0,0.0,0.0
0207,2023,4.0,144.0,456.0,0.0,0.0,0.0,0.0,0.0,0.0,0.0,0.0,0.0,0.0,0.0,0.0,0.0,0.0,0.0,0.0,0.0,5.0,16.0,0.0,46.0,0.0,0.0,0.0,0.0
0207,2024,6.0,0.0,456.0,0.0,0.0,0.0,0.0,0.0,888.0,0.0,0.0,0.0,0.0,0.0,0.0,6.0,0.0,0.0,0.0,0.0,3.0,0.0,0.0,0.0,58.0,112.0,0.0,0.0
0207,2025,5.0,0.0,418.0,0.0,0.0,0.0,0.0,0.0,936.0,0.0,0.0,0.0,0.0,0.0,0.0,2.0,0.0,0.0,0.0,0.0,1.0,0.0,0.0,0.0,33.0,44.0,0.0,0.0
0207,2026,3.0,0.0,228.0,0.0,0.0,0.0,0.0,0.0,960.0,0.0,0.0,0.0,0.0,0.0,0.0,2.0,0.0,0.0,0.0,0.0,0.0,0.0,0.0,0.0,0.0,0.0,0.0,297.0
0301,2019,0.0,0.0,0.0,20.0,0.0,0.0,0.0,0.0,0.0,0.0,0.0,0.0,0.0,0.0,0.0,0.0,0.0,0.0,0.0,0.0,0.0,0.0,0.0,0.0,0.0,0.0,0.0,0.0
0301,2020,0.0,0.0,0.0,0.0,0.0,0.0,0.0,0.0,0.0,0.0,0.0,0.0,0.0,0.0,0.0,0.0,0.0,0.0,0.0,0.0,0.0,0.0,0.0,0.0,0.0,0.0,152.0,0.0
0301,2021,0.0,0.0,226.0,0.0,44.0,0.0,0.0,0.0,0.0,0.0,0.0,0.0,251.0,0.0,0.0,0.0,0.0,24.0,0.0,0.0,0.0,0.0,0.0,0.0,0.0,0.0,285.0,0.0
0301,2022,0.0,0.0,456.0,0.0,387.0,168.0,0.0,0.0,0.0,0.0,0.0,0.0,530.0,0.0,82.0,0.0,34.0,26.0,1026.0,50.0,17.0,0.0,0.0,0.0,0.0,0.0,0.0,0.0
0301,2023,238.0,1199.0,456.0,0.0,129.0,0.0,0.0,0.0,0.0,0.0,0.0,0.0,562.0,0.0,811.0,0.0,0.0,0.0,0.0,132.0,4.0,252.0,264.0,837.0,0.0,0.0,0.0,0.0
0301,2024,505.0,0.0,456.0,0.0,461.0,0.0,0.0,0.0,0.0,0.0,0.0,0.0,589.0,0.0,171.0,589.0,0.0,0.0,0.0,200.0,5.0,0.0,0.0,0.0,228.0,700.0,0.0,0.0
0301,2025,501.0,0.0,418.0,0.0,280.0,0.0,0.0,0.0,0.0,0.0,0.0,0.0,150.0,0.0,112.0,399.0,0.0,0.0,0.0,0.0,24.0,0.0,0.0,0.0,141.0,246.0,0.0,0.0
0301,2026,204.0,0.0,228.0,0.0,0.0,0.0,0.0,0.0,0.0,0.0,0.0,0.0,0.0,0.0,0.0,117.0,0.0,0.0,0.0,0.0,0.0,0.0,0.0,0.0,0.0,0.0,0.0,2461.0
0302,2019,0.0,0.0,0.0,0.0,0.0,0.0,0.0,0.0,0.0,0.0,0.0,0.0,0.0,0.0,0.0,0.0,0.0,0.0,0.0,0.0,0.0,0.0,0.0,0.0,0.0,0.0,0.0,0.0
0302,2020,0.0,0.0,0.0,0.0,0.0,0.0,0.0,0.0,0.0,0.0,0.0,0.0,0.0,0.0,0.0,0.0,0.0,0.0,0.0,0.0,0.0,0.0,0.0,0.0,0.0,0.0,34.0,0.0
0302,2021,0.0,0.0,226.0,0.0,29.0,0.0,0.0,0.0,0.0,0.0,0.0,0.0,60.0,0.0,0.0,0.0,0.0,22.0,0.0,0.0,0.0,0.0,0.0,0.0,0.0,0.0,43.0,0.0
0302,2022,0.0,0.0,456.0,0.0,243.0,0.0,0.0,0.0,0.0,0.0,0.0,0.0,120.0,0.0,14.0,0.0,0.0,22.0,122.0,14.0,1.0,0.0,0.0,0.0,0.0,0.0,0.0,0.0
0302,2023,37.0,306.0,456.0,0.0,81.0,0.0,0.0,0.0,0.0,0.0,0.0,0.0,124.0,0.0,24.0,0.0,0.0,0.0,0.0,18.0,0.0,0.0,0.0,0.0,0.0,0.0,0.0,0.0
0302,2024,58.0,0.0,456.0,0.0,237.0,0.0,0.0,0.0,0.0,0.0,0.0,0.0,130.0,0.0,83.0,141.0,0.0,0.0,0.0,18.0,0.0,0.0,0.0,0.0,69.0,177.0,0.0,0.0
0302,2025,69.0,0.0,418.0,0.0,147.0,0.0,0.0,0.0,0.0,0.0,0.0,0.0,33.0,0.0,20.0,126.0,0.0,0.0,0.0,0.0,10.0,0.0,0.0,0.0,35.0,73.0,0.0,0.0
0302,2026,27.0,0.0,228.0,0.0,0.0,0.0,0.0,0.0,0.0,0.0,0.0,0.0,0.0,0.0,0.0,38.0,0.0,0.0,0.0,0.0,0.0,0.0,0.0,0.0,0.0,0.0,0.0,364.0
0303,2019,0.0,0.0,0.0,37.0,0.0,0.0,0.0,0.0,0.0,0.0,0.0,0.0,0.0,0.0,0.0,0.0,0.0,0.0,0.0,0.0,0.0,0.0,0.0,0.0,0.0,0.0,0.0,0.0
0303,2020,0.0,0.0,0.0,0.0,0.0,0.0,0.0,0.0,0.0,0.0,0.0,0.0,0.0,0.0,0.0,0.0,0.0,0.0,0.0,0.0,0.0,0.0,0.0,0.0,0.0,0.0,246.0,0.0
0303,2021,0.0,0.0,226.0,0.0,46.0,0.0,0.0,0.0,0.0,0.0,0.0,0.0,250.0,0.0,0.0,0.0,0.0,56.0,0.0,0.0,0.0,0.0,0.0,0.0,0.0,0.0,287.0,0.0
0303,2022,0.0,0.0,456.0,0.0,405.0,0.0,0.0,0.0,0.0,0.0,0.0,0.0,495.0,0.0,15.0,0.0,40.0,56.0,218.0,10.0,2.0,0.0,0.0,0.0,0.0,0.0,0.0,0.0
0303,2023,65.0,969.0,456.0,0.0,135.0,0.0,0.0,0.0,0.0,0.0,0.0,0.0,500.0,0.0,180.0,0.0,0.0,0.0,0.0,38.0,1.0,225.0,0.0,552.0,0.0,0.0,0.0,0.0
0303,2024,138.0,0.0,456.0,0.0,485.0,0.0,0.0,0.0,0.0,0.0,0.0,0.0,508.0,0.0,119.0,319.0,0.0,0.0,0.0,14.0,1.0,0.0,0.0,0.0,300.0,629.0,0.0,0.0
0303,2025,142.0,0.0,418.0,0.0,301.0,0.0,0.0,0.0,0.0,0.0,0.0,0.0,129.0,0.0,41.0,410.0,0.0,0.0,0.0,0.0,34.0,0.0,0.0,0.0,147.0,254.0,0.0,0.0
0303,2026,57.0,0.0,228.0,0.0,0.0,0.0,0.0,0.0,0.0,0.0,0.0,0.0,0.0,0.0,0.0,215.0,0.0,0.0,0.0,0.0,0.0,0.0,0.0,0.0,0.0,0.0,0.0,649.0
0304,2019,0.0,0.0,0.0,23.0,0.0,0.0,0.0,0.0,0.0,0.0,0.0,0.0,0.0,0.0,0.0,0.0,0.0,0.0,0.0,0.0,0.0,0.0,0.0,0.0,0.0,0.0,0.0,0.0
0304,2020,0.0,0.0,0.0,0.0,0.0,0.0,0.0,0.0,0.0,0.0,0.0,0.0,0.0,0.0,0.0,0.0,0.0,0.0,0.0,0.0,0.0,0.0,0.0,0.0,0.0,0.0,89.0,0.0
0304,2021,0.0,0.0,226.0,0.0,39.0,0.0,0.0,0.0,0.0,0.0,0.0,0.0,66.0,0.0,0.0,0.0,0.0,2.0,0.0,0.0,0.0,0.0,0.0,0.0,0.0,0.0,119.0,0.0
0304,2022,0.0,0.0,456.0,0.0,333.0,0.0,0.0,0.0,1246.0,0.0,0.0,0.0,124.0,0.0,13.0,0.0,82.0,2.0,282.0,120.0,5.0,0.0,0.0,0.0,0.0,0.0,0.0,0.0
0304,2023,83.0,449.0,456.0,0.0,111.0,0.0,0.0,0.0,0.0,0.0,0.0,0.0,122.0,0.0,426.0,0.0,0.0,0.0,0.0,16.0,1.0,226.0,0.0,639.0,0.0,0.0,0.0,0.0
0304,2024,138.0,0.0,456.0,0.0,407.0,0.0,0.0,0.0,2728.0,0.0,0.0,0.0,120.0,0.0,108.0,326.0,0.0,0.0,0.0,56.0,14.0,0.0,0.0,0.0,421.0,971.0,0.0,0.0
0304,2025,144.0,0.0,418.0,0.0,241.0,0.0,0.0,0.0,2868.0,0.0,0.0,0.0,29.0,0.0,0.0,110.0,0.0,0.0,0.0,0.0,23.0,0.0,0.0,0.0,193.0,346.0,0.0,0.0
0304,2026,80.0,0.0,228.0,0.0,0.0,0.0,0.0,0.0,3028.0,0.0,0.0,0.0,0.0,0.0,0.0,54.0,0.0,0.0,0.0,0.0,0.0,0.0,0.0,0.0,0.0,0.0,0.0,1631.0
0305,2019,0.0,0.0,0.0,0.0,0.0,0.0,0.0,0.0,0.0,0.0,0.0,0.0,0.0,0.0,0.0,0.0,0.0,0.0,0.0,0.0,0.0,0.0,0.0,0.0,0.0,0.0,0.0,0.0
0305,2020,0.0,0.0,0.0,0.0,0.0,0.0,0.0,0.0,0.0,0.0,0.0,0.0,0.0,0.0,0.0,0.0,0.0,0.0,0.0,0.0,0.0,0.0,0.0,0.0,0.0,0.0,0.0,0.0
0305,2021,0.0,0.0,226.0,0.0,21.0,0.0,0.0,0.0,0.0,0.0,0.0,0.0,44.0,0.0,0.0,0.0,0.0,2.0,0.0,0.0,0.0,0.0,0.0,0.0,0.0,0.0,27.0,0.0
0305,2022,0.0,0.0,456.0,0.0,189.0,0.0,0.0,0.0,0.0,0.0,0.0,0.0,87.0,0.0,11.0,0.0,0.0,2.0,124.0,2.0,0.0,0.0,0.0,0.0,0.0,0.0,0.0,0.0
0305,2023,18.0,126.0,456.0,0.0,63.0,0.0,0.0,0.0,0.0,0.0,0.0,0.0,84.0,0.0,39.0,0.0,0.0,0.0,0.0,2.0,1.0,0.0,0.0,0.0,0.0,0.0,0.0,0.0
0305,2024,32.0,0.0,456.0,0.0,217.0,0.0,0.0,0.0,0.0,0.0,0.0,0.0,84.0,0.0,42.0,71.0,0.0,0.0,0.0,0.0,0.0,0.0,0.0,0.0,55.0,138.0,0.0,0.0
0305,2025,28.0,0.0,418.0,0.0,133.0,0.0,0.0,0.0,0.0,0.0,0.0,0.0,21.0,0.0,15.0,56.0,0.0,0.0,0.0,0.0,2.0,0.0,0.0,0.0,22.0,52.0,0.0,0.0
0305,2026,13.0,0.0,228.0,0.0,0.0,0.0,0.0,0.0,0.0,0.0,0.0,0.0,0.0,0.0,0.0,32.0,0.0,0.0,0.0,0.0,0.0,0.0,0.0,0.0,0.0,0.0,0.0,179.0
0306,2019,0.0,0.0,0.0,0.0,0.0,0.0,0.0,0.0,0.0,0.0,0.0,0.0,0.0,0.0,0.0,0.0,0.0,0.0,0.0,0.0,0.0,0.0,0.0,0.0,0.0,0.0,0.0,0.0
0306,2020,0.0,0.0,0.0,0.0,0.0,0.0,0.0,0.0,0.0,0.0,0.0,0.0,0.0,0.0,0.0,0.0,0.0,0.0,0.0,0.0,0.0,0.0,0.0,0.0,0.0,0.0,4.0,0.0
0306,2021,0.0,0.0,226.0,0.0,12.0,0.0,0.0,0.0,0.0,0.0,0.0,0.0,10.0,0.0,0.0,0.0,0.0,4.0,0.0,0.0,0.0,0.0,0.0,0.0,0.0,0.0,1.0,0.0
0306,2022,0.0,0.0,456.0,0.0,108.0,0.0,0.0,0.0,0.0,0.0,0.0,0.0,26.0,0.0,0.0,0.0,2.0,4.0,128.0,2.0,0.0,0.0,0.0,0.0,0.0,0.0,0.0,0.0
0306,2023,11.0,146.0,456.0,0.0,36.0,0.0,0.0,0.0,0.0,0.0,0.0,0.0,30.0,0.0,7.0,0.0,0.0,0.0,0.0,10.0,0.0,0.0,0.0,0.0,0.0,0.0,0.0,0.0
0306,2024,14.0,0.0,456.0,0.0,114.0,0.0,0.0,0.0,0.0,0.0,0.0,0.0,34.0,0.0,25.0,26.0,0.0,0.0,0.0,10.0,0.0,0.0,0.0,0.0,23.0,44.0,0.0,0.0
0306,2025,15.0,0.0,418.0,0.0,70.0,0.0,0.0,0.0,0.0,0.0,0.0,0.0,10.0,0.0,0.0,23.0,0.0,0.0,0.0,0.0,1.0,0.0,0.0,0.0,8.0,17.0,0.0,0.0
0306,2026,4.0,0.0,228.0,0.0,0.0,0.0,0.0,0.0,0.0,0.0,0.0,0.0,0.0,0.0,0.0,4.0,0.0,0.0,0.0,0.0,0.0,0.0,0.0,0.0,0.0,0.0,0.0,145.0
0307,2019,0.0,0.0,0.0,0.0,0.0,0.0,0.0,0.0,0.0,0.0,0.0,0.0,0.0,0.0,0.0,0.0,0.0,0.0,0.0,0.0,0.0,0.0,0.0,0.0,0.0,0.0,0.0,0.0
0307,2020,0.0,0.0,0.0,0.0,0.0,0.0,0.0,0.0,0.0,0.0,0.0,0.0,0.0,0.0,0.0,0.0,0.0,0.0,0.0,0.0,0.0,0.0,0.0,0.0,0.0,0.0,40.0,0.0
0307,2021,0.0,0.0,226.0,0.0,3.0,0.0,0.0,0.0,0.0,0.0,0.0,0.0,2.0,0.0,0.0,0.0,0.0,0.0,0.0,0.0,0.0,0.0,0.0,0.0,0.0,0.0,30.0,0.0
0307,2022,0.0,0.0,456.0,0.0,0.0,0.0,0.0,0.0,0.0,0.0,0.0,0.0,4.0,0.0,0.0,0.0,4.0,0.0,0.0,0.0,0.0,0.0,0.0,0.0,0.0,0.0,0.0,0.0
0307,2023,5.0,113.0,456.0,0.0,0.0,0.0,0.0,0.0,0.0,0.0,0.0,0.0,4.0,0.0,56.0,0.0,0.0,0.0,0.0,0.0,0.0,224.0,0.0,426.0,0.0,0.0,0.0,0.0
0307,2024,13.0,0.0,456.0,0.0,0.0,0.0,0.0,0.0,0.0,0.0,0.0,0.0,6.0,0.0,0.0,44.0,0.0,0.0,0.0,0.0,0.0,0.0,0.0,0.0,32.0,38.0,0.0,0.0
0307,2025,14.0,0.0,418.0,0.0,0.0,0.0,0.0,0.0,0.0,0.0,0.0,0.0,2.0,0.0,0.0,66.0,0.0,0.0,0.0,0.0,3.0,0.0,0.0,0.0,18.0,31.0,0.0,0.0
0307,2026,4.0,0.0,228.0,0.0,0.0,0.0,0.0,0.0,0.0,0.0,0.0,0.0,0.0,0.0,0.0,31.0,0.0,0.0,0.0,0.0,0.0,0.0,0.0,0.0,0.0,0.0,0.0,64.0
0401,2019,0.0,0.0,0.0,36.0,0.0,0.0,0.0,0.0,0.0,0.0,0.0,0.0,0.0,0.0,0.0,0.0,0.0,0.0,0.0,0.0,0.0,0.0,0.0,0.0,0.0,0.0,0.0,0.0
0401,2020,0.0,0.0,0.0,0.0,0.0,0.0,0.0,0.0,0.0,0.0,0.0,0.0,0.0,0.0,0.0,0.0,0.0,0.0,0.0,0.0,0.0,0.0,0.0,0.0,0.0,0.0,656.0,0.0
0401,2021,0.0,0.0,226.0,0.0,84.0,0.0,0.0,0.0,0.0,0.0,0.0,0.0,258.0,0.0,0.0,0.0,0.0,152.0,0.0,0.0,0.0,0.0,0.0,0.0,0.0,0.0,689.0,0.0
0401,2022,0.0,0.0,456.0,0.0,513.0,0.0,0.0,0.0,0.0,0.0,0.0,0.0,516.0,0.0,70.0,0.0,4.0,150.0,1616.0,72.0,49.0,0.0,0.0,0.0,0.0,0.0,0.0,0.0
0401,2023,97.0,853.0,456.0,0.0,171.0,0.0,0.0,0.0,0.0,0.0,0.0,0.0,516.0,0.0,0.0,0.0,0.0,0.0,0.0,256.0,15.0,226.0,527.0,1132.0,0.0,0.0,0.0,0.0
0401,2024,202.0,0.0,456.0,0.0,457.0,0.0,0.0,0.0,0.0,0.0,0.0,0.0,563.0,152.0,168.0,25.0,0.0,0.0,0.0,30.0,19.0,0.0,0.0,0.0,399.0,746.0,0.0,0.0
0401,2025,163.0,0.0,418.0,0.0,275.0,0.0,0.0,0.0,0.0,0.0,0.0,0.0,155.0,0.0,0.0,27.0,0.0,0.0,0.0,0.0,8.0,0.0,0.0,0.0,209.0,277.0,0.0,0.0
0401,2026,103.0,0.0,228.0,0.0,0.0,0.0,0.0,0.0,0.0,0.0,0.0,0.0,0.0,0.0,0.0,10.0,0.0,0.0,0.0,0.0,0.0,0.0,0.0,0.0,0.0,0.0,0.0,4957.0
0402,2019,0.0,0.0,0.0,15.0,0.0,0.0,0.0,0.0,0.0,0.0,0.0,0.0,0.0,0.0,0.0,0.0,0.0,0.0,0.0,0.0,0.0,0.0,0.0,0.0,0.0,0.0,0.0,0.0
0402,2020,0.0,0.0,0.0,0.0,0.0,0.0,0.0,0.0,0.0,0.0,0.0,0.0,0.0,0.0,0.0,0.0,0.0,0.0,0.0,0.0,0.0,0.0,0.0,0.0,0.0,0.0,248.0,0.0
0402,2021,0.0,0.0,452.0,0.0,46.0,0.0,0.0,0.0,0.0,0.0,0.0,0.0,60.0,0.0,0.0,0.0,0.0,18.0,0.0,0.0,0.0,0.0,0.0,0.0,0.0,0.0,195.0,0.0
0402,2022,0.0,0.0,912.0,0.0,414.0,442.0,0.0,0.0,516.0,0.0,0.0,0.0,124.0,0.0,0.0,0.0,129.0,18.0,186.0,38.0,21.0,0.0,0.0,0.0,0.0,0.0,0.0,0.0
0402,2023,32.0,745.0,912.0,0.0,138.0,0.0,0.0,0.0,0.0,0.0,0.0,0.0,121.0,0.0,133.0,0.0,0.0,0.0,0.0,22.0,7.0,195.0,0.0,522.0,0.0,0.0,0.0,0.0
0402,2024,46.0,0.0,912.0,0.0,418.0,0.0,0.0,0.0,1204.0,0.0,0.0,0.0,123.0,0.0,92.0,0.0,0.0,0.0,0.0,17.0,0.0,0.0,0.0,0.0,391.0,703.0,0.0,0.0
0402,2025,64.0,0.0,836.0,0.0,245.0,0.0,0.0,0.0,1350.0,0.0,0.0,0.0,31.0,0.0,28.0,0.0,0.0,0.0,0.0,0.0,5.0,0.0,0.0,0.0,248.0,335.0,0.0,0.0
0402,2026,30.0,0.0,456.0,0.0,0.0,0.0,0.0,0.0,1510.0,0.0,0.0,0.0,0.0,0.0,0.0,0.0,0.0,0.0,0.0,0.0,0.0,0.0,0.0,0.0,0.0,0.0,0.0,799.0
0403,2019,0.0,0.0,0.0,14.0,0.0,0.0,0.0,0.0,0.0,0.0,0.0,0.0,0.0,0.0,0.0,0.0,0.0,0.0,0.0,0.0,0.0,0.0,0.0,0.0,0.0,0.0,0.0,0.0
0403,2020,0.0,0.0,0.0,0.0,0.0,0.0,0.0,0.0,0.0,0.0,0.0,0.0,0.0,0.0,0.0,0.0,0.0,0.0,0.0,0.0,0.0,0.0,0.0,0.0,0.0,0.0,22.0,0.0
0403,2021,0.0,0.0,226.0,0.0,31.0,0.0,0.0,0.0,0.0,0.0,0.0,0.0,8.0,0.0,0.0,0.0,0.0,82.0,0.0,0.0,0.0,0.0,0.0,0.0,0.0,0.0,29.0,0.0
0403,2022,0.0,0.0,456.0,0.0,279.0,0.0,0.0,0.0,0.0,0.0,0.0,0.0,16.0,0.0,0.0,0.0,46.0,82.0,430.0,70.0,13.0,0.0,0.0,0.0,0.0,0.0,0.0,0.0
0403,2023,8.0,274.0,456.0,0.0,93.0,0.0,0.0,0.0,0.0,0.0,0.0,0.0,16.0,0.0,0.0,0.0,0.0,0.0,0.0,42.0,1.0,194.0,0.0,504.0,0.0,0.0,0.0,0.0
0403,2024,32.0,0.0,456.0,0.0,253.0,0.0,0.0,0.0,0.0,0.0,0.0,0.0,20.0,0.0,0.0,4.0,0.0,0.0,0.0,30.0,3.0,0.0,0.0,0.0,92.0,163.0,0.0,0.0
0403,2025,31.0,0.0,418.0,0.0,161.0,0.0,0.0,0.0,0.0,0.0,0.0,0.0,5.0,0.0,0.0,2.0,0.0,0.0,0.0,0.0,1.0,0.0,0.0,0.0,49.0,65.0,0.0,0.0
0403,2026,14.0,0.0,228.0,0.0,0.0,0.0,0.0,0.0,0.0,0.0,0.0,0.0,0.0,0.0,0.0,0.0,0.0,0.0,0.0,0.0,0.0,0.0,0.0,0.0,0.0,0.0,0.0,318.0
0404,2019,0.0,0.0,0.0,6.0,0.0,0.0,0.0,0.0,0.0,0.0,0.0,0.0,0.0,0.0,0.0,0.0,0.0,0.0,0.0,0.0,0.0,0.0,0.0,0.0,0.0,0.0,0.0,0.0
0404,2020,0.0,0.0,0.0,0.0,0.0,0.0,0.0,0.0,0.0,0.0,0.0,0.0,0.0,0.0,0.0,0.0,0.0,0.0,0.0,0.0,0.0,0.0,0.0,0.0,0.0,0.0,16.0,0.0
0404,2021,0.0,0.0,226.0,0.0,90.0,0.0,0.0,0.0,0.0,0.0,0.0,0.0,10.0,0.0,0.0,0.0,0.0,56.0,0.0,0.0,0.0,0.0,0.0,0.0,0.0,0.0,9.0,0.0
0404,2022,0.0,0.0,456.0,0.0,810.0,0.0,0.0,0.0,0.0,0.0,0.0,0.0,22.0,0.0,0.0,0.0,28.0,56.0,2.0,6.0,10.0,0.0,0.0,0.0,0.0,0.0,0.0,0.0
0404,2023,15.0,257.0,456.0,0.0,270.0,0.0,0.0,0.0,0.0,0.0,0.0,0.0,24.0,0.0,0.0,0.0,0.0,0.0,0.0,10.0,2.0,0.0,0.0,0.0,0.0,0.0,0.0,0.0
0404,2024,32.0,0.0,456.0,0.0,522.0,0.0,0.0,0.0,0.0,0.0,0.0,0.0,26.0,0.0,0.0,3.0,0.0,0.0,0.0,0.0,3.0,0.0,0.0,0.0,85.0,144.0,0.0,0.0
0404,2025,31.0,0.0,418.0,0.0,266.0,0.0,0.0,0.0,0.0,0.0,0.0,0.0,7.0,0.0,0.0,2.0,0.0,0.0,0.0,0.0,3.0,0.0,0.0,0.0,39.0,47.0,0.0,0.0
0404,2026,14.0,0.0,228.0,0.0,0.0,0.0,0.0,0.0,0.0,0.0,0.0,0.0,0.0,0.0,0.0,2.0,0.0,0.0,0.0,0.0,0.0,0.0,0.0,0.0,0.0,0.0,0.0,207.0
0405,2019,0.0,0.0,0.0,26.0,0.0,0.0,0.0,0.0,0.0,0.0,0.0,0.0,0.0,0.0,0.0,0.0,0.0,0.0,0.0,0.0,0.0,0.0,0.0,0.0,0.0,0.0,0.0,0.0
0405,2020,0.0,0.0,0.0,0.0,0.0,0.0,0.0,0.0,0.0,0.0,0.0,0.0,0.0,0.0,0.0,0.0,0.0,0.0,0.0,0.0,0.0,0.0,0.0,0.0,0.0,0.0,131.0,0.0
0405,2021,0.0,0.0,226.0,0.0,64.0,0.0,0.0,0.0,0.0,0.0,0.0,0.0,24.0,0.0,0.0,0.0,0.0,56.0,0.0,0.0,0.0,0.0,0.0,0.0,0.0,0.0,54.0,0.0
0405,2022,0.0,0.0,456.0,0.0,567.0,210.0,0.0,0.0,0.0,0.0,0.0,0.0,51.0,0.0,0.0,0.0,20.0,56.0,776.0,104.0,5.0,0.0,0.0,0.0,0.0,0.0,0.0,0.0
0405,2023,39.0,429.0,456.0,0.0,189.0,0.0,0.0,0.0,0.0,0.0,0.0,0.0,55.0,0.0,0.0,0.0,0.0,0.0,0.0,104.0,2.0,213.0,0.0,572.0,0.0,0.0,0.0,0.0
0405,2024,68.0,0.0,456.0,0.0,405.0,0.0,0.0,0.0,0.0,0.0,0.0,0.0,56.0,0.0,0.0,6.0,0.0,0.0,0.0,6.0,2.0,0.0,0.0,0.0,154.0,276.0,0.0,0.0
0405,2025,75.0,0.0,418.0,0.0,217.0,0.0,0.0,0.0,0.0,0.0,0.0,0.0,15.0,0.0,0.0,9.0,0.0,0.0,0.0,0.0,0.0,0.0,0.0,0.0,77.0,115.0,0.0,0.0
0405,2026,42.0,0.0,228.0,0.0,0.0,0.0,0.0,0.0,0.0,0.0,0.0,0.0,0.0,0.0,0.0,3.0,0.0,0.0,0.0,0.0,0.0,0.0,0.0,0.0,0.0,0.0,0.0,906.0
0406,2019,0.0,0.0,0.0,0.0,0.0,0.0,0.0,0.0,0.0,0.0,0.0,0.0,0.0,0.0,0.0,0.0,0.0,0.0,0.0,0.0,0.0,0.0,0.0,0.0,0.0,0.0,0.0,0.0
0406,2020,0.0,0.0,0.0,0.0,0.0,0.0,0.0,0.0,0.0,0.0,0.0,0.0,0.0,0.0,0.0,0.0,0.0,0.0,0.0,0.0,0.0,0.0,0.0,0.0,0.0,0.0,60.0,0.0
0406,2021,0.0,0.0,226.0,0.0,34.0,0.0,0.0,0.0,0.0,0.0,0.0,0.0,12.0,0.0,0.0,0.0,0.0,8.0,0.0,0.0,0.0,0.0,0.0,0.0,0.0,0.0,71.0,0.0
0406,2022,0.0,0.0,456.0,0.0,306.0,0.0,0.0,0.0,0.0,0.0,0.0,0.0,26.0,0.0,0.0,0.0,0.0,8.0,40.0,6.0,2.0,0.0,0.0,0.0,0.0,0.0,0.0,0.0
0406,2023,2.0,105.0,456.0,0.0,102.0,0.0,0.0,0.0,0.0,0.0,0.0,0.0,28.0,0.0,0.0,0.0,0.0,0.0,0.0,14.0,0.0,0.0,0.0,0.0,0.0,0.0,0.0,0.0
0406,2024,6.0,0.0,456.0,0.0,254.0,0.0,0.0,0.0,0.0,0.0,0.0,0.0,28.0,0.0,0.0,1.0,0.0,0.0,0.0,0.0,0.0,0.0,0.0,0.0,43.0,77.0,0.0,0.0
0406,2025,5.0,0.0,418.0,0.0,133.0,0.0,0.0,0.0,0.0,0.0,0.0,0.0,7.0,0.0,0.0,1.0,0.0,0.0,0.0,0.0,1.0,0.0,0.0,0.0,28.0,36.0,0.0,0.0
0406,2026,3.0,0.0,228.0,0.0,0.0,0.0,0.0,0.0,0.0,0.0,0.0,0.0,0.0,0.0,0.0,0.0,0.0,0.0,0.0,0.0,0.0,0.0,0.0,0.0,0.0,0.0,0.0,251.0
0501,2019,0.0,0.0,0.0,76.0,0.0,0.0,0.0,0.0,0.0,0.0,0.0,0.0,0.0,0.0,0.0,0.0,0.0,0.0,0.0,0.0,0.0,0.0,0.0,0.0,0.0,0.0,0.0,0.0
0501,2020,0.0,0.0,0.0,0.0,0.0,0.0,0.0,0.0,0.0,0.0,0.0,0.0,0.0,0.0,0.0,0.0,0.0,0.0,0.0,0.0,0.0,0.0,0.0,0.0,0.0,0.0,1598.0,0.0
0501,2021,0.0,0.0,226.0,0.0,33.0,0.0,0.0,0.0,0.0,0.0,0.0,0.0,807.0,0.0,0.0,0.0,0.0,28.0,0.0,0.0,0.0,0.0,0.0,0.0,0.0,0.0,1484.0,0.0
0501,2022,0.0,0.0,456.0,0.0,279.0,1980.0,0.0,0.0,0.0,0.0,0.0,0.0,1632.0,0.0,0.0,0.0,32.0,28.0,3078.0,864.0,73.0,0.0,0.0,0.0,0.0,0.0,0.0,0.0
0501,2023,285.0,1633.0,456.0,0.0,93.0,0.0,0.0,0.0,0.0,0.0,0.0,0.0,1637.0,0.0,1659.0,0.0,0.0,0.0,0.0,1250.0,57.0,445.0,433.0,1577.0,0.0,0.0,0.0,0.0
0501,2024,494.0,0.0,456.0,0.0,237.0,0.0,0.0,0.0,0.0,0.0,0.0,0.0,1662.0,427.0,68.0,202.0,0.0,0.0,0.0,2010.0,66.0,0.0,0.0,0.0,1092.0,1917.0,0.0,0.0
0501,2025,600.0,0.0,418.0,0.0,126.0,0.0,0.0,0.0,0.0,0.0,0.0,0.0,433.0,117.0,7.0,146.0,0.0,0.0,0.0,0.0,30.0,0.0,0.0,0.0,587.0,839.0,0.0,0.0
0501,2026,320.0,0.0,228.0,0.0,0.0,0.0,0.0,0.0,0.0,0.0,0.0,0.0,0.0,0.0,0.0,90.0,0.0,0.0,0.0,0.0,0.0,0.0,0.0,0.0,0.0,0.0,0.0,8090.0
0502,2019,0.0,0.0,0.0,10.0,0.0,0.0,0.0,0.0,0.0,0.0,0.0,0.0,0.0,0.0,0.0,0.0,0.0,0.0,0.0,0.0,0.0,0.0,0.0,0.0,0.0,0.0,0.0,0.0
0502,2020,0.0,0.0,0.0,0.0,0.0,0.0,0.0,0.0,0.0,0.0,0.0,0.0,0.0,0.0,0.0,0.0,0.0,0.0,0.0,0.0,0.0,0.0,0.0,0.0,0.0,0.0,37.0,0.0
0502,2021,0.0,0.0,226.0,0.0,79.0,0.0,0.0,0.0,0.0,0.0,0.0,0.0,62.0,0.0,0.0,0.0,0.0,10.0,0.0,0.0,0.0,0.0,0.0,0.0,0.0,0.0,4.0,0.0
0502,2022,0.0,0.0,456.0,0.0,711.0,0.0,0.0,0.0,0.0,0.0,0.0,0.0,126.0,0.0,0.0,0.0,2.0,10.0,230.0,26.0,141.0,0.0,0.0,0.0,0.0,0.0,0.0,0.0
0502,2023,40.0,467.0,456.0,0.0,237.0,0.0,0.0,0.0,0.0,0.0,0.0,0.0,128.0,0.0,0.0,0.0,0.0,0.0,0.0,4.0,97.0,223.0,0.0,633.0,0.0,0.0,0.0,0.0
0502,2024,63.0,0.0,456.0,0.0,777.0,0.0,0.0,0.0,0.0,0.0,0.0,0.0,134.0,0.0,0.0,102.0,0.0,0.0,0.0,8.0,64.0,0.0,0.0,0.0,473.0,815.0,0.0,0.0
0502,2025,70.0,0.0,418.0,0.0,392.0,0.0,0.0,0.0,0.0,0.0,0.0,0.0,41.0,0.0,0.0,40.0,0.0,0.0,0.0,0.0,4.0,0.0,0.0,0.0,264.0,337.0,0.0,0.0
0502,2026,47.0,0.0,228.0,0.0,0.0,0.0,0.0,0.0,0.0,0.0,0.0,0.0,0.0,0.0,0.0,24.0,0.0,0.0,0.0,0.0,0.0,0.0,0.0,0.0,0.0,0.0,0.0,1959.0
0503,2019,0.0,0.0,0.0,2.0,0.0,0.0,0.0,0.0,0.0,0.0,0.0,0.0,0.0,0.0,0.0,0.0,0.0,0.0,0.0,0.0,0.0,0.0,0.0,0.0,0.0,0.0,0.0,0.0
0503,2020,0.0,0.0,0.0,0.0,0.0,0.0,0.0,0.0,0.0,0.0,0.0,0.0,0.0,0.0,0.0,0.0,0.0,0.0,0.0,0.0,0.0,0.0,0.0,0.0,0.0,0.0,10.0,0.0
0503,2021,0.0,0.0,226.0,0.0,60.0,0.0,0.0,0.0,0.0,0.0,0.0,0.0,3.0,0.0,0.0,0.0,0.0,26.0,0.0,0.0,0.0,0.0,0.0,0.0,0.0,0.0,8.0,0.0
0503,2022,0.0,0.0,456.0,0.0,540.0,0.0,0.0,0.0,0.0,0.0,0.0,0.0,8.0,0.0,0.0,0.0,74.0,26.0,102.0,20.0,8.0,0.0,0.0,0.0,0.0,0.0,0.0,0.0
0503,2023,11.0,296.0,456.0,0.0,180.0,0.0,0.0,0.0,0.0,0.0,0.0,0.0,10.0,0.0,0.0,0.0,0.0,0.0,0.0,2.0,0.0,161.0,0.0,429.0,0.0,0.0,0.0,0.0
0503,2024,13.0,0.0,456.0,0.0,530.0,0.0,0.0,0.0,0.0,0.0,0.0,0.0,12.0,0.0,0.0,27.0,0.0,0.0,0.0,8.0,5.0,0.0,0.0,0.0,219.0,347.0,0.0,0.0
0503,2025,17.0,0.0,418.0,0.0,238.0,0.0,0.0,0.0,0.0,0.0,0.0,0.0,3.0,0.0,0.0,11.0,0.0,0.0,0.0,0.0,2.0,0.0,0.0,0.0,122.0,157.0,0.0,0.0
0503,2026,11.0,0.0,228.0,0.0,0.0,0.0,0.0,0.0,0.0,0.0,0.0,0.0,0.0,0.0,0.0,9.0,0.0,0.0,0.0,0.0,0.0,0.0,0.0,0.0,0.0,0.0,0.0,268.0
0504,2019,0.0,0.0,0.0,12.0,0.0,0.0,0.0,0.0,0.0,0.0,0.0,0.0,0.0,0.0,0.0,0.0,0.0,0.0,0.0,0.0,0.0,0.0,0.0,0.0,0.0,0.0,0.0,0.0
0504,2020,0.0,0.0,0.0,0.0,0.0,0.0,0.0,0.0,0.0,0.0,0.0,0.0,0.0,0.0,0.0,0.0,0.0,0.0,0.0,0.0,0.0,0.0,0.0,0.0,0.0,0.0,127.0,0.0
0504,2021,0.0,0.0,226.0,0.0,156.0,0.0,0.0,0.0,0.0,0.0,0.0,0.0,118.0,0.0,0.0,0.0,0.0,38.0,0.0,0.0,0.0,0.0,0.0,0.0,0.0,0.0,26.0,0.0
0504,2022,0.0,0.0,456.0,0.0,1404.0,0.0,0.0,0.0,0.0,0.0,0.0,0.0,236.0,0.0,0.0,0.0,94.0,38.0,584.0,82.0,26.0,0.0,0.0,0.0,0.0,0.0,0.0,0.0
0504,2023,24.0,635.0,456.0,0.0,468.0,0.0,0.0,0.0,0.0,0.0,0.0,0.0,236.0,0.0,118.0,0.0,0.0,0.0,0.0,88.0,14.0,273.0,0.0,1088.0,0.0,0.0,0.0,0.0
0504,2024,57.0,0.0,456.0,0.0,1658.0,0.0,0.0,0.0,0.0,0.0,0.0,0.0,241.0,0.0,0.0,140.0,0.0,0.0,0.0,94.0,41.0,0.0,0.0,0.0,520.0,871.0,0.0,0.0
0504,2025,78.0,0.0,418.0,0.0,686.0,0.0,0.0,0.0,0.0,0.0,0.0,0.0,79.0,0.0,0.0,111.0,0.0,0.0,0.0,0.0,22.0,0.0,0.0,0.0,302.0,420.0,0.0,0.0
0504,2026,31.0,0.0,228.0,0.0,0.0,0.0,0.0,0.0,0.0,0.0,0.0,0.0,0.0,0.0,0.0,81.0,0.0,0.0,0.0,0.0,0.0,0.0,0.0,0.0,0.0,0.0,0.0,1346.0
0505,2019,0.0,0.0,0.0,12.0,0.0,0.0,0.0,0.0,0.0,0.0,0.0,0.0,0.0,0.0,0.0,0.0,0.0,0.0,0.0,0.0,0.0,0.0,0.0,0.0,0.0,0.0,0.0,0.0
0505,2020,0.0,0.0,0.0,0.0,0.0,0.0,0.0,0.0,0.0,0.0,0.0,0.0,0.0,0.0,0.0,0.0,0.0,0.0,0.0,0.0,0.0,0.0,0.0,0.0,0.0,0.0,305.0,0.0
0505,2021,0.0,0.0,226.0,0.0,26.0,0.0,0.0,0.0,0.0,0.0,0.0,0.0,111.0,0.0,0.0,0.0,0.0,8.0,0.0,0.0,0.0,0.0,0.0,0.0,0.0,0.0,252.0,0.0
0505,2022,0.0,0.0,456.0,0.0,234.0,624.0,0.0,0.0,0.0,0.0,0.0,0.0,224.0,0.0,0.0,0.0,12.0,6.0,1006.0,140.0,7.0,0.0,0.0,0.0,0.0,0.0,0.0,0.0
0505,2023,91.0,492.0,456.0,0.0,78.0,0.0,0.0,0.0,0.0,0.0,0.0,0.0,235.0,0.0,164.0,0.0,0.0,0.0,0.0,202.0,3.0,224.0,0.0,683.0,0.0,0.0,0.0,0.0
0505,2024,94.0,0.0,456.0,0.0,243.0,0.0,0.0,0.0,0.0,0.0,0.0,0.0,247.0,0.0,3.0,0.0,0.0,0.0,0.0,112.0,7.0,0.0,0.0,0.0,342.0,559.0,0.0,0.0
0505,2025,161.0,0.0,418.0,0.0,140.0,0.0,0.0,0.0,0.0,0.0,0.0,0.0,75.0,0.0,0.0,0.0,0.0,0.0,0.0,0.0,3.0,0.0,0.0,0.0,188.0,259.0,0.0,0.0
0505,2026,73.0,0.0,228.0,0.0,0.0,0.0,0.0,0.0,0.0,0.0,0.0,0.0,0.0,0.0,0.0,0.0,0.0,0.0,0.0,0.0,0.0,0.0,0.0,0.0,0.0,0.0,0.0,1747.0
0506,2019,0.0,0.0,0.0,2.0,0.0,0.0,0.0,0.0,0.0,0.0,0.0,0.0,0.0,0.0,0.0,0.0,0.0,0.0,0.0,0.0,0.0,0.0,0.0,0.0,0.0,0.0,0.0,0.0
0506,2020,0.0,0.0,0.0,0.0,0.0,0.0,0.0,0.0,0.0,0.0,0.0,0.0,0.0,0.0,0.0,0.0,0.0,0.0,0.0,0.0,0.0,0.0,0.0,0.0,0.0,0.0,96.0,0.0
0506,2021,0.0,0.0,226.0,0.0,6.0,0.0,0.0,0.0,0.0,0.0,0.0,0.0,54.0,0.0,0.0,0.0,0.0,0.0,0.0,0.0,0.0,0.0,0.0,0.0,0.0,0.0,234.0,0.0
0506,2022,0.0,0.0,456.0,0.0,54.0,0.0,0.0,0.0,0.0,0.0,0.0,0.0,110.0,0.0,0.0,0.0,12.0,0.0,156.0,78.0,3.0,0.0,0.0,0.0,0.0,0.0,0.0,0.0
0506,2023,24.0,253.0,456.0,0.0,18.0,0.0,0.0,0.0,0.0,0.0,0.0,0.0,112.0,0.0,140.0,0.0,0.0,0.0,0.0,16.0,1.0,177.0,0.0,559.0,0.0,0.0,0.0,0.0
0506,2024,39.0,0.0,456.0,0.0,66.0,0.0,0.0,0.0,0.0,0.0,0.0,0.0,110.0,0.0,40.0,49.0,0.0,0.0,0.0,10.0,2.0,0.0,0.0,0.0,208.0,372.0,0.0,0.0
0506,2025,51.0,0.0,418.0,0.0,42.0,0.0,0.0,0.0,0.0,0.0,0.0,0.0,30.0,0.0,0.0,45.0,0.0,0.0,0.0,0.0,3.0,0.0,0.0,0.0,114.0,163.0,0.0,0.0
0506,2026,22.0,0.0,228.0,0.0,0.0,0.0,0.0,0.0,0.0,0.0,0.0,0.0,0.0,0.0,0.0,39.0,0.0,0.0,0.0,0.0,0.0,0.0,0.0,0.0,0.0,0.0,0.0,660.0
0507,2019,0.0,0.0,0.0,7.0,0.0,0.0,0.0,0.0,0.0,0.0,0.0,0.0,0.0,0.0,0.0,0.0,0.0,0.0,0.0,0.0,0.0,0.0,0.0,0.0,0.0,0.0,0.0,0.0
0507,2020,0.0,0.0,0.0,0.0,0.0,0.0,0.0,0.0,0.0,0.0,0.0,0.0,0.0,0.0,0.0,0.0,0.0,0.0,0.0,0.0,0.0,0.0,0.0,0.0,0.0,0.0,19.0,0.0
0507,2021,0.0,0.0,226.0,0.0,27.0,0.0,0.0,0.0,0.0,0.0,0.0,0.0,2.0,0.0,0.0,0.0,0.0,28.0,0.0,0.0,0.0,0.0,0.0,0.0,0.0,0.0,7.0,0.0
0507,2022,0.0,0.0,456.0,0.0,243.0,0.0,0.0,0.0,0.0,0.0,0.0,0.0,4.0,0.0,0.0,0.0,36.0,28.0,70.0,0.0,11.0,0.0,0.0,0.0,0.0,0.0,0.0,0.0
0507,2023,6.0,355.0,456.0,0.0,81.0,0.0,0.0,0.0,0.0,0.0,0.0,0.0,4.0,0.0,0.0,0.0,0.0,0.0,0.0,4.0,12.0,146.0,0.0,437.0,0.0,0.0,0.0,0.0
0507,2024,20.0,0.0,456.0,0.0,265.0,0.0,0.0,0.0,0.0,0.0,0.0,0.0,6.0,0.0,0.0,55.0,0.0,0.0,0.0,6.0,8.0,0.0,0.0,0.0,119.0,241.0,0.0,0.0
0507,2025,23.0,0.0,418.0,0.0,161.0,0.0,0.0,0.0,0.0,0.0,0.0,0.0,2.0,0.0,0.0,23.0,0.0,0.0,0.0,0.0,0.0,0.0,0.0,0.0,129.0,130.0,0.0,0.0
0507,2026,11.0,0.0,228.0,0.0,0.0,0.0,0.0,0.0,0.0,0.0,0.0,0.0,0.0,0.0,0.0,35.0,0.0,0.0,0.0,0.0,0.0,0.0,0.0,0.0,0.0,0.0,0.0,250.0
0601,2019,0.0,0.0,0.0,403.0,0.0,0.0,0.0,0.0,0.0,0.0,0.0,0.0,0.0,0.0,0.0,0.0,0.0,0.0,0.0,0.0,0.0,0.0,0.0,0.0,0.0,0.0,0.0,0.0
0601,2020,0.0,0.0,0.0,0.0,0.0,0.0,0.0,0.0,0.0,0.0,0.0,0.0,0.0,0.0,0.0,0.0,0.0,0.0,0.0,0.0,0.0,0.0,0.0,0.0,0.0,0.0,1203.0,0.0
0601,2021,0.0,0.0,226.0,0.0,140.0,0.0,0.0,0.0,0.0,0.0,0.0,0.0,1192.0,0.0,0.0,0.0,0.0,24.0,0.0,0.0,0.0,0.0,0.0,0.0,0.0,0.0,1149.0,0.0
0601,2022,0.0,0.0,456.0,0.0,1260.0,7468.0,0.0,0.0,0.0,148.0,0.0,0.0,2409.0,0.0,46.0,0.0,20.0,24.0,4204.0,706.0,73.0,0.0,0.0,0.0,0.0,0.0,0.0,0.0
0601,2023,411.0,1714.0,456.0,0.0,420.0,0.0,0.0,0.0,0.0,0.0,0.0,0.0,2426.0,0.0,36.0,0.0,0.0,0.0,0.0,914.0,55.0,440.0,602.0,1494.0,0.0,0.0,0.0,0.0
0601,2024,680.0,0.0,456.0,0.0,1276.0,0.0,0.0,28.0,0.0,296.0,0.0,0.0,2502.0,1138.0,3.0,438.0,0.0,0.0,0.0,860.0,90.0,0.0,0.0,0.0,813.0,1713.0,0.0,0.0
0601,2025,739.0,0.0,418.0,0.0,518.0,0.0,0.0,28.0,0.0,296.0,0.0,0.0,654.0,295.0,1.0,273.0,0.0,0.0,0.0,0.0,52.0,0.0,0.0,0.0,487.0,751.0,0.0,0.0
0601,2026,233.0,0.0,228.0,0.0,0.0,0.0,0.0,14.0,0.0,148.0,0.0,0.0,0.0,0.0,0.0,136.0,0.0,0.0,0.0,0.0,0.0,0.0,0.0,0.0,0.0,0.0,0.0,12205.0
0602,2019,0.0,0.0,0.0,21.0,0.0,0.0,0.0,0.0,0.0,0.0,0.0,0.0,0.0,0.0,0.0,0.0,0.0,0.0,0.0,0.0,0.0,0.0,0.0,0.0,0.0,0.0,0.0,0.0
0602,2020,0.0,0.0,0.0,0.0,0.0,0.0,0.0,0.0,0.0,0.0,0.0,0.0,0.0,0.0,0.0,0.0,0.0,0.0,0.0,0.0,0.0,0.0,0.0,0.0,0.0,0.0,81.0,0.0
0602,2021,0.0,0.0,226.0,0.0,70.0,0.0,0.0,0.0,0.0,0.0,0.0,0.0,4.0,0.0,0.0,0.0,0.0,84.0,0.0,0.0,0.0,0.0,0.0,0.0,0.0,0.0,82.0,0.0
0602,2022,0.0,0.0,456.0,0.0,621.0,0.0,0.0,0.0,0.0,0.0,0.0,0.0,12.0,0.0,0.0,0.0,30.0,84.0,6.0,4.0,13.0,0.0,0.0,0.0,0.0,0.0,0.0,0.0
0602,2023,24.0,604.0,456.0,0.0,207.0,0.0,0.0,0.0,0.0,0.0,0.0,0.0,15.0,0.0,0.0,0.0,0.0,0.0,0.0,30.0,5.0,223.0,0.0,509.0,0.0,0.0,0.0,0.0
0602,2024,23.0,0.0,456.0,0.0,732.0,0.0,0.0,0.0,0.0,0.0,0.0,0.0,16.0,0.0,6.0,198.0,0.0,0.0,0.0,52.0,5.0,0.0,0.0,0.0,244.0,449.0,0.0,0.0
0602,2025,33.0,0.0,418.0,0.0,294.0,0.0,0.0,0.0,0.0,0.0,0.0,0.0,4.0,0.0,0.0,230.0,0.0,0.0,0.0,0.0,1.0,0.0,0.0,0.0,162.0,188.0,0.0,0.0
0602,2026,7.0,0.0,228.0,0.0,0.0,0.0,0.0,0.0,0.0,0.0,0.0,0.0,0.0,0.0,0.0,95.0,0.0,0.0,0.0,0.0,0.0,0.0,0.0,0.0,0.0,0.0,0.0,524.0
0603,2019,0.0,0.0,0.0,55.0,0.0,0.0,0.0,0.0,0.0,0.0,0.0,0.0,0.0,0.0,0.0,0.0,0.0,0.0,0.0,0.0,0.0,0.0,0.0,0.0,0.0,0.0,0.0,0.0
0603,2020,0.0,0.0,0.0,0.0,0.0,0.0,0.0,0.0,0.0,0.0,0.0,0.0,0.0,0.0,0.0,0.0,0.0,0.0,0.0,0.0,0.0,0.0,0.0,0.0,0.0,0.0,35.0,0.0
0603,2021,0.0,0.0,226.0,0.0,98.0,0.0,0.0,0.0,0.0,0.0,0.0,0.0,14.0,0.0,0.0,0.0,0.0,54.0,0.0,0.0,0.0,0.0,0.0,0.0,0.0,0.0,26.0,0.0
0603,2022,0.0,0.0,456.0,0.0,882.0,0.0,0.0,0.0,0.0,624.0,0.0,0.0,28.0,0.0,0.0,0.0,42.0,52.0,56.0,12.0,11.0,0.0,0.0,0.0,0.0,0.0,0.0,0.0
0603,2023,21.0,445.0,456.0,0.0,294.0,0.0,0.0,0.0,0.0,0.0,0.0,0.0,28.0,0.0,0.0,0.0,0.0,0.0,0.0,74.0,1.0,206.0,0.0,530.0,0.0,0.0,0.0,0.0
0603,2024,12.0,0.0,456.0,0.0,1078.0,0.0,0.0,0.0,0.0,1376.0,0.0,0.0,30.0,0.0,0.0,74.0,0.0,0.0,0.0,76.0,4.0,0.0,0.0,0.0,205.0,349.0,0.0,0.0
0603,2025,24.0,0.0,418.0,0.0,329.0,0.0,0.0,0.0,0.0,1444.0,0.0,0.0,10.0,0.0,0.0,48.0,0.0,0.0,0.0,0.0,5.0,0.0,0.0,0.0,131.0,187.0,0.0,0.0
0603,2026,5.0,0.0,228.0,0.0,0.0,0.0,0.0,0.0,0.0,734.0,0.0,0.0,0.0,0.0,0.0,26.0,0.0,0.0,0.0,0.0,0.0,0.0,0.0,0.0,0.0,0.0,0.0,354.0
0604,2019,0.0,0.0,0.0,0.0,0.0,0.0,0.0,0.0,0.0,0.0,0.0,0.0,0.0,0.0,0.0,0.0,0.0,0.0,0.0,0.0,0.0,0.0,0.0,0.0,0.0,0.0,0.0,0.0
0604,2020,0.0,0.0,0.0,0.0,0.0,0.0,0.0,0.0,0.0,0.0,0.0,0.0,0.0,0.0,0.0,0.0,0.0,0.0,0.0,0.0,0.0,0.0,0.0,0.0,0.0,0.0,207.0,0.0
0604,2021,0.0,0.0,0.0,0.0,12.0,0.0,0.0,0.0,0.0,0.0,0.0,0.0,4.0,0.0,0.0,0.0,0.0,8.0,0.0,0.0,0.0,0.0,0.0,0.0,0.0,0.0,136.0,0.0
0604,2022,0.0,0.0,0.0,0.0,108.0,0.0,0.0,0.0,0.0,0.0,0.0,0.0,8.0,0.0,0.0,0.0,0.0,8.0,202.0,78.0,2.0,0.0,0.0,0.0,0.0,0.0,0.0,0.0
0604,2023,11.0,129.0,0.0,0.0,36.0,0.0,0.0,0.0,0.0,0.0,0.0,0.0,8.0,0.0,0.0,0.0,0.0,0.0,0.0,4.0,0.0,0.0,0.0,0.0,0.0,0.0,0.0,0.0
0604,2024,12.0,0.0,0.0,0.0,69.0,0.0,0.0,0.0,0.0,0.0,0.0,0.0,8.0,0.0,3.0,30.0,0.0,0.0,0.0,16.0,1.0,0.0,0.0,0.0,60.0,126.0,0.0,0.0
0604,2025,18.0,0.0,108.0,0.0,35.0,0.0,0.0,0.0,0.0,0.0,0.0,0.0,2.0,0.0,0.0,8.0,0.0,0.0,0.0,0.0,1.0,0.0,0.0,0.0,42.0,42.0,0.0,0.0
0604,2026,13.0,0.0,216.0,0.0,0.0,0.0,0.0,0.0,0.0,0.0,0.0,0.0,0.0,0.0,0.0,7.0,0.0,0.0,0.0,0.0,0.0,0.0,0.0,0.0,0.0,0.0,0.0,284.0
0605,2019,0.0,0.0,0.0,0.0,0.0,0.0,0.0,0.0,0.0,0.0,0.0,0.0,0.0,0.0,0.0,0.0,0.0,0.0,0.0,0.0,0.0,0.0,0.0,0.0,0.0,0.0,0.0,0.0
0605,2020,0.0,0.0,0.0,0.0,0.0,0.0,0.0,0.0,0.0,0.0,0.0,0.0,0.0,0.0,0.0,0.0,0.0,0.0,0.0,0.0,0.0,0.0,0.0,0.0,0.0,0.0,112.0,0.0
0605,2021,0.0,0.0,226.0,0.0,10.0,0.0,0.0,0.0,0.0,0.0,0.0,0.0,5.0,0.0,0.0,0.0,0.0,12.0,0.0,0.0,0.0,0.0,0.0,0.0,0.0,0.0,78.0,0.0
0605,2022,0.0,0.0,456.0,0.0,90.0,0.0,0.0,72.0,0.0,0.0,0.0,0.0,12.0,0.0,0.0,0.0,4.0,12.0,0.0,0.0,1.0,0.0,0.0,0.0,0.0,0.0,0.0,0.0
0605,2023,12.0,206.0,456.0,0.0,30.0,0.0,0.0,0.0,0.0,0.0,0.0,0.0,12.0,0.0,0.0,0.0,0.0,0.0,0.0,0.0,0.0,227.0,0.0,458.0,0.0,0.0,0.0,0.0
0605,2024,10.0,0.0,456.0,0.0,65.0,0.0,0.0,180.0,0.0,0.0,0.0,0.0,12.0,0.0,74.0,66.0,0.0,0.0,0.0,2.0,2.0,0.0,0.0,0.0,56.0,133.0,0.0,0.0
0605,2025,17.0,0.0,418.0,0.0,35.0,0.0,0.0,180.0,0.0,0.0,0.0,0.0,3.0,0.0,0.0,64.0,0.0,0.0,0.0,0.0,1.0,0.0,0.0,0.0,33.0,54.0,0.0,0.0
0605,2026,5.0,0.0,228.0,0.0,0.0,0.0,0.0,90.0,0.0,0.0,0.0,0.0,0.0,0.0,0.0,31.0,0.0,0.0,0.0,0.0,0.0,0.0,0.0,0.0,0.0,0.0,0.0,260.0
0606,2019,0.0,0.0,0.0,0.0,0.0,0.0,0.0,0.0,0.0,0.0,0.0,0.0,0.0,0.0,0.0,0.0,0.0,0.0,0.0,0.0,0.0,0.0,0.0,0.0,0.0,0.0,0.0,0.0
0606,2020,0.0,0.0,0.0,0.0,0.0,0.0,0.0,0.0,0.0,0.0,0.0,0.0,0.0,0.0,0.0,0.0,0.0,0.0,0.0,0.0,0.0,0.0,0.0,0.0,0.0,0.0,67.0,0.0
0606,2021,0.0,0.0,226.0,0.0,41.0,0.0,0.0,0.0,0.0,0.0,0.0,0.0,6.0,0.0,0.0,0.0,0.0,72.0,0.0,0.0,0.0,0.0,0.0,0.0,0.0,0.0,244.0,0.0
0606,2022,0.0,0.0,456.0,0.0,369.0,0.0,0.0,38.0,0.0,0.0,0.0,0.0,16.0,0.0,0.0,0.0,30.0,72.0,430.0,54.0,11.0,0.0,0.0,0.0,0.0,0.0,0.0,0.0
0606,2023,15.0,304.0,456.0,0.0,123.0,0.0,0.0,0.0,0.0,0.0,0.0,0.0,16.0,0.0,0.0,0.0,0.0,0.0,0.0,160.0,2.0,187.0,0.0,521.0,0.0,0.0,0.0,0.0
0606,2024,8.0,0.0,456.0,0.0,451.0,0.0,0.0,120.0,0.0,0.0,0.0,0.0,24.0,0.0,0.0,134.0,0.0,0.0,0.0,102.0,4.0,0.0,0.0,0.0,343.0,574.0,0.0,0.0
0606,2025,17.0,0.0,418.0,0.0,179.0,0.0,0.0,120.0,0.0,0.0,0.0,0.0,7.0,0.0,0.0,158.0,0.0,0.0,0.0,0.0,2.0,0.0,0.0,0.0,243.0,286.0,0.0,0.0
0606,2026,5.0,0.0,228.0,0.0,0.0,0.0,0.0,60.0,0.0,0.0,0.0,0.0,0.0,0.0,0.0,76.0,0.0,0.0,0.0,0.0,0.0,0.0,0.0,0.0,0.0,0.0,0.0,308.0
0607,2019,0.0,0.0,0.0,79.0,0.0,0.0,0.0,0.0,0.0,0.0,0.0,0.0,0.0,0.0,0.0,0.0,0.0,0.0,0.0,0.0,0.0,0.0,0.0,0.0,0.0,0.0,0.0,0.0
0607,2020,0.0,0.0,0.0,0.0,0.0,0.0,0.0,0.0,0.0,0.0,0.0,0.0,0.0,0.0,0.0,0.0,0.0,0.0,0.0,0.0,0.0,0.0,0.0,0.0,0.0,0.0,248.0,0.0
0607,2021,0.0,0.0,226.0,0.0,63.0,0.0,0.0,0.0,0.0,0.0,0.0,0.0,32.0,0.0,0.0,0.0,0.0,18.0,0.0,0.0,0.0,0.0,0.0,0.0,0.0,0.0,232.0,0.0
0607,2022,0.0,0.0,456.0,0.0,567.0,0.0,0.0,36.0,0.0,0.0,0.0,0.0,48.0,0.0,0.0,0.0,8.0,16.0,1540.0,186.0,14.0,0.0,0.0,0.0,0.0,0.0,0.0,0.0
0607,2023,24.0,681.0,456.0,0.0,189.0,0.0,0.0,0.0,0.0,0.0,0.0,0.0,64.0,0.0,0.0,0.0,0.0,0.0,0.0,336.0,6.0,181.0,0.0,490.0,0.0,0.0,0.0,0.0
0607,2024,30.0,0.0,456.0,0.0,573.0,0.0,0.0,98.0,0.0,0.0,0.0,0.0,76.0,0.0,2.0,74.0,0.0,0.0,0.0,326.0,7.0,0.0,0.0,0.0,276.0,448.0,0.0,0.0
0607,2025,35.0,0.0,418.0,0.0,231.0,0.0,0.0,100.0,0.0,0.0,0.0,0.0,20.0,0.0,0.0,37.0,0.0,0.0,0.0,0.0,2.0,0.0,0.0,0.0,143.0,187.0,0.0,0.0
0607,2026,13.0,0.0,228.0,0.0,0.0,0.0,0.0,50.0,0.0,0.0,0.0,0.0,0.0,0.0,0.0,17.0,0.0,0.0,0.0,0.0,0.0,0.0,0.0,0.0,0.0,0.0,0.0,961.0
0608,2019,0.0,0.0,0.0,22.0,0.0,0.0,0.0,0.0,0.0,0.0,0.0,0.0,0.0,0.0,0.0,0.0,0.0,0.0,0.0,0.0,0.0,0.0,0.0,0.0,0.0,0.0,0.0,0.0
0608,2020,0.0,0.0,0.0,0.0,0.0,0.0,0.0,0.0,0.0,0.0,0.0,0.0,0.0,0.0,0.0,0.0,0.0,0.0,0.0,0.0,0.0,0.0,0.0,0.0,0.0,0.0,37.0,0.0
0608,2021,0.0,0.0,226.0,0.0,71.0,0.0,0.0,0.0,0.0,0.0,0.0,0.0,6.0,0.0,0.0,0.0,0.0,4.0,0.0,0.0,0.0,0.0,0.0,0.0,0.0,0.0,8.0,0.0
0608,2022,0.0,0.0,456.0,0.0,639.0,0.0,0.0,536.0,0.0,0.0,0.0,0.0,12.0,0.0,0.0,0.0,0.0,4.0,0.0,0.0,2.0,0.0,0.0,0.0,0.0,0.0,0.0,0.0
0608,2023,6.0,141.0,456.0,0.0,213.0,0.0,0.0,0.0,0.0,0.0,0.0,0.0,12.0,0.0,0.0,0.0,0.0,0.0,0.0,28.0,0.0,194.0,0.0,408.0,0.0,0.0,0.0,0.0
0608,2024,13.0,0.0,456.0,0.0,658.0,0.0,0.0,1196.0,0.0,0.0,0.0,0.0,12.0,0.0,0.0,51.0,0.0,0.0,0.0,4.0,4.0,0.0,0.0,0.0,73.0,154.0,0.0,0.0
0608,2025,14.0,0.0,418.0,0.0,210.0,0.0,0.0,1200.0,0.0,0.0,0.0,0.0,4.0,0.0,0.0,29.0,0.0,0.0,0.0,0.0,1.0,0.0,0.0,0.0,34.0,43.0,0.0,0.0
0608,2026,6.0,0.0,228.0,0.0,0.0,0.0,0.0,600.0,0.0,0.0,0.0,0.0,0.0,0.0,0.0,22.0,0.0,0.0,0.0,0.0,0.0,0.0,0.0,0.0,0.0,0.0,0.0,260.0
0609,2019,0.0,0.0,0.0,0.0,0.0,0.0,0.0,0.0,0.0,0.0,0.0,0.0,0.0,0.0,0.0,0.0,0.0,0.0,0.0,0.0,0.0,0.0,0.0,0.0,0.0,0.0,0.0,0.0
0609,2020,0.0,0.0,0.0,0.0,0.0,0.0,0.0,0.0,0.0,0.0,0.0,0.0,0.0,0.0,0.0,0.0,0.0,0.0,0.0,0.0,0.0,0.0,0.0,0.0,0.0,0.0,10.0,0.0
0609,2021,0.0,0.0,226.0,0.0,51.0,0.0,0.0,0.0,0.0,0.0,0.0,0.0,6.0,0.0,0.0,0.0,0.0,26.0,0.0,0.0,0.0,0.0,0.0,0.0,0.0,0.0,26.0,0.0
0609,2022,0.0,0.0,456.0,0.0,459.0,0.0,0.0,0.0,0.0,0.0,0.0,0.0,12.0,0.0,0.0,0.0,4.0,26.0,32.0,6.0,1.0,0.0,0.0,0.0,0.0,0.0,0.0,0.0
0609,2023,3.0,294.0,456.0,0.0,153.0,0.0,0.0,0.0,0.0,0.0,0.0,0.0,12.0,0.0,0.0,0.0,0.0,0.0,0.0,36.0,0.0,124.0,0.0,499.0,0.0,0.0,0.0,0.0
0609,2024,7.0,0.0,456.0,0.0,503.0,0.0,0.0,0.0,0.0,0.0,0.0,0.0,14.0,0.0,4.0,5.0,0.0,0.0,0.0,14.0,0.0,0.0,0.0,0.0,31.0,39.0,0.0,0.0
0609,2025,4.0,0.0,418.0,0.0,154.0,0.0,0.0,0.0,0.0,0.0,0.0,0.0,5.0,0.0,0.0,7.0,0.0,0.0,0.0,0.0,1.0,0.0,0.0,0.0,15.0,24.0,0.0,0.0
0609,2026,0.0,0.0,228.0,0.0,0.0,0.0,0.0,0.0,0.0,0.0,0.0,0.0,0.0,0.0,0.0,0.0,0.0,0.0,0.0,0.0,0.0,0.0,0.0,0.0,0.0,0.0,0.0,177.0
0610,2019,0.0,0.0,0.0,5.0,0.0,0.0,0.0,0.0,0.0,0.0,0.0,0.0,0.0,0.0,0.0,0.0,0.0,0.0,0.0,0.0,0.0,0.0,0.0,0.0,0.0,0.0,0.0,0.0
0610,2020,0.0,0.0,0.0,0.0,0.0,0.0,0.0,0.0,0.0,0.0,0.0,0.0,0.0,0.0,0.0,0.0,0.0,0.0,0.0,0.0,0.0,0.0,0.0,0.0,0.0,0.0,0.0,0.0
0610,2021,0.0,0.0,226.0,0.0,38.0,0.0,0.0,0.0,0.0,0.0,0.0,0.0,10.0,0.0,0.0,0.0,0.0,4.0,0.0,0.0,0.0,0.0,0.0,0.0,0.0,0.0,13.0,0.0
0610,2022,0.0,0.0,456.0,0.0,342.0,0.0,0.0,0.0,34.0,0.0,0.0,0.0,20.0,0.0,0.0,0.0,0.0,4.0,18.0,0.0,1.0,0.0,0.0,0.0,0.0,0.0,0.0,0.0
0610,2023,5.0,151.0,456.0,0.0,114.0,0.0,0.0,0.0,0.0,0.0,0.0,0.0,20.0,0.0,0.0,0.0,0.0,0.0,0.0,0.0,1.0,224.0,0.0,616.0,0.0,0.0,0.0,0.0
0610,2024,19.0,0.0,456.0,0.0,334.0,0.0,0.0,0.0,68.0,0.0,0.0,0.0,22.0,0.0,0.0,53.0,0.0,0.0,0.0,0.0,0.0,0.0,0.0,0.0,119.0,259.0,0.0,0.0
0610,2025,20.0,0.0,418.0,0.0,182.0,0.0,0.0,0.0,68.0,0.0,0.0,0.0,7.0,0.0,0.0,21.0,0.0,0.0,0.0,0.0,1.0,0.0,0.0,0.0,57.0,83.0,0.0,0.0
0610,2026,6.0,0.0,228.0,0.0,0.0,0.0,0.0,0.0,68.0,0.0,0.0,0.0,0.0,0.0,0.0,20.0,0.0,0.0,0.0,0.0,0.0,0.0,0.0,0.0,0.0,0.0,0.0,393.0
0701,2019,0.0,0.0,0.0,149.0,0.0,0.0,0.0,0.0,0.0,0.0,0.0,0.0,0.0,0.0,0.0,0.0,0.0,0.0,0.0,0.0,0.0,0.0,0.0,0.0,0.0,0.0,0.0,0.0
0701,2020,0.0,0.0,0.0,0.0,0.0,0.0,0.0,0.0,0.0,0.0,0.0,0.0,0.0,0.0,0.0,0.0,0.0,0.0,0.0,0.0,0.0,0.0,0.0,0.0,0.0,0.0,356.0,0.0
0701,2021,0.0,0.0,226.0,0.0,56.0,0.0,0.0,0.0,0.0,0.0,0.0,0.0,519.0,0.0,0.0,0.0,0.0,174.0,0.0,0.0,0.0,0.0,0.0,0.0,0.0,0.0,190.0,0.0
0701,2022,0.0,0.0,456.0,0.0,504.0,1280.0,0.0,0.0,450.0,0.0,0.0,0.0,1037.0,0.0,0.0,0.0,2.0,174.0,2520.0,1126.0,102.0,0.0,0.0,0.0,0.0,0.0,0.0,0.0
0701,2023,329.0,1256.0,456.0,0.0,149.0,0.0,0.0,0.0,0.0,0.0,0.0,0.0,1057.0,0.0,114.0,0.0,0.0,0.0,0.0,1200.0,69.0,226.0,587.0,818.0,0.0,0.0,0.0,0.0
0701,2024,525.0,0.0,456.0,0.0,407.0,0.0,0.0,0.0,1060.0,0.0,0.0,0.0,1079.0,1493.0,0.0,816.0,0.0,0.0,0.0,818.0,76.0,0.0,0.0,0.0,954.0,2547.0,0.0,0.0
0701,2025,671.0,0.0,418.0,0.0,259.0,0.0,0.0,0.0,1152.0,0.0,0.0,0.0,271.0,339.0,0.0,388.0,0.0,0.0,0.0,0.0,59.0,0.0,0.0,0.0,523.0,1189.0,0.0,0.0
0701,2026,234.0,0.0,228.0,0.0,0.0,0.0,0.0,0.0,1260.0,0.0,0.0,0.0,0.0,0.0,0.0,119.0,0.0,0.0,0.0,0.0,0.0,0.0,0.0,0.0,0.0,0.0,0.0,9994.0
0702,2019,0.0,0.0,0.0,29.0,0.0,0.0,0.0,0.0,0.0,0.0,0.0,0.0,0.0,0.0,0.0,0.0,0.0,0.0,0.0,0.0,0.0,0.0,0.0,0.0,0.0,0.0,0.0,0.0
0702,2020,0.0,0.0,0.0,0.0,0.0,0.0,0.0,0.0,0.0,0.0,0.0,0.0,0.0,0.0,0.0,0.0,0.0,0.0,0.0,0.0,0.0,0.0,0.0,0.0,0.0,0.0,141.0,0.0
0702,2021,0.0,0.0,226.0,0.0,11.0,0.0,0.0,0.0,0.0,0.0,0.0,0.0,17.0,0.0,0.0,0.0,0.0,46.0,0.0,0.0,0.0,0.0,0.0,0.0,0.0,0.0,60.0,0.0
0702,2022,0.0,0.0,456.0,0.0,99.0,0.0,0.0,0.0,706.0,0.0,684.0,0.0,36.0,0.0,0.0,0.0,390.0,46.0,216.0,162.0,7.0,0.0,0.0,0.0,0.0,0.0,0.0,0.0
0702,2023,11.0,351.0,456.0,0.0,24.0,0.0,0.0,0.0,0.0,0.0,0.0,0.0,36.0,0.0,0.0,0.0,0.0,0.0,0.0,96.0,21.0,208.0,0.0,625.0,0.0,0.0,0.0,0.0
0702,2024,28.0,0.0,456.0,0.0,88.0,0.0,0.0,12.0,1580.0,0.0,1540.0,0.0,36.0,0.0,22.0,29.0,0.0,0.0,0.0,14.0,7.0,0.0,0.0,0.0,135.0,314.0,0.0,0.0
0702,2025,44.0,0.0,418.0,0.0,56.0,0.0,0.0,12.0,1672.0,0.0,1632.0,0.0,10.0,0.0,0.0,12.0,0.0,0.0,0.0,0.0,6.0,0.0,0.0,0.0,96.0,152.0,0.0,0.0
0702,2026,16.0,0.0,228.0,0.0,0.0,0.0,0.0,6.0,1780.0,0.0,850.0,0.0,0.0,0.0,0.0,12.0,0.0,0.0,0.0,0.0,0.0,0.0,0.0,0.0,0.0,0.0,0.0,784.0
0703,2019,0.0,0.0,0.0,2.0,0.0,0.0,0.0,0.0,0.0,0.0,0.0,0.0,0.0,0.0,0.0,0.0,0.0,0.0,0.0,0.0,0.0,0.0,0.0,0.0,0.0,0.0,0.0,0.0
0703,2020,0.0,0.0,0.0,0.0,0.0,0.0,0.0,0.0,0.0,0.0,0.0,0.0,0.0,0.0,0.0,0.0,0.0,0.0,0.0,0.0,0.0,0.0,0.0,0.0,0.0,0.0,5.0,0.0
0703,2021,0.0,0.0,226.0,0.0,1.0,0.0,0.0,0.0,0.0,0.0,0.0,0.0,8.0,0.0,0.0,0.0,0.0,38.0,0.0,0.0,0.0,0.0,0.0,0.0,0.0,0.0,0.0,0.0
0703,2022,0.0,0.0,456.0,0.0,9.0,0.0,0.0,0.0,0.0,0.0,0.0,202.0,16.0,0.0,0.0,0.0,0.0,38.0,42.0,0.0,0.0,0.0,0.0,0.0,0.0,0.0,0.0,0.0
0703,2023,2.0,198.0,456.0,0.0,0.0,0.0,0.0,0.0,0.0,0.0,0.0,0.0,16.0,0.0,0.0,0.0,0.0,0.0,0.0,0.0,3.0,0.0,0.0,0.0,0.0,0.0,0.0,0.0
0703,2024,2.0,0.0,456.0,0.0,0.0,0.0,0.0,12.0,0.0,0.0,0.0,404.0,17.0,0.0,0.0,4.0,0.0,0.0,0.0,0.0,0.0,0.0,0.0,0.0,16.0,59.0,0.0,0.0
0703,2025,9.0,0.0,418.0,0.0,0.0,0.0,0.0,12.0,0.0,0.0,0.0,404.0,5.0,0.0,0.0,1.0,0.0,0.0,0.0,0.0,1.0,0.0,0.0,0.0,3.0,34.0,0.0,0.0
0703,2026,0.0,0.0,228.0,0.0,0.0,0.0,0.0,6.0,0.0,0.0,0.0,404.0,0.0,0.0,0.0,1.0,0.0,0.0,0.0,0.0,0.0,0.0,0.0,0.0,0.0,0.0,0.0,126.0
0704,2019,0.0,0.0,0.0,19.0,0.0,0.0,0.0,0.0,0.0,0.0,0.0,0.0,0.0,0.0,0.0,0.0,0.0,0.0,0.0,0.0,0.0,0.0,0.0,0.0,0.0,0.0,0.0,0.0
0704,2020,0.0,0.0,0.0,0.0,0.0,0.0,0.0,0.0,0.0,0.0,0.0,0.0,0.0,0.0,0.0,0.0,0.0,0.0,0.0,0.0,0.0,0.0,0.0,0.0,0.0,0.0,15.0,0.0
0704,2021,0.0,0.0,226.0,0.0,7.0,0.0,0.0,0.0,0.0,0.0,0.0,0.0,2.0,0.0,0.0,0.0,0.0,4.0,0.0,0.0,0.0,0.0,0.0,0.0,0.0,0.0,0.0,0.0
0704,2022,0.0,0.0,456.0,0.0,63.0,0.0,0.0,0.0,0.0,0.0,0.0,18.0,4.0,0.0,0.0,0.0,28.0,4.0,8.0,0.0,1.0,0.0,0.0,0.0,0.0,0.0,0.0,0.0
0704,2023,6.0,155.0,456.0,0.0,21.0,0.0,0.0,0.0,0.0,0.0,0.0,0.0,4.0,0.0,0.0,0.0,0.0,0.0,0.0,4.0,1.0,0.0,0.0,0.0,0.0,0.0,0.0,0.0
0704,2024,15.0,0.0,456.0,0.0,77.0,0.0,0.0,0.0,0.0,0.0,0.0,36.0,4.0,0.0,0.0,44.0,0.0,0.0,0.0,0.0,0.0,0.0,0.0,0.0,52.0,86.0,0.0,0.0
0704,2025,14.0,0.0,418.0,0.0,49.0,0.0,0.0,0.0,0.0,0.0,0.0,36.0,1.0,0.0,0.0,25.0,0.0,0.0,0.0,0.0,1.0,0.0,0.0,0.0,13.0,47.0,0.0,0.0
0704,2026,5.0,0.0,228.0,0.0,0.0,0.0,0.0,0.0,0.0,0.0,0.0,36.0,0.0,0.0,0.0,1.0,0.0,0.0,0.0,0.0,0.0,0.0,0.0,0.0,0.0,0.0,0.0,205.0
0705,2019,0.0,0.0,0.0,0.0,0.0,0.0,0.0,0.0,0.0,0.0,0.0,0.0,0.0,0.0,0.0,0.0,0.0,0.0,0.0,0.0,0.0,0.0,0.0,0.0,0.0,0.0,0.0,0.0
0705,2020,0.0,0.0,0.0,0.0,0.0,0.0,0.0,0.0,0.0,0.0,0.0,0.0,0.0,0.0,0.0,0.0,0.0,0.0,0.0,0.0,0.0,0.0,0.0,0.0,0.0,0.0,0.0,0.0
0705,2021,0.0,0.0,226.0,0.0,8.0,0.0,0.0,0.0,0.0,0.0,0.0,0.0,2.0,0.0,0.0,0.0,0.0,12.0,0.0,0.0,0.0,0.0,0.0,0.0,0.0,0.0,0.0,0.0
0705,2022,0.0,0.0,456.0,0.0,72.0,0.0,0.0,0.0,0.0,0.0,0.0,0.0,4.0,0.0,0.0,0.0,4.0,12.0,8.0,0.0,5.0,0.0,0.0,0.0,0.0,0.0,0.0,0.0
0705,2023,0.0,79.0,456.0,0.0,21.0,0.0,0.0,0.0,0.0,0.0,0.0,0.0,4.0,0.0,0.0,0.0,0.0,0.0,0.0,0.0,2.0,0.0,0.0,0.0,0.0,0.0,0.0,0.0
0705,2024,1.0,0.0,456.0,0.0,77.0,0.0,0.0,0.0,0.0,0.0,0.0,0.0,4.0,0.0,21.0,1.0,0.0,0.0,0.0,0.0,0.0,0.0,0.0,0.0,11.0,19.0,0.0,0.0
0705,2025,1.0,0.0,418.0,0.0,49.0,0.0,0.0,0.0,0.0,0.0,0.0,0.0,1.0,0.0,0.0,1.0,0.0,0.0,0.0,0.0,0.0,0.0,0.0,0.0,10.0,20.0,0.0,0.0
0705,2026,1.0,0.0,228.0,0.0,0.0,0.0,0.0,0.0,0.0,0.0,0.0,0.0,0.0,0.0,0.0,2.0,0.0,0.0,0.0,0.0,0.0,0.0,0.0,0.0,0.0,0.0,0.0,55.0
0706,2019,0.0,0.0,0.0,94.0,0.0,0.0,0.0,0.0,0.0,0.0,0.0,0.0,0.0,0.0,0.0,0.0,0.0,0.0,0.0,0.0,0.0,0.0,0.0,0.0,0.0,0.0,0.0,0.0
0706,2020,0.0,0.0,0.0,0.0,0.0,0.0,0.0,0.0,0.0,0.0,0.0,0.0,0.0,0.0,0.0,0.0,0.0,0.0,0.0,0.0,0.0,0.0,0.0,0.0,0.0,0.0,20.0,0.0
0706,2021,0.0,0.0,226.0,0.0,19.0,0.0,0.0,0.0,0.0,0.0,0.0,0.0,16.0,0.0,0.0,0.0,0.0,90.0,0.0,0.0,0.0,0.0,0.0,0.0,0.0,0.0,30.0,0.0
0706,2022,0.0,0.0,456.0,0.0,171.0,0.0,0.0,0.0,830.0,0.0,0.0,0.0,32.0,0.0,0.0,0.0,6.0,90.0,142.0,146.0,3.0,0.0,0.0,0.0,0.0,0.0,0.0,0.0
0706,2023,22.0,496.0,456.0,0.0,42.0,0.0,0.0,0.0,0.0,0.0,0.0,0.0,35.0,0.0,0.0,0.0,0.0,0.0,0.0,100.0,2.0,220.0,0.0,676.0,0.0,0.0,0.0,0.0
0706,2024,45.0,0.0,456.0,0.0,154.0,0.0,0.0,0.0,1820.0,0.0,0.0,0.0,40.0,0.0,21.0,108.0,0.0,0.0,0.0,132.0,0.0,0.0,0.0,0.0,406.0,875.0,0.0,0.0
0706,2025,68.0,0.0,418.0,0.0,98.0,0.0,0.0,0.0,1912.0,0.0,0.0,0.0,11.0,0.0,0.0,62.0,0.0,0.0,0.0,0.0,41.0,0.0,0.0,0.0,214.0,438.0,0.0,0.0
0706,2026,14.0,0.0,228.0,0.0,0.0,0.0,0.0,0.0,2016.0,0.0,0.0,0.0,0.0,0.0,0.0,26.0,0.0,0.0,0.0,0.0,0.0,0.0,0.0,0.0,0.0,0.0,0.0,1431.0
0707,2019,0.0,0.0,0.0,52.0,0.0,0.0,0.0,0.0,0.0,0.0,0.0,0.0,0.0,0.0,0.0,0.0,0.0,0.0,0.0,0.0,0.0,0.0,0.0,0.0,0.0,0.0,0.0,0.0
0707,2020,0.0,0.0,0.0,0.0,0.0,0.0,0.0,0.0,0.0,0.0,0.0,0.0,0.0,0.0,0.0,0.0,0.0,0.0,0.0,0.0,0.0,0.0,0.0,0.0,0.0,0.0,334.0,0.0
0707,2021,0.0,0.0,0.0,0.0,6.0,0.0,0.0,0.0,0.0,0.0,0.0,0.0,32.0,0.0,0.0,0.0,0.0,24.0,0.0,0.0,0.0,0.0,0.0,0.0,0.0,0.0,284.0,0.0
0707,2022,0.0,0.0,0.0,0.0,54.0,0.0,0.0,0.0,0.0,0.0,0.0,0.0,64.0,0.0,0.0,0.0,4.0,24.0,1004.0,1304.0,28.0,0.0,0.0,0.0,0.0,0.0,0.0,0.0
0707,2023,43.0,593.0,0.0,0.0,18.0,0.0,0.0,0.0,0.0,0.0,0.0,0.0,66.0,0.0,0.0,0.0,0.0,0.0,0.0,1002.0,0.0,225.0,0.0,724.0,0.0,0.0,0.0,0.0
0707,2024,45.0,0.0,0.0,0.0,66.0,0.0,0.0,0.0,0.0,0.0,0.0,0.0,68.0,0.0,0.0,118.0,0.0,0.0,0.0,784.0,20.0,0.0,0.0,0.0,186.0,461.0,0.0,0.0
0707,2025,79.0,0.0,0.0,0.0,42.0,0.0,0.0,0.0,0.0,0.0,0.0,0.0,17.0,0.0,0.0,55.0,0.0,0.0,0.0,0.0,58.0,0.0,0.0,0.0,125.0,275.0,0.0,0.0
0707,2026,28.0,0.0,0.0,0.0,0.0,0.0,0.0,0.0,0.0,0.0,0.0,0.0,0.0,0.0,0.0,36.0,0.0,0.0,0.0,0.0,0.0,0.0,0.0,0.0,0.0,0.0,0.0,1550.0
0708,2019,0.0,0.0,0.0,0.0,0.0,0.0,0.0,0.0,0.0,0.0,0.0,0.0,0.0,0.0,0.0,0.0,0.0,0.0,0.0,0.0,0.0,0.0,0.0,0.0,0.0,0.0,0.0,0.0
0708,2020,0.0,0.0,0.0,0.0,0.0,0.0,0.0,0.0,0.0,0.0,0.0,0.0,0.0,0.0,0.0,0.0,0.0,0.0,0.0,0.0,0.0,0.0,0.0,0.0,0.0,0.0,0.0,0.0
0708,2021,0.0,0.0,226.0,0.0,2.0,0.0,0.0,0.0,0.0,0.0,0.0,0.0,0.0,0.0,0.0,0.0,0.0,32.0,0.0,0.0,0.0,0.0,0.0,0.0,0.0,0.0,0.0,0.0
0708,2022,0.0,0.0,456.0,0.0,18.0,0.0,0.0,0.0,0.0,0.0,0.0,90.0,0.0,0.0,0.0,0.0,98.0,32.0,0.0,0.0,1.0,0.0,0.0,0.0,0.0,0.0,0.0,0.0
0708,2023,0.0,129.0,456.0,0.0,6.0,0.0,0.0,0.0,0.0,0.0,0.0,0.0,0.0,0.0,0.0,0.0,0.0,0.0,0.0,2.0,0.0,166.0,0.0,459.0,0.0,0.0,0.0,0.0
0708,2024,7.0,0.0,456.0,0.0,22.0,0.0,0.0,0.0,0.0,0.0,0.0,180.0,0.0,0.0,0.0,22.0,0.0,0.0,0.0,0.0,0.0,0.0,0.0,0.0,26.0,64.0,0.0,0.0
0708,2025,8.0,0.0,418.0,0.0,14.0,0.0,0.0,0.0,0.0,0.0,0.0,180.0,0.0,0.0,0.0,13.0,0.0,0.0,0.0,0.0,0.0,0.0,0.0,0.0,17.0,32.0,0.0,0.0
0708,2026,1.0,0.0,228.0,0.0,0.0,0.0,0.0,0.0,0.0,0.0,0.0,180.0,0.0,0.0,0.0,3.0,0.0,0.0,0.0,0.0,0.0,0.0,0.0,0.0,0.0,0.0,0.0,126.0
0709,2019,0.0,0.0,0.0,67.0,0.0,0.0,0.0,0.0,0.0,0.0,0.0,0.0,0.0,0.0,0.0,0.0,0.0,0.0,0.0,0.0,0.0,0.0,0.0,0.0,0.0,0.0,0.0,0.0
0709,2020,0.0,0.0,0.0,0.0,0.0,0.0,0.0,0.0,0.0,0.0,0.0,0.0,0.0,0.0,0.0,0.0,0.0,0.0,0.0,0.0,0.0,0.0,0.0,0.0,0.0,0.0,174.0,0.0
0709,2021,0.0,0.0,226.0,0.0,19.0,0.0,0.0,0.0,0.0,0.0,0.0,0.0,66.0,0.0,0.0,0.0,0.0,14.0,0.0,0.0,0.0,0.0,0.0,0.0,0.0,0.0,143.0,0.0
0709,2022,0.0,0.0,456.0,0.0,171.0,0.0,0.0,0.0,480.0,0.0,0.0,0.0,132.0,0.0,0.0,0.0,4.0,14.0,204.0,74.0,8.0,0.0,0.0,0.0,0.0,0.0,0.0,0.0
0709,2023,53.0,823.0,456.0,0.0,39.0,0.0,0.0,0.0,0.0,0.0,0.0,0.0,129.0,0.0,0.0,0.0,0.0,0.0,0.0,138.0,7.0,226.0,0.0,724.0,0.0,0.0,0.0,0.0
0709,2024,108.0,0.0,456.0,0.0,143.0,0.0,0.0,0.0,1120.0,0.0,0.0,0.0,122.0,0.0,24.0,248.0,0.0,0.0,0.0,24.0,7.0,0.0,0.0,0.0,315.0,876.0,0.0,0.0
0709,2025,144.0,0.0,418.0,0.0,91.0,0.0,0.0,0.0,1212.0,0.0,0.0,0.0,30.0,0.0,0.0,136.0,0.0,0.0,0.0,0.0,4.0,0.0,0.0,0.0,175.0,355.0,0.0,0.0
0709,2026,39.0,0.0,228.0,0.0,0.0,0.0,0.0,0.0,1320.0,0.0,0.0,0.0,0.0,0.0,0.0,50.0,0.0,0.0,0.0,0.0,0.0,0.0,0.0,0.0,0.0,0.0,0.0,2554.0
0710,2019,0.0,0.0,0.0,40.0,0.0,0.0,0.0,0.0,0.0,0.0,0.0,0.0,0.0,0.0,0.0,0.0,0.0,0.0,0.0,0.0,0.0,0.0,0.0,0.0,0.0,0.0,0.0,0.0
0710,2020,0.0,0.0,0.0,0.0,0.0,0.0,0.0,0.0,0.0,0.0,0.0,0.0,0.0,0.0,0.0,0.0,0.0,0.0,0.0,0.0,0.0,0.0,0.0,0.0,0.0,0.0,0.0,0.0
0710,2021,0.0,0.0,224.0,0.0,7.0,0.0,0.0,0.0,0.0,0.0,0.0,0.0,26.0,0.0,0.0,0.0,0.0,42.0,0.0,0.0,0.0,0.0,0.0,0.0,0.0,0.0,2.0,0.0
0710,2022,0.0,0.0,456.0,0.0,63.0,0.0,0.0,0.0,0.0,0.0,0.0,256.0,52.0,0.0,0.0,0.0,182.0,42.0,76.0,8.0,8.0,0.0,0.0,0.0,0.0,0.0,0.0,0.0
0710,2023,29.0,584.0,456.0,0.0,15.0,0.0,0.0,0.0,0.0,0.0,0.0,0.0,52.0,0.0,0.0,0.0,0.0,0.0,0.0,16.0,5.0,215.0,0.0,679.0,0.0,0.0,0.0,0.0
0710,2024,67.0,0.0,456.0,0.0,55.0,0.0,0.0,16.0,0.0,0.0,0.0,596.0,72.0,0.0,28.0,34.0,0.0,0.0,0.0,30.0,5.0,0.0,0.0,0.0,55.0,247.0,0.0,0.0
0710,2025,72.0,0.0,412.0,0.0,35.0,0.0,0.0,16.0,0.0,0.0,0.0,642.0,20.0,0.0,0.0,7.0,0.0,0.0,0.0,0.0,6.0,0.0,0.0,0.0,44.0,112.0,0.0,0.0
0710,2026,30.0,0.0,228.0,0.0,0.0,0.0,0.0,8.0,0.0,0.0,0.0,692.0,0.0,0.0,0.0,1.0,0.0,0.0,0.0,0.0,0.0,0.0,0.0,0.0,0.0,0.0,0.0,675.0
0711,2019,0.0,0.0,0.0,14.0,0.0,0.0,0.0,0.0,0.0,0.0,0.0,0.0,0.0,0.0,0.0,0.0,0.0,0.0,0.0,0.0,0.0,0.0,0.0,0.0,0.0,0.0,0.0,0.0
0711,2020,0.0,0.0,0.0,0.0,0.0,0.0,0.0,0.0,0.0,0.0,0.0,0.0,0.0,0.0,0.0,0.0,0.0,0.0,0.0,0.0,0.0,0.0,0.0,0.0,0.0,0.0,61.0,0.0
0711,2021,0.0,0.0,226.0,0.0,194.0,0.0,0.0,0.0,0.0,0.0,0.0,0.0,6.0,0.0,0.0,0.0,0.0,16.0,0.0,0.0,0.0,0.0,0.0,0.0,0.0,0.0,106.0,0.0
0711,2022,0.0,0.0,456.0,0.0,1746.0,0.0,0.0,0.0,0.0,0.0,0.0,0.0,12.0,0.0,0.0,0.0,34.0,16.0,84.0,6.0,11.0,0.0,0.0,0.0,0.0,0.0,0.0,0.0
0711,2023,9.0,256.0,456.0,0.0,582.0,0.0,0.0,0.0,0.0,0.0,0.0,0.0,19.0,0.0,0.0,0.0,0.0,0.0,0.0,0.0,1.0,49.0,0.0,80.0,0.0,0.0,0.0,0.0
0711,2024,16.0,0.0,456.0,0.0,1001.0,0.0,0.0,0.0,0.0,0.0,0.0,0.0,16.0,0.0,27.0,18.0,0.0,0.0,0.0,18.0,2.0,0.0,0.0,0.0,61.0,188.0,0.0,0.0
0711,2025,21.0,0.0,418.0,0.0,637.0,0.0,0.0,0.0,0.0,0.0,0.0,0.0,4.0,0.0,0.0,7.0,0.0,0.0,0.0,0.0,8.0,0.0,0.0,0.0,27.0,77.0,0.0,0.0
0711,2026,3.0,0.0,228.0,0.0,0.0,0.0,0.0,0.0,0.0,0.0,0.0,0.0,0.0,0.0,0.0,3.0,0.0,0.0,0.0,0.0,0.0,0.0,0.0,0.0,0.0,0.0,0.0,514.0
0712,2019,0.0,0.0,0.0,36.0,0.0,0.0,0.0,0.0,0.0,0.0,0.0,0.0,0.0,0.0,0.0,0.0,0.0,0.0,0.0,0.0,0.0,0.0,0.0,0.0,0.0,0.0,0.0,0.0
0712,2020,0.0,0.0,0.0,0.0,0.0,0.0,0.0,0.0,0.0,0.0,0.0,0.0,0.0,0.0,0.0,0.0,0.0,0.0,0.0,0.0,0.0,0.0,0.0,0.0,0.0,0.0,72.0,0.0
0712,2021,0.0,0.0,226.0,0.0,54.0,0.0,0.0,0.0,0.0,0.0,0.0,0.0,34.0,0.0,0.0,0.0,0.0,358.0,0.0,0.0,0.0,0.0,0.0,0.0,0.0,0.0,7.0,0.0
0712,2022,0.0,0.0,456.0,0.0,486.0,0.0,0.0,0.0,434.0,0.0,0.0,0.0,71.0,0.0,0.0,0.0,26.0,358.0,706.0,70.0,29.0,0.0,0.0,0.0,0.0,0.0,0.0,0.0
0712,2023,58.0,767.0,456.0,0.0,108.0,0.0,0.0,0.0,0.0,0.0,0.0,0.0,78.0,0.0,0.0,0.0,0.0,0.0,0.0,114.0,7.0,377.0,0.0,1105.0,0.0,0.0,0.0,0.0
0712,2024,61.0,0.0,456.0,0.0,396.0,0.0,0.0,0.0,1036.0,0.0,0.0,0.0,82.0,0.0,21.0,195.0,0.0,0.0,0.0,112.0,16.0,0.0,0.0,0.0,316.0,792.0,0.0,0.0
0712,2025,106.0,0.0,418.0,0.0,252.0,0.0,0.0,0.0,1128.0,0.0,0.0,0.0,22.0,0.0,0.0,123.0,0.0,0.0,0.0,0.0,12.0,0.0,0.0,0.0,185.0,295.0,0.0,0.0
0712,2026,31.0,0.0,228.0,0.0,0.0,0.0,0.0,0.0,1236.0,0.0,0.0,0.0,0.0,0.0,0.0,27.0,0.0,0.0,0.0,0.0,0.0,0.0,0.0,0.0,0.0,0.0,0.0,2558.0
0713,2019,0.0,0.0,0.0,15.0,0.0,0.0,0.0,0.0,0.0,0.0,0.0,0.0,0.0,0.0,0.0,0.0,0.0,0.0,0.0,0.0,0.0,0.0,0.0,0.0,0.0,0.0,0.0,0.0
0713,2020,0.0,0.0,0.0,0.0,0.0,0.0,0.0,0.0,0.0,0.0,0.0,0.0,0.0,0.0,0.0,0.0,0.0,0.0,0.0,0.0,0.0,0.0,0.0,0.0,0.0,0.0,2.0,0.0
0713,2021,0.0,0.0,226.0,0.0,425.0,0.0,0.0,0.0,0.0,0.0,0.0,0.0,24.0,0.0,0.0,0.0,0.0,44.0,0.0,0.0,0.0,0.0,0.0,0.0,0.0,0.0,6.0,0.0
0713,2022,0.0,0.0,456.0,0.0,3825.0,0.0,0.0,0.0,0.0,0.0,0.0,212.0,52.0,0.0,0.0,0.0,24.0,42.0,280.0,50.0,26.0,0.0,0.0,0.0,0.0,0.0,0.0,0.0
0713,2023,15.0,528.0,456.0,0.0,1275.0,0.0,0.0,0.0,0.0,0.0,0.0,0.0,54.0,0.0,0.0,0.0,0.0,0.0,0.0,12.0,7.0,218.0,0.0,627.0,0.0,0.0,0.0,0.0
0713,2024,34.0,0.0,456.0,0.0,2025.0,0.0,0.0,16.0,0.0,0.0,0.0,424.0,73.0,0.0,26.0,10.0,0.0,0.0,0.0,32.0,5.0,0.0,0.0,0.0,90.0,243.0,0.0,0.0
0713,2025,43.0,0.0,418.0,0.0,1120.0,0.0,0.0,16.0,0.0,0.0,0.0,424.0,21.0,0.0,0.0,21.0,0.0,0.0,0.0,0.0,9.0,0.0,0.0,0.0,57.0,115.0,0.0,0.0
0713,2026,12.0,0.0,228.0,0.0,0.0,0.0,0.0,8.0,0.0,0.0,0.0,424.0,0.0,0.0,0.0,1.0,0.0,0.0,0.0,0.0,0.0,0.0,0.0,0.0,0.0,0.0,0.0,395.0
0714,2019,0.0,0.0,0.0,2.0,0.0,0.0,0.0,0.0,0.0,0.0,0.0,0.0,0.0,0.0,0.0,0.0,0.0,0.0,0.0,0.0,0.0,0.0,0.0,0.0,0.0,0.0,0.0,0.0
0714,2020,0.0,0.0,0.0,0.0,0.0,0.0,0.0,0.0,0.0,0.0,0.0,0.0,0.0,0.0,0.0,0.0,0.0,0.0,0.0,0.0,0.0,0.0,0.0,0.0,0.0,0.0,6.0,0.0
0714,2021,0.0,0.0,226.0,0.0,8.0,0.0,0.0,0.0,0.0,0.0,0.0,0.0,2.0,0.0,0.0,0.0,0.0,12.0,0.0,0.0,0.0,0.0,0.0,0.0,0.0,0.0,2.0,0.0
0714,2022,0.0,0.0,456.0,0.0,72.0,0.0,0.0,0.0,0.0,0.0,0.0,38.0,4.0,0.0,0.0,0.0,108.0,12.0,0.0,0.0,3.0,0.0,0.0,0.0,0.0,0.0,0.0,0.0
0714,2023,1.0,163.0,456.0,0.0,15.0,0.0,0.0,0.0,0.0,0.0,0.0,0.0,4.0,0.0,0.0,0.0,0.0,0.0,0.0,0.0,0.0,0.0,0.0,0.0,0.0,0.0,0.0,0.0
0714,2024,5.0,0.0,456.0,0.0,55.0,0.0,0.0,0.0,0.0,0.0,0.0,76.0,4.0,0.0,6.0,5.0,0.0,0.0,0.0,0.0,0.0,0.0,0.0,0.0,25.0,51.0,0.0,0.0
0714,2025,7.0,0.0,418.0,0.0,35.0,0.0,0.0,0.0,0.0,0.0,0.0,76.0,1.0,0.0,0.0,0.0,0.0,0.0,0.0,0.0,0.0,0.0,0.0,0.0,13.0,16.0,0.0,0.0
0714,2026,2.0,0.0,228.0,0.0,0.0,0.0,0.0,0.0,0.0,0.0,0.0,76.0,0.0,0.0,0.0,1.0,0.0,0.0,0.0,0.0,0.0,0.0,0.0,0.0,0.0,0.0,0.0,57.0
0801,2019,0.0,0.0,0.0,79.0,0.0,0.0,0.0,0.0,0.0,0.0,0.0,0.0,0.0,0.0,0.0,0.0,0.0,0.0,0.0,0.0,0.0,0.0,0.0,0.0,0.0,0.0,0.0,0.0
0801,2020,0.0,0.0,0.0,0.0,0.0,0.0,0.0,0.0,0.0,0.0,0.0,0.0,0.0,0.0,0.0,0.0,0.0,0.0,0.0,0.0,0.0,0.0,0.0,0.0,0.0,0.0,381.0,0.0
0801,2021,0.0,0.0,226.0,0.0,138.0,0.0,0.0,0.0,0.0,0.0,0.0,0.0,562.0,0.0,0.0,0.0,0.0,54.0,0.0,0.0,0.0,0.0,0.0,0.0,0.0,0.0,187.0,0.0
0801,2022,0.0,0.0,456.0,0.0,1242.0,0.0,320.0,0.0,880.0,0.0,0.0,0.0,1113.0,0.0,0.0,0.0,130.0,54.0,1724.0,778.0,207.0,0.0,0.0,0.0,0.0,0.0,0.0,0.0
0801,2023,144.0,1730.0,456.0,0.0,414.0,0.0,0.0,0.0,0.0,0.0,0.0,0.0,1130.0,0.0,0.0,0.0,0.0,0.0,0.0,302.0,162.0,277.0,392.0,1280.0,0.0,0.0,0.0,0.0
0801,2024,201.0,0.0,456.0,0.0,668.0,0.0,640.0,0.0,1760.0,0.0,0.0,0.0,1137.0,552.0,28.0,189.0,0.0,0.0,0.0,846.0,166.0,0.0,0.0,0.0,1551.0,2944.0,0.0,0.0
0801,2025,190.0,0.0,418.0,0.0,371.0,0.0,640.0,0.0,1760.0,0.0,0.0,0.0,288.0,122.0,0.0,184.0,0.0,0.0,0.0,0.0,614.0,0.0,0.0,0.0,980.0,1430.0,0.0,0.0
0801,2026,44.0,0.0,228.0,0.0,0.0,0.0,320.0,0.0,1760.0,0.0,0.0,0.0,0.0,0.0,0.0,43.0,0.0,0.0,0.0,0.0,0.0,0.0,0.0,0.0,0.0,0.0,0.0,6421.0
0802,2019,0.0,0.0,0.0,6.0,0.0,0.0,0.0,0.0,0.0,0.0,0.0,0.0,0.0,0.0,0.0,0.0,0.0,0.0,0.0,0.0,0.0,0.0,0.0,0.0,0.0,0.0,0.0,0.0
0802,2020,0.0,0.0,0.0,0.0,0.0,0.0,0.0,0.0,0.0,0.0,0.0,0.0,0.0,0.0,0.0,0.0,0.0,0.0,0.0,0.0,0.0,0.0,0.0,0.0,0.0,0.0,115.0,0.0
0802,2021,0.0,0.0,226.0,0.0,69.0,0.0,0.0,0.0,0.0,0.0,0.0,0.0,12.0,0.0,0.0,0.0,0.0,224.0,0.0,0.0,0.0,0.0,0.0,0.0,0.0,0.0,52.0,0.0
0802,2022,0.0,0.0,456.0,0.0,612.0,0.0,0.0,0.0,502.0,0.0,0.0,0.0,24.0,0.0,0.0,0.0,54.0,224.0,4122.0,2346.0,18.0,0.0,0.0,0.0,0.0,0.0,0.0,0.0
0802,2023,10.0,626.0,456.0,0.0,162.0,0.0,0.0,0.0,0.0,0.0,0.0,0.0,24.0,0.0,0.0,0.0,0.0,0.0,0.0,1546.0,6.0,129.0,0.0,442.0,0.0,0.0,0.0,0.0
0802,2024,26.0,0.0,456.0,0.0,594.0,0.0,0.0,0.0,1004.0,0.0,0.0,0.0,25.0,0.0,0.0,14.0,0.0,0.0,0.0,1028.0,7.0,0.0,0.0,0.0,570.0,1003.0,0.0,0.0
0802,2025,36.0,0.0,418.0,0.0,378.0,0.0,0.0,0.0,1004.0,0.0,0.0,0.0,7.0,0.0,0.0,13.0,0.0,0.0,0.0,0.0,9.0,0.0,0.0,0.0,524.0,685.0,0.0,0.0
0802,2026,1.0,0.0,228.0,0.0,0.0,0.0,0.0,0.0,1004.0,0.0,0.0,0.0,0.0,0.0,0.0,5.0,0.0,0.0,0.0,0.0,0.0,0.0,0.0,0.0,0.0,0.0,0.0,769.0
0803,2019,0.0,0.0,0.0,0.0,0.0,0.0,0.0,0.0,0.0,0.0,0.0,0.0,0.0,0.0,0.0,0.0,0.0,0.0,0.0,0.0,0.0,0.0,0.0,0.0,0.0,0.0,0.0,0.0
0803,2020,0.0,0.0,0.0,0.0,0.0,0.0,0.0,0.0,0.0,0.0,0.0,0.0,0.0,0.0,0.0,0.0,0.0,0.0,0.0,0.0,0.0,0.0,0.0,0.0,0.0,0.0,46.0,0.0
0803,2021,0.0,0.0,226.0,0.0,70.0,0.0,0.0,0.0,0.0,0.0,0.0,0.0,10.0,0.0,0.0,0.0,0.0,324.0,0.0,0.0,0.0,0.0,0.0,0.0,0.0,0.0,20.0,0.0
0803,2022,0.0,0.0,456.0,0.0,225.0,0.0,0.0,0.0,12.0,0.0,0.0,0.0,20.0,0.0,0.0,0.0,40.0,328.0,252.0,88.0,12.0,0.0,0.0,0.0,0.0,0.0,0.0,0.0
0803,2023,9.0,451.0,456.0,0.0,57.0,0.0,0.0,0.0,0.0,0.0,0.0,0.0,20.0,0.0,0.0,0.0,0.0,0.0,0.0,30.0,4.0,90.0,0.0,375.0,0.0,0.0,0.0,0.0
0803,2024,20.0,0.0,456.0,0.0,209.0,0.0,0.0,0.0,24.0,0.0,0.0,0.0,24.0,0.0,2.0,0.0,0.0,0.0,0.0,66.0,9.0,0.0,0.0,0.0,511.0,848.0,0.0,0.0
0803,2025,25.0,0.0,418.0,0.0,133.0,0.0,0.0,0.0,24.0,0.0,0.0,0.0,6.0,0.0,0.0,0.0,0.0,0.0,0.0,0.0,4.0,0.0,0.0,0.0,295.0,401.0,0.0,0.0
0803,2026,1.0,0.0,228.0,0.0,0.0,0.0,0.0,0.0,24.0,0.0,0.0,0.0,0.0,0.0,0.0,0.0,0.0,0.0,0.0,0.0,0.0,0.0,0.0,0.0,0.0,0.0,0.0,588.0
0804,2019,0.0,0.0,0.0,49.0,0.0,0.0,0.0,0.0,0.0,0.0,0.0,0.0,0.0,0.0,0.0,0.0,0.0,0.0,0.0,0.0,0.0,0.0,0.0,0.0,0.0,0.0,0.0,0.0
0804,2020,0.0,0.0,0.0,0.0,0.0,0.0,0.0,0.0,0.0,0.0,0.0,0.0,0.0,0.0,0.0,0.0,0.0,0.0,0.0,0.0,0.0,0.0,0.0,0.0,0.0,0.0,38.0,0.0
0804,2021,0.0,0.0,226.0,0.0,63.0,0.0,0.0,0.0,0.0,0.0,0.0,0.0,52.0,0.0,0.0,0.0,0.0,64.0,0.0,0.0,0.0,0.0,0.0,0.0,0.0,0.0,28.0,0.0
0804,2022,0.0,0.0,456.0,0.0,189.0,0.0,1036.0,0.0,1684.0,0.0,0.0,0.0,107.0,0.0,0.0,0.0,46.0,64.0,1858.0,464.0,37.0,0.0,0.0,0.0,0.0,0.0,0.0,0.0
0804,2023,54.0,710.0,456.0,0.0,48.0,0.0,0.0,0.0,0.0,0.0,0.0,0.0,104.0,0.0,0.0,0.0,0.0,0.0,0.0,416.0,34.0,212.0,0.0,688.0,0.0,0.0,0.0,0.0
0804,2024,113.0,0.0,456.0,0.0,176.0,0.0,2384.0,0.0,3764.0,0.0,0.0,0.0,104.0,0.0,0.0,57.0,0.0,0.0,0.0,418.0,44.0,0.0,0.0,0.0,1510.0,2461.0,0.0,0.0
0804,2025,95.0,0.0,418.0,0.0,112.0,0.0,2528.0,0.0,4026.0,0.0,0.0,0.0,26.0,0.0,0.0,39.0,0.0,0.0,0.0,0.0,37.0,0.0,0.0,0.0,891.0,1261.0,0.0,0.0
0804,2026,32.0,0.0,228.0,0.0,0.0,0.0,1324.0,0.0,4464.0,0.0,0.0,0.0,0.0,0.0,0.0,11.0,0.0,0.0,0.0,0.0,0.0,0.0,0.0,0.0,0.0,0.0,0.0,2710.0
0805,2019,0.0,0.0,0.0,32.0,0.0,0.0,0.0,0.0,0.0,0.0,0.0,0.0,0.0,0.0,0.0,0.0,0.0,0.0,0.0,0.0,0.0,0.0,0.0,0.0,0.0,0.0,0.0,0.0
0805,2020,0.0,0.0,0.0,0.0,0.0,0.0,0.0,0.0,0.0,0.0,0.0,0.0,0.0,0.0,0.0,0.0,0.0,0.0,0.0,0.0,0.0,0.0,0.0,0.0,0.0,0.0,479.0,0.0
0805,2021,0.0,0.0,226.0,0.0,133.0,0.0,0.0,0.0,0.0,0.0,0.0,0.0,4.0,0.0,0.0,0.0,0.0,266.0,0.0,0.0,0.0,0.0,0.0,0.0,0.0,0.0,347.0,0.0
0805,2022,0.0,0.0,456.0,0.0,945.0,0.0,602.0,0.0,1064.0,0.0,0.0,0.0,12.0,0.0,0.0,0.0,16.0,268.0,864.0,1020.0,42.0,0.0,0.0,0.0,0.0,0.0,0.0,0.0
0805,2023,28.0,457.0,456.0,0.0,258.0,0.0,0.0,0.0,0.0,0.0,0.0,0.0,12.0,0.0,0.0,0.0,0.0,0.0,0.0,1086.0,12.0,187.0,0.0,577.0,0.0,0.0,0.0,0.0
0805,2024,29.0,0.0,456.0,0.0,946.0,0.0,1264.0,0.0,2128.0,0.0,0.0,0.0,15.0,0.0,0.0,26.0,0.0,0.0,0.0,1710.0,8.0,0.0,0.0,0.0,500.0,1175.0,0.0,0.0
0805,2025,39.0,0.0,418.0,0.0,602.0,0.0,1408.0,0.0,2128.0,0.0,0.0,0.0,4.0,0.0,0.0,15.0,0.0,0.0,0.0,0.0,3.0,0.0,0.0,0.0,443.0,575.0,0.0,0.0
0805,2026,9.0,0.0,228.0,0.0,0.0,0.0,764.0,0.0,2128.0,0.0,0.0,0.0,0.0,0.0,0.0,8.0,0.0,0.0,0.0,0.0,0.0,0.0,0.0,0.0,0.0,0.0,0.0,1128.0
0806,2019,0.0,0.0,0.0,14.0,0.0,0.0,0.0,0.0,0.0,0.0,0.0,0.0,0.0,0.0,0.0,0.0,0.0,0.0,0.0,0.0,0.0,0.0,0.0,0.0,0.0,0.0,0.0,0.0
0806,2020,0.0,0.0,0.0,0.0,0.0,0.0,0.0,0.0,0.0,0.0,0.0,0.0,0.0,0.0,0.0,0.0,0.0,0.0,0.0,0.0,0.0,0.0,0.0,0.0,0.0,0.0,117.0,0.0
0806,2021,0.0,0.0,226.0,0.0,57.0,0.0,0.0,0.0,0.0,0.0,0.0,0.0,9.0,0.0,0.0,0.0,0.0,40.0,0.0,0.0,0.0,0.0,0.0,0.0,0.0,0.0,119.0,0.0
0806,2022,0.0,0.0,456.0,0.0,130.0,0.0,0.0,0.0,144.0,0.0,0.0,0.0,20.0,0.0,0.0,0.0,48.0,40.0,1014.0,60.0,9.0,0.0,0.0,0.0,0.0,0.0,0.0,0.0
0806,2023,26.0,503.0,456.0,0.0,27.0,0.0,0.0,0.0,0.0,0.0,0.0,0.0,20.0,0.0,0.0,0.0,0.0,0.0,0.0,82.0,17.0,190.0,0.0,552.0,0.0,0.0,0.0,0.0
0806,2024,32.0,0.0,456.0,0.0,99.0,0.0,0.0,0.0,288.0,0.0,0.0,0.0,19.0,0.0,6.0,45.0,0.0,0.0,0.0,132.0,11.0,0.0,0.0,0.0,592.0,1111.0,0.0,0.0
0806,2025,36.0,0.0,418.0,0.0,63.0,0.0,0.0,0.0,288.0,0.0,0.0,0.0,7.0,0.0,0.0,25.0,0.0,0.0,0.0,0.0,11.0,0.0,0.0,0.0,373.0,461.0,0.0,0.0
0806,2026,14.0,0.0,228.0,0.0,0.0,0.0,0.0,0.0,288.0,0.0,0.0,0.0,0.0,0.0,0.0,10.0,0.0,0.0,0.0,0.0,0.0,0.0,0.0,0.0,0.0,0.0,0.0,1799.0
0807,2019,0.0,0.0,0.0,11.0,0.0,0.0,0.0,0.0,0.0,0.0,0.0,0.0,0.0,0.0,0.0,0.0,0.0,0.0,0.0,0.0,0.0,0.0,0.0,0.0,0.0,0.0,0.0,0.0
0807,2020,0.0,0.0,0.0,0.0,0.0,0.0,0.0,0.0,0.0,0.0,0.0,0.0,0.0,0.0,0.0,0.0,0.0,0.0,0.0,0.0,0.0,0.0,0.0,0.0,0.0,0.0,84.0,0.0
0807,2021,0.0,0.0,226.0,0.0,0.0,0.0,0.0,0.0,0.0,0.0,0.0,0.0,36.0,0.0,0.0,0.0,0.0,44.0,0.0,0.0,0.0,0.0,0.0,0.0,0.0,0.0,18.0,0.0
0807,2022,0.0,0.0,456.0,0.0,0.0,0.0,0.0,0.0,204.0,0.0,0.0,0.0,68.0,0.0,0.0,0.0,90.0,44.0,1028.0,262.0,2.0,0.0,0.0,0.0,0.0,0.0,0.0,0.0
0807,2023,17.0,428.0,456.0,0.0,0.0,0.0,0.0,0.0,0.0,0.0,0.0,0.0,68.0,0.0,0.0,0.0,0.0,0.0,0.0,190.0,2.0,127.0,0.0,444.0,0.0,0.0,0.0,0.0
0807,2024,21.0,0.0,456.0,0.0,0.0,0.0,0.0,0.0,408.0,0.0,0.0,0.0,72.0,0.0,0.0,0.0,0.0,0.0,0.0,532.0,3.0,0.0,0.0,0.0,480.0,751.0,0.0,0.0
0807,2025,15.0,0.0,418.0,0.0,0.0,0.0,0.0,0.0,408.0,0.0,0.0,0.0,18.0,0.0,0.0,0.0,0.0,0.0,0.0,0.0,1.0,0.0,0.0,0.0,325.0,408.0,0.0,0.0
0807,2026,13.0,0.0,228.0,0.0,0.0,0.0,0.0,0.0,648.0,0.0,0.0,0.0,0.0,0.0,0.0,0.0,0.0,0.0,0.0,0.0,0.0,0.0,0.0,0.0,0.0,0.0,0.0,557.0
0901,2019,0.0,0.0,0.0,5757.0,0.0,0.0,0.0,0.0,0.0,0.0,0.0,0.0,0.0,0.0,0.0,0.0,0.0,0.0,0.0,0.0,0.0,0.0,0.0,0.0,0.0,0.0,0.0,0.0
0901,2020,0.0,0.0,0.0,0.0,0.0,0.0,0.0,0.0,0.0,0.0,0.0,0.0,0.0,0.0,0.0,0.0,0.0,0.0,0.0,0.0,0.0,0.0,0.0,0.0,0.0,0.0,1711.0,0.0
0901,2021,0.0,0.0,226.0,0.0,23.0,0.0,0.0,0.0,0.0,0.0,0.0,0.0,5098.0,0.0,0.0,0.0,0.0,1036.0,0.0,0.0,0.0,0.0,0.0,0.0,0.0,0.0,1211.0,0.0
0901,2022,0.0,0.0,456.0,0.0,189.0,10282.0,0.0,0.0,786.0,0.0,710.0,0.0,10526.0,0.0,3003.0,0.0,1198.0,1022.0,3428.0,1879.0,1636.0,0.0,0.0,0.0,0.0,0.0,0.0,0.0
0901,2023,1533.0,3533.0,456.0,0.0,63.0,0.0,0.0,0.0,0.0,0.0,0.0,0.0,10935.0,0.0,7135.0,0.0,0.0,0.0,0.0,3302.0,1264.0,952.0,1313.0,5725.0,0.0,0.0,0.0,0.0
0901,2024,3072.0,0.0,456.0,0.0,237.0,0.0,0.0,40.0,1756.0,0.0,1696.0,0.0,11477.0,938.0,7489.0,2452.0,0.0,0.0,0.0,2868.0,1766.0,0.0,0.0,0.0,9147.0,25758.0,0.0,0.0
0901,2025,2814.0,0.0,418.0,0.0,154.0,0.0,0.0,40.0,1974.0,0.0,1872.0,0.0,3038.0,236.0,4522.0,2485.0,0.0,0.0,0.0,0.0,1924.0,0.0,0.0,0.0,5897.0,12784.0,0.0,0.0
0901,2026,1267.0,0.0,228.0,0.0,0.0,0.0,0.0,20.0,2140.0,0.0,1004.0,0.0,0.0,0.0,0.0,860.0,0.0,0.0,0.0,0.0,0.0,0.0,0.0,0.0,0.0,0.0,0.0,100533.0
0902,2019,0.0,0.0,0.0,49.0,0.0,0.0,0.0,0.0,0.0,0.0,0.0,0.0,0.0,0.0,0.0,0.0,0.0,0.0,0.0,0.0,0.0,0.0,0.0,0.0,0.0,0.0,0.0,0.0
0902,2020,0.0,0.0,0.0,0.0,0.0,0.0,0.0,0.0,0.0,0.0,0.0,0.0,0.0,0.0,0.0,0.0,0.0,0.0,0.0,0.0,0.0,0.0,0.0,0.0,0.0,0.0,5.0,0.0
0902,2021,0.0,0.0,226.0,0.0,1.0,0.0,0.0,0.0,0.0,0.0,0.0,0.0,0.0,0.0,0.0,0.0,0.0,0.0,0.0,0.0,0.0,0.0,0.0,0.0,0.0,0.0,21.0,0.0
0902,2022,0.0,0.0,456.0,0.0,9.0,0.0,0.0,0.0,0.0,0.0,0.0,0.0,0.0,0.0,0.0,0.0,142.0,0.0,2.0,0.0,1.0,0.0,0.0,0.0,0.0,0.0,0.0,0.0
0902,2023,4.0,188.0,456.0,0.0,3.0,0.0,0.0,0.0,0.0,0.0,0.0,0.0,0.0,0.0,20.0,0.0,0.0,0.0,0.0,0.0,2.0,132.0,0.0,459.0,0.0,0.0,0.0,0.0
0902,2024,14.0,0.0,456.0,0.0,11.0,0.0,0.0,0.0,0.0,0.0,0.0,0.0,0.0,0.0,45.0,0.0,0.0,0.0,0.0,6.0,4.0,0.0,0.0,0.0,199.0,380.0,0.0,0.0
0902,2025,9.0,0.0,418.0,0.0,7.0,0.0,0.0,0.0,0.0,0.0,0.0,0.0,0.0,0.0,0.0,0.0,0.0,0.0,0.0,0.0,6.0,0.0,0.0,0.0,115.0,222.0,0.0,0.0
0902,2026,7.0,0.0,228.0,0.0,0.0,0.0,0.0,0.0,0.0,0.0,0.0,0.0,0.0,0.0,0.0,0.0,0.0,0.0,0.0,0.0,0.0,0.0,0.0,0.0,0.0,0.0,0.0,555.0
0903,2019,0.0,0.0,0.0,65.0,0.0,0.0,0.0,0.0,0.0,0.0,0.0,0.0,0.0,0.0,0.0,0.0,0.0,0.0,0.0,0.0,0.0,0.0,0.0,0.0,0.0,0.0,0.0,0.0
0903,2020,0.0,0.0,0.0,0.0,0.0,0.0,0.0,0.0,0.0,0.0,0.0,0.0,0.0,0.0,0.0,0.0,0.0,0.0,0.0,0.0,0.0,0.0,0.0,0.0,0.0,0.0,10.0,0.0
0903,2021,0.0,0.0,226.0,0.0,0.0,0.0,0.0,0.0,0.0,0.0,0.0,0.0,2.0,0.0,0.0,0.0,0.0,40.0,0.0,0.0,0.0,0.0,0.0,0.0,0.0,0.0,4.0,0.0
0903,2022,0.0,0.0,456.0,0.0,0.0,0.0,0.0,0.0,320.0,0.0,0.0,0.0,4.0,0.0,0.0,0.0,8.0,40.0,2.0,6.0,8.0,0.0,0.0,0.0,0.0,0.0,0.0,0.0
0903,2023,5.0,148.0,456.0,0.0,0.0,0.0,0.0,0.0,0.0,0.0,0.0,0.0,4.0,0.0,0.0,0.0,0.0,0.0,0.0,0.0,1.0,0.0,0.0,0.0,0.0,0.0,0.0,0.0
0903,2024,9.0,0.0,456.0,0.0,0.0,0.0,0.0,0.0,872.0,0.0,0.0,0.0,4.0,0.0,0.0,22.0,0.0,0.0,0.0,2.0,0.0,0.0,0.0,0.0,212.0,388.0,0.0,0.0
0903,2025,5.0,0.0,418.0,0.0,0.0,0.0,0.0,0.0,1136.0,0.0,0.0,0.0,1.0,0.0,0.0,22.0,0.0,0.0,0.0,0.0,0.0,0.0,0.0,0.0,114.0,183.0,0.0,0.0
0903,2026,4.0,0.0,228.0,0.0,0.0,0.0,0.0,0.0,1388.0,0.0,0.0,0.0,0.0,0.0,0.0,13.0,0.0,0.0,0.0,0.0,0.0,0.0,0.0,0.0,0.0,0.0,0.0,208.0
0904,2019,0.0,0.0,0.0,96.0,0.0,0.0,0.0,0.0,0.0,0.0,0.0,0.0,0.0,0.0,0.0,0.0,0.0,0.0,0.0,0.0,0.0,0.0,0.0,0.0,0.0,0.0,0.0,0.0
0904,2020,0.0,0.0,0.0,0.0,0.0,0.0,0.0,0.0,0.0,0.0,0.0,0.0,0.0,0.0,0.0,0.0,0.0,0.0,0.0,0.0,0.0,0.0,0.0,0.0,0.0,0.0,22.0,0.0
0904,2021,0.0,0.0,226.0,0.0,4.0,0.0,0.0,0.0,0.0,0.0,0.0,0.0,16.0,0.0,0.0,0.0,0.0,0.0,0.0,0.0,0.0,0.0,0.0,0.0,0.0,0.0,22.0,0.0
0904,2022,0.0,0.0,456.0,0.0,36.0,0.0,0.0,358.0,0.0,0.0,208.0,0.0,32.0,0.0,0.0,0.0,1198.0,0.0,290.0,46.0,14.0,0.0,0.0,0.0,0.0,0.0,0.0,0.0
0904,2023,13.0,249.0,456.0,0.0,12.0,0.0,0.0,0.0,0.0,0.0,0.0,0.0,29.0,0.0,57.0,0.0,0.0,0.0,0.0,56.0,10.0,220.0,0.0,551.0,0.0,0.0,0.0,0.0
0904,2024,23.0,0.0,456.0,0.0,44.0,0.0,0.0,856.0,208.0,0.0,600.0,0.0,36.0,0.0,0.0,17.0,0.0,0.0,0.0,110.0,22.0,0.0,0.0,0.0,560.0,1139.0,0.0,0.0
0904,2025,22.0,0.0,418.0,0.0,28.0,0.0,0.0,916.0,208.0,0.0,600.0,0.0,9.0,0.0,70.0,25.0,0.0,0.0,0.0,0.0,5.0,0.0,0.0,0.0,354.0,515.0,0.0,0.0
0904,2026,7.0,0.0,228.0,0.0,0.0,0.0,0.0,482.0,208.0,0.0,300.0,0.0,0.0,0.0,0.0,7.0,0.0,0.0,0.0,0.0,0.0,0.0,0.0,0.0,0.0,0.0,0.0,1154.0
0905,2019,0.0,0.0,0.0,26.0,0.0,0.0,0.0,0.0,0.0,0.0,0.0,0.0,0.0,0.0,0.0,0.0,0.0,0.0,0.0,0.0,0.0,0.0,0.0,0.0,0.0,0.0,0.0,0.0
0905,2020,0.0,0.0,0.0,0.0,0.0,0.0,0.0,0.0,0.0,0.0,0.0,0.0,0.0,0.0,0.0,0.0,0.0,0.0,0.0,0.0,0.0,0.0,0.0,0.0,0.0,0.0,5.0,0.0
0905,2021,0.0,0.0,226.0,0.0,3.0,0.0,0.0,0.0,0.0,0.0,0.0,0.0,0.0,0.0,0.0,0.0,0.0,0.0,0.0,0.0,0.0,0.0,0.0,0.0,0.0,0.0,16.0,0.0
0905,2022,0.0,0.0,456.0,0.0,27.0,0.0,0.0,190.0,0.0,0.0,698.0,0.0,0.0,0.0,0.0,0.0,1044.0,0.0,32.0,0.0,0.0,0.0,0.0,0.0,0.0,0.0,0.0,0.0
0905,2023,6.0,225.0,456.0,0.0,9.0,0.0,0.0,0.0,0.0,0.0,0.0,0.0,0.0,0.0,24.0,0.0,0.0,0.0,0.0,36.0,2.0,170.0,0.0,429.0,0.0,0.0,0.0,0.0
0905,2024,10.0,0.0,456.0,0.0,33.0,0.0,0.0,380.0,0.0,0.0,1616.0,0.0,0.0,0.0,14.0,3.0,0.0,0.0,0.0,2.0,3.0,0.0,0.0,0.0,261.0,397.0,0.0,0.0
0905,2025,12.0,0.0,418.0,0.0,21.0,0.0,0.0,388.0,0.0,0.0,1660.0,0.0,0.0,0.0,0.0,2.0,0.0,0.0,0.0,0.0,5.0,0.0,0.0,0.0,164.0,234.0,0.0,0.0
0905,2026,6.0,0.0,228.0,0.0,0.0,0.0,0.0,194.0,0.0,0.0,830.0,0.0,0.0,0.0,0.0,2.0,0.0,0.0,0.0,0.0,0.0,0.0,0.0,0.0,0.0,0.0,0.0,219.0
0906,2019,0.0,0.0,0.0,427.0,0.0,0.0,0.0,0.0,0.0,0.0,0.0,0.0,0.0,0.0,0.0,0.0,0.0,0.0,0.0,0.0,0.0,0.0,0.0,0.0,0.0,0.0,0.0,0.0
0906,2020,0.0,0.0,0.0,0.0,0.0,0.0,0.0,0.0,0.0,0.0,0.0,0.0,0.0,0.0,0.0,0.0,0.0,0.0,0.0,0.0,0.0,0.0,0.0,0.0,0.0,0.0,64.0,0.0
0906,2021,0.0,0.0,226.0,0.0,5.0,0.0,0.0,0.0,0.0,0.0,0.0,0.0,219.0,0.0,0.0,0.0,0.0,0.0,0.0,0.0,0.0,0.0,0.0,0.0,0.0,0.0,60.0,0.0
0906,2022,0.0,0.0,456.0,0.0,45.0,0.0,0.0,0.0,0.0,0.0,912.0,0.0,473.0,0.0,76.0,0.0,748.0,0.0,224.0,126.0,17.0,0.0,0.0,0.0,0.0,0.0,0.0,0.0
0906,2023,80.0,900.0,456.0,0.0,15.0,0.0,0.0,0.0,0.0,0.0,0.0,0.0,533.0,0.0,583.0,0.0,0.0,0.0,0.0,24.0,63.0,223.0,0.0,666.0,0.0,0.0,0.0,0.0
0906,2024,142.0,0.0,456.0,0.0,55.0,0.0,0.0,0.0,0.0,0.0,2112.0,0.0,598.0,0.0,257.0,34.0,0.0,0.0,0.0,138.0,76.0,0.0,0.0,0.0,901.0,1707.0,0.0,0.0
0906,2025,152.0,0.0,418.0,0.0,35.0,0.0,0.0,0.0,0.0,0.0,2236.0,0.0,166.0,0.0,93.0,90.0,0.0,0.0,0.0,0.0,18.0,0.0,0.0,0.0,564.0,941.0,0.0,0.0
0906,2026,85.0,0.0,228.0,0.0,0.0,0.0,0.0,0.0,0.0,0.0,1146.0,0.0,0.0,0.0,0.0,18.0,0.0,0.0,0.0,0.0,0.0,0.0,0.0,0.0,0.0,0.0,0.0,3850.0
0907,2019,0.0,0.0,0.0,591.0,0.0,0.0,0.0,0.0,0.0,0.0,0.0,0.0,0.0,0.0,0.0,0.0,0.0,0.0,0.0,0.0,0.0,0.0,0.0,0.0,0.0,0.0,0.0,0.0
0907,2020,0.0,0.0,0.0,0.0,0.0,0.0,0.0,0.0,0.0,0.0,0.0,0.0,0.0,0.0,0.0,0.0,0.0,0.0,0.0,0.0,0.0,0.0,0.0,0.0,0.0,0.0,674.0,0.0
0907,2021,0.0,0.0,226.0,0.0,4.0,0.0,0.0,0.0,0.0,0.0,0.0,0.0,273.0,0.0,0.0,0.0,0.0,20.0,0.0,0.0,0.0,0.0,0.0,0.0,0.0,0.0,569.0,0.0
0907,2022,0.0,0.0,456.0,0.0,18.0,0.0,0.0,4.0,740.0,0.0,614.0,0.0,575.0,0.0,61.0,0.0,186.0,20.0,1064.0,460.0,49.0,0.0,0.0,0.0,0.0,0.0,0.0,0.0
0907,2023,65.0,539.0,456.0,0.0,6.0,0.0,0.0,0.0,0.0,0.0,0.0,0.0,603.0,0.0,162.0,0.0,0.0,0.0,0.0,224.0,40.0,227.0,0.0,770.0,0.0,0.0,0.0,0.0
0907,2024,131.0,0.0,456.0,0.0,22.0,0.0,0.0,44.0,1624.0,0.0,1342.0,0.0,642.0,0.0,460.0,202.0,0.0,0.0,0.0,204.0,55.0,0.0,0.0,0.0,1069.0,2999.0,0.0,0.0
0907,2025,116.0,0.0,418.0,0.0,14.0,0.0,0.0,44.0,1816.0,0.0,1356.0,0.0,173.0,0.0,14.0,191.0,0.0,0.0,0.0,0.0,72.0,0.0,0.0,0.0,578.0,1432.0,0.0,0.0
0907,2026,39.0,0.0,228.0,0.0,0.0,0.0,0.0,22.0,1936.0,0.0,678.0,0.0,0.0,0.0,0.0,70.0,0.0,0.0,0.0,0.0,0.0,0.0,0.0,0.0,0.0,0.0,0.0,7078.0
0908,2019,0.0,0.0,0.0,147.0,0.0,0.0,0.0,0.0,0.0,0.0,0.0,0.0,0.0,0.0,0.0,0.0,0.0,0.0,0.0,0.0,0.0,0.0,0.0,0.0,0.0,0.0,0.0,0.0
0908,2020,0.0,0.0,0.0,0.0,0.0,0.0,0.0,0.0,0.0,0.0,0.0,0.0,0.0,0.0,0.0,0.0,0.0,0.0,0.0,0.0,0.0,0.0,0.0,0.0,0.0,0.0,63.0,0.0
0908,2021,0.0,0.0,226.0,0.0,0.0,0.0,0.0,0.0,0.0,0.0,0.0,0.0,30.0,0.0,0.0,0.0,0.0,6.0,0.0,0.0,0.0,0.0,0.0,0.0,0.0,0.0,79.0,0.0
0908,2022,0.0,0.0,456.0,0.0,0.0,0.0,0.0,302.0,702.0,0.0,0.0,0.0,60.0,0.0,0.0,0.0,526.0,6.0,530.0,444.0,15.0,0.0,0.0,0.0,0.0,0.0,0.0,0.0
0908,2023,23.0,452.0,456.0,0.0,0.0,0.0,0.0,0.0,0.0,0.0,0.0,0.0,60.0,0.0,0.0,0.0,0.0,0.0,0.0,120.0,7.0,0.0,0.0,0.0,0.0,0.0,0.0,0.0
0908,2024,58.0,0.0,456.0,0.0,0.0,0.0,0.0,696.0,1560.0,0.0,0.0,0.0,60.0,0.0,0.0,32.0,0.0,0.0,0.0,166.0,38.0,0.0,0.0,0.0,0.0,0.0,0.0,0.0
0908,2025,43.0,0.0,418.0,0.0,0.0,0.0,0.0,760.0,1560.0,0.0,0.0,0.0,16.0,0.0,28.0,25.0,0.0,0.0,0.0,0.0,10.0,0.0,0.0,0.0,0.0,0.0,0.0,0.0
0908,2026,31.0,0.0,228.0,0.0,0.0,0.0,0.0,402.0,1572.0,0.0,0.0,0.0,0.0,0.0,0.0,9.0,0.0,0.0,0.0,0.0,0.0,0.0,0.0,0.0,0.0,0.0,0.0,0.0
0909,2019,0.0,0.0,0.0,125.0,0.0,0.0,0.0,0.0,0.0,0.0,0.0,0.0,0.0,0.0,0.0,0.0,0.0,0.0,0.0,0.0,0.0,0.0,0.0,0.0,0.0,0.0,0.0,0.0
0909,2020,0.0,0.0,0.0,0.0,0.0,0.0,0.0,0.0,0.0,0.0,0.0,0.0,0.0,0.0,0.0,0.0,0.0,0.0,0.0,0.0,0.0,0.0,0.0,0.0,0.0,0.0,121.0,0.0
0909,2021,0.0,0.0,226.0,0.0,1.0,0.0,0.0,0.0,0.0,0.0,0.0,0.0,10.0,0.0,0.0,0.0,0.0,2.0,0.0,0.0,0.0,0.0,0.0,0.0,0.0,0.0,14.0,0.0
0909,2022,0.0,0.0,456.0,0.0,9.0,0.0,0.0,28.0,1234.0,0.0,24.0,0.0,20.0,0.0,12.0,0.0,152.0,2.0,84.0,52.0,7.0,0.0,0.0,0.0,0.0,0.0,0.0,0.0
0909,2023,23.0,245.0,456.0,0.0,3.0,0.0,0.0,0.0,0.0,0.0,0.0,0.0,24.0,0.0,236.0,0.0,0.0,0.0,0.0,12.0,3.0,226.0,0.0,592.0,0.0,0.0,0.0,0.0
0909,2024,36.0,0.0,456.0,0.0,11.0,0.0,0.0,56.0,2852.0,0.0,76.0,0.0,24.0,0.0,12.0,152.0,0.0,0.0,0.0,0.0,16.0,0.0,0.0,0.0,384.0,681.0,0.0,0.0
0909,2025,32.0,0.0,418.0,0.0,7.0,0.0,0.0,56.0,3056.0,0.0,80.0,0.0,7.0,0.0,102.0,90.0,0.0,0.0,0.0,0.0,3.0,0.0,0.0,0.0,241.0,407.0,0.0,0.0
0909,2026,19.0,0.0,228.0,0.0,0.0,0.0,0.0,28.0,3092.0,0.0,40.0,0.0,0.0,0.0,0.0,38.0,0.0,0.0,0.0,0.0,0.0,0.0,0.0,0.0,0.0,0.0,0.0,973.0
0910,2019,0.0,0.0,0.0,597.0,0.0,0.0,0.0,0.0,0.0,0.0,0.0,0.0,0.0,0.0,0.0,0.0,0.0,0.0,0.0,0.0,0.0,0.0,0.0,0.0,0.0,0.0,0.0,0.0
0910,2020,0.0,0.0,0.0,0.0,0.0,0.0,0.0,0.0,0.0,0.0,0.0,0.0,0.0,0.0,0.0,0.0,0.0,0.0,0.0,0.0,0.0,0.0,0.0,0.0,0.0,0.0,462.0,0.0
0910,2021,0.0,0.0,226.0,0.0,4.0,0.0,0.0,0.0,0.0,0.0,0.0,0.0,87.0,0.0,0.0,0.0,0.0,0.0,0.0,0.0,0.0,0.0,0.0,0.0,0.0,0.0,360.0,0.0
0910,2022,0.0,0.0,456.0,0.0,36.0,2928.0,0.0,136.0,924.0,0.0,330.0,0.0,178.0,0.0,286.0,0.0,138.0,0.0,884.0,144.0,33.0,0.0,0.0,0.0,0.0,0.0,0.0,0.0
0910,2023,137.0,648.0,456.0,0.0,12.0,0.0,0.0,0.0,0.0,0.0,0.0,0.0,209.0,0.0,1075.0,0.0,0.0,0.0,0.0,118.0,20.0,329.0,330.0,1386.0,0.0,0.0,0.0,0.0
0910,2024,200.0,0.0,456.0,0.0,44.0,0.0,0.0,272.0,2152.0,0.0,698.0,0.0,214.0,30.0,306.0,184.0,0.0,0.0,0.0,92.0,51.0,0.0,0.0,0.0,954.0,2043.0,0.0,0.0
0910,2025,208.0,0.0,418.0,0.0,28.0,0.0,0.0,272.0,2430.0,0.0,766.0,0.0,59.0,0.0,8.0,160.0,0.0,0.0,0.0,0.0,25.0,0.0,0.0,0.0,548.0,962.0,0.0,0.0
0910,2026,100.0,0.0,228.0,0.0,0.0,0.0,0.0,136.0,2718.0,0.0,418.0,0.0,0.0,0.0,0.0,46.0,0.0,0.0,0.0,0.0,0.0,0.0,0.0,0.0,0.0,0.0,0.0,4421.0
0911,2019,0.0,0.0,0.0,257.0,0.0,0.0,0.0,0.0,0.0,0.0,0.0,0.0,0.0,0.0,0.0,0.0,0.0,0.0,0.0,0.0,0.0,0.0,0.0,0.0,0.0,0.0,0.0,0.0
0911,2020,0.0,0.0,0.0,0.0,0.0,0.0,0.0,0.0,0.0,0.0,0.0,0.0,0.0,0.0,0.0,0.0,0.0,0.0,0.0,0.0,0.0,0.0,0.0,0.0,0.0,0.0,71.0,0.0
0911,2021,0.0,0.0,226.0,0.0,2.0,0.0,0.0,0.0,0.0,0.0,0.0,0.0,23.0,0.0,0.0,0.0,0.0,74.0,0.0,0.0,0.0,0.0,0.0,0.0,0.0,0.0,35.0,0.0
0911,2022,0.0,0.0,456.0,0.0,18.0,0.0,0.0,0.0,732.0,0.0,740.0,0.0,48.0,0.0,0.0,0.0,364.0,74.0,50.0,72.0,9.0,0.0,0.0,0.0,0.0,0.0,0.0,0.0
0911,2023,37.0,498.0,456.0,0.0,6.0,0.0,0.0,0.0,0.0,0.0,0.0,0.0,48.0,0.0,239.0,0.0,0.0,0.0,0.0,62.0,3.0,227.0,0.0,675.0,0.0,0.0,0.0,0.0
0911,2024,50.0,0.0,456.0,0.0,22.0,0.0,0.0,0.0,1796.0,0.0,1668.0,0.0,48.0,0.0,35.0,162.0,0.0,0.0,0.0,4.0,3.0,0.0,0.0,0.0,639.0,1259.0,0.0,0.0
0911,2025,50.0,0.0,418.0,0.0,14.0,0.0,0.0,0.0,2048.0,0.0,1756.0,0.0,12.0,0.0,84.0,91.0,0.0,0.0,0.0,0.0,3.0,0.0,0.0,0.0,335.0,640.0,0.0,0.0
0911,2026,9.0,0.0,228.0,0.0,0.0,0.0,0.0,0.0,2300.0,0.0,902.0,0.0,0.0,0.0,0.0,66.0,0.0,0.0,0.0,0.0,0.0,0.0,0.0,0.0,0.0,0.0,0.0,2249.0
0912,2019,0.0,0.0,0.0,113.0,0.0,0.0,0.0,0.0,0.0,0.0,0.0,0.0,0.0,0.0,0.0,0.0,0.0,0.0,0.0,0.0,0.0,0.0,0.0,0.0,0.0,0.0,0.0,0.0
0912,2020,0.0,0.0,0.0,0.0,0.0,0.0,0.0,0.0,0.0,0.0,0.0,0.0,0.0,0.0,0.0,0.0,0.0,0.0,0.0,0.0,0.0,0.0,0.0,0.0,0.0,0.0,272.0,0.0
0912,2021,0.0,0.0,226.0,0.0,2.0,0.0,0.0,0.0,0.0,0.0,0.0,0.0,10.0,0.0,0.0,0.0,0.0,0.0,0.0,0.0,0.0,0.0,0.0,0.0,0.0,0.0,65.0,0.0
0912,2022,0.0,0.0,456.0,0.0,18.0,0.0,0.0,6.0,1340.0,0.0,0.0,0.0,17.0,0.0,55.0,0.0,96.0,0.0,0.0,24.0,7.0,0.0,0.0,0.0,0.0,0.0,0.0,0.0
0912,2023,21.0,245.0,456.0,0.0,6.0,0.0,0.0,0.0,0.0,0.0,0.0,0.0,16.0,0.0,79.0,0.0,0.0,0.0,0.0,28.0,5.0,224.0,0.0,664.0,0.0,0.0,0.0,0.0
0912,2024,26.0,0.0,456.0,0.0,22.0,0.0,0.0,12.0,3132.0,0.0,0.0,0.0,16.0,0.0,48.0,69.0,0.0,0.0,0.0,0.0,11.0,0.0,0.0,0.0,246.0,502.0,0.0,0.0
0912,2025,24.0,0.0,418.0,0.0,14.0,0.0,0.0,12.0,3384.0,0.0,0.0,0.0,4.0,0.0,0.0,36.0,0.0,0.0,0.0,0.0,2.0,0.0,0.0,0.0,168.0,235.0,0.0,0.0
0912,2026,11.0,0.0,228.0,0.0,0.0,0.0,0.0,6.0,3564.0,0.0,0.0,0.0,0.0,0.0,0.0,29.0,0.0,0.0,0.0,0.0,0.0,0.0,0.0,0.0,0.0,0.0,0.0,846.0
0913,2019,0.0,0.0,0.0,41.0,0.0,0.0,0.0,0.0,0.0,0.0,0.0,0.0,0.0,0.0,0.0,0.0,0.0,0.0,0.0,0.0,0.0,0.0,0.0,0.0,0.0,0.0,0.0,0.0
0913,2020,0.0,0.0,0.0,0.0,0.0,0.0,0.0,0.0,0.0,0.0,0.0,0.0,0.0,0.0,0.0,0.0,0.0,0.0,0.0,0.0,0.0,0.0,0.0,0.0,0.0,0.0,6.0,0.0
0913,2021,0.0,0.0,0.0,0.0,0.0,0.0,0.0,0.0,0.0,0.0,0.0,0.0,4.0,0.0,0.0,0.0,0.0,0.0,0.0,0.0,0.0,0.0,0.0,0.0,0.0,0.0,6.0,0.0
0913,2022,0.0,0.0,0.0,0.0,0.0,0.0,0.0,0.0,0.0,0.0,794.0,0.0,8.0,0.0,0.0,0.0,360.0,0.0,0.0,0.0,3.0,0.0,0.0,0.0,0.0,0.0,0.0,0.0
0913,2023,8.0,158.0,0.0,0.0,0.0,0.0,0.0,0.0,0.0,0.0,0.0,0.0,8.0,0.0,23.0,0.0,0.0,0.0,0.0,12.0,0.0,0.0,0.0,0.0,0.0,0.0,0.0,0.0
0913,2024,10.0,0.0,0.0,0.0,0.0,0.0,0.0,0.0,0.0,0.0,1820.0,0.0,12.0,0.0,0.0,0.0,0.0,0.0,0.0,2.0,0.0,0.0,0.0,0.0,134.0,263.0,0.0,0.0
0913,2025,9.0,0.0,0.0,0.0,0.0,0.0,0.0,0.0,0.0,0.0,1956.0,0.0,4.0,0.0,28.0,0.0,0.0,0.0,0.0,0.0,6.0,0.0,0.0,0.0,91.0,152.0,0.0,0.0
0913,2026,2.0,0.0,0.0,0.0,0.0,0.0,0.0,0.0,0.0,0.0,982.0,0.0,0.0,0.0,0.0,0.0,0.0,0.0,0.0,0.0,0.0,0.0,0.0,0.0,0.0,0.0,0.0,211.0
0914,2019,0.0,0.0,0.0,65.0,0.0,0.0,0.0,0.0,0.0,0.0,0.0,0.0,0.0,0.0,0.0,0.0,0.0,0.0,0.0,0.0,0.0,0.0,0.0,0.0,0.0,0.0,0.0,0.0
0914,2020,0.0,0.0,0.0,0.0,0.0,0.0,0.0,0.0,0.0,0.0,0.0,0.0,0.0,0.0,0.0,0.0,0.0,0.0,0.0,0.0,0.0,0.0,0.0,0.0,0.0,0.0,20.0,0.0
0914,2021,0.0,0.0,226.0,0.0,1.0,0.0,0.0,0.0,0.0,0.0,0.0,0.0,12.0,0.0,0.0,0.0,0.0,10.0,0.0,0.0,0.0,0.0,0.0,0.0,0.0,0.0,58.0,0.0
0914,2022,0.0,0.0,456.0,0.0,9.0,0.0,0.0,480.0,0.0,0.0,160.0,0.0,20.0,0.0,0.0,0.0,2010.0,10.0,54.0,2.0,6.0,0.0,0.0,0.0,0.0,0.0,0.0,0.0
0914,2023,20.0,362.0,456.0,0.0,3.0,0.0,0.0,0.0,0.0,0.0,0.0,0.0,20.0,0.0,56.0,0.0,0.0,0.0,0.0,4.0,5.0,217.0,0.0,501.0,0.0,0.0,0.0,0.0
0914,2024,30.0,0.0,456.0,0.0,11.0,0.0,0.0,1116.0,0.0,0.0,320.0,0.0,20.0,0.0,49.0,7.0,0.0,0.0,0.0,0.0,9.0,0.0,0.0,0.0,486.0,800.0,0.0,0.0
0914,2025,40.0,0.0,418.0,0.0,7.0,0.0,0.0,1208.0,0.0,0.0,320.0,0.0,5.0,0.0,7.0,6.0,0.0,0.0,0.0,0.0,7.0,0.0,0.0,0.0,306.0,386.0,0.0,0.0
0914,2026,11.0,0.0,228.0,0.0,0.0,0.0,0.0,642.0,0.0,0.0,160.0,0.0,0.0,0.0,0.0,2.0,0.0,0.0,0.0,0.0,0.0,0.0,0.0,0.0,0.0,0.0,0.0,952.0
0916,2019,0.0,0.0,0.0,281.0,0.0,0.0,0.0,0.0,0.0,0.0,0.0,0.0,0.0,0.0,0.0,0.0,0.0,0.0,0.0,0.0,0.0,0.0,0.0,0.0,0.0,0.0,0.0,0.0
0916,2020,0.0,0.0,0.0,0.0,0.0,0.0,0.0,0.0,0.0,0.0,0.0,0.0,0.0,0.0,0.0,0.0,0.0,0.0,0.0,0.0,0.0,0.0,0.0,0.0,0.0,0.0,29.0,0.0
0916,2021,0.0,0.0,226.0,0.0,1.0,0.0,0.0,0.0,0.0,0.0,0.0,0.0,173.0,0.0,0.0,0.0,0.0,0.0,0.0,0.0,0.0,0.0,0.0,0.0,0.0,0.0,22.0,0.0
0916,2022,0.0,0.0,456.0,0.0,9.0,0.0,0.0,0.0,0.0,0.0,836.0,0.0,371.0,0.0,63.0,0.0,442.0,0.0,16.0,4.0,14.0,0.0,0.0,0.0,0.0,0.0,0.0,0.0
0916,2023,89.0,536.0,456.0,0.0,3.0,0.0,0.0,0.0,0.0,0.0,0.0,0.0,410.0,0.0,393.0,0.0,0.0,0.0,0.0,0.0,8.0,341.0,0.0,958.0,0.0,0.0,0.0,0.0
0916,2024,202.0,0.0,456.0,0.0,11.0,0.0,0.0,0.0,0.0,0.0,1864.0,0.0,467.0,0.0,93.0,0.0,0.0,0.0,0.0,2.0,9.0,0.0,0.0,0.0,360.0,692.0,0.0,0.0
0916,2025,214.0,0.0,418.0,0.0,7.0,0.0,0.0,0.0,0.0,0.0,2016.0,0.0,131.0,0.0,16.0,0.0,0.0,0.0,0.0,0.0,20.0,0.0,0.0,0.0,202.0,344.0,0.0,0.0
0916,2026,94.0,0.0,228.0,0.0,0.0,0.0,0.0,0.0,0.0,0.0,1064.0,0.0,0.0,0.0,0.0,0.0,0.0,0.0,0.0,0.0,0.0,0.0,0.0,0.0,0.0,0.0,0.0,2752.0
0918,2019,0.0,0.0,0.0,53.0,0.0,0.0,0.0,0.0,0.0,0.0,0.0,0.0,0.0,0.0,0.0,0.0,0.0,0.0,0.0,0.0,0.0,0.0,0.0,0.0,0.0,0.0,0.0,0.0
0918,2020,0.0,0.0,0.0,0.0,0.0,0.0,0.0,0.0,0.0,0.0,0.0,0.0,0.0,0.0,0.0,0.0,0.0,0.0,0.0,0.0,0.0,0.0,0.0,0.0,0.0,0.0,8.0,0.0
0918,2021,0.0,0.0,226.0,0.0,1.0,0.0,0.0,0.0,0.0,0.0,0.0,0.0,16.0,0.0,0.0,0.0,0.0,0.0,0.0,0.0,0.0,0.0,0.0,0.0,0.0,0.0,4.0,0.0
0918,2022,0.0,0.0,456.0,0.0,9.0,0.0,0.0,0.0,0.0,0.0,814.0,0.0,32.0,0.0,0.0,0.0,654.0,0.0,60.0,0.0,4.0,0.0,0.0,0.0,0.0,0.0,0.0,0.0
0918,2023,14.0,233.0,456.0,0.0,3.0,0.0,0.0,0.0,0.0,0.0,0.0,0.0,32.0,0.0,24.0,0.0,0.0,0.0,0.0,2.0,4.0,0.0,0.0,0.0,0.0,0.0,0.0,0.0
0918,2024,18.0,0.0,456.0,0.0,11.0,0.0,0.0,0.0,0.0,0.0,1912.0,0.0,32.0,0.0,24.0,2.0,0.0,0.0,0.0,2.0,6.0,0.0,0.0,0.0,381.0,600.0,0.0,0.0
0918,2025,22.0,0.0,418.0,0.0,7.0,0.0,0.0,0.0,0.0,0.0,2008.0,0.0,8.0,0.0,0.0,5.0,0.0,0.0,0.0,0.0,4.0,0.0,0.0,0.0,219.0,344.0,0.0,0.0
0918,2026,5.0,0.0,228.0,0.0,0.0,0.0,0.0,0.0,0.0,0.0,1042.0,0.0,0.0,0.0,0.0,5.0,0.0,0.0,0.0,0.0,0.0,0.0,0.0,0.0,0.0,0.0,0.0,471.0
0919,2019,0.0,0.0,0.0,84.0,0.0,0.0,0.0,0.0,0.0,0.0,0.0,0.0,0.0,0.0,0.0,0.0,0.0,0.0,0.0,0.0,0.0,0.0,0.0,0.0,0.0,0.0,0.0,0.0
0919,2020,0.0,0.0,0.0,0.0,0.0,0.0,0.0,0.0,0.0,0.0,0.0,0.0,0.0,0.0,0.0,0.0,0.0,0.0,0.0,0.0,0.0,0.0,0.0,0.0,0.0,0.0,125.0,0.0
0919,2021,0.0,0.0,216.0,0.0,2.0,0.0,0.0,0.0,0.0,0.0,0.0,0.0,0.0,0.0,0.0,0.0,0.0,0.0,0.0,0.0,0.0,0.0,0.0,0.0,0.0,0.0,297.0,0.0
0919,2022,0.0,0.0,432.0,0.0,18.0,0.0,0.0,24.0,0.0,0.0,734.0,0.0,0.0,0.0,0.0,0.0,123.0,0.0,8.0,0.0,8.0,0.0,0.0,0.0,0.0,0.0,0.0,0.0
0919,2023,18.0,0.0,432.0,0.0,6.0,0.0,0.0,0.0,0.0,0.0,0.0,0.0,0.0,0.0,0.0,0.0,0.0,0.0,0.0,10.0,2.0,175.0,0.0,468.0,0.0,0.0,0.0,0.0
0919,2024,30.0,0.0,432.0,0.0,22.0,0.0,0.0,48.0,0.0,0.0,1722.0,0.0,0.0,0.0,0.0,6.0,0.0,0.0,0.0,0.0,5.0,0.0,0.0,0.0,624.0,981.0,0.0,0.0
0919,2025,28.0,0.0,404.0,0.0,14.0,0.0,0.0,48.0,0.0,0.0,1892.0,0.0,0.0,0.0,0.0,6.0,0.0,0.0,0.0,0.0,7.0,0.0,0.0,0.0,403.0,503.0,0.0,0.0
0919,2026,12.0,0.0,228.0,0.0,0.0,0.0,0.0,24.0,0.0,0.0,998.0,0.0,0.0,0.0,0.0,1.0,0.0,0.0,0.0,0.0,0.0,0.0,0.0,0.0,0.0,0.0,0.0,491.0
0920,2019,0.0,0.0,0.0,263.0,0.0,0.0,0.0,0.0,0.0,0.0,0.0,0.0,0.0,0.0,0.0,0.0,0.0,0.0,0.0,0.0,0.0,0.0,0.0,0.0,0.0,0.0,0.0,0.0
0920,2020,0.0,0.0,0.0,0.0,0.0,0.0,0.0,0.0,0.0,0.0,0.0,0.0,0.0,0.0,0.0,0.0,0.0,0.0,0.0,0.0,0.0,0.0,0.0,0.0,0.0,0.0,90.0,0.0
0920,2021,0.0,0.0,226.0,0.0,1.0,0.0,0.0,0.0,0.0,0.0,0.0,0.0,14.0,0.0,0.0,0.0,0.0,0.0,0.0,0.0,0.0,0.0,0.0,0.0,0.0,0.0,67.0,0.0
0920,2022,0.0,0.0,456.0,0.0,9.0,0.0,0.0,0.0,600.0,0.0,768.0,0.0,28.0,0.0,0.0,0.0,630.0,0.0,20.0,66.0,13.0,0.0,0.0,0.0,0.0,0.0,0.0,0.0
0920,2023,21.0,523.0,456.0,0.0,3.0,0.0,0.0,0.0,0.0,0.0,0.0,0.0,28.0,0.0,58.0,0.0,0.0,0.0,0.0,82.0,5.0,203.0,0.0,525.0,0.0,0.0,0.0,0.0
0920,2024,34.0,0.0,456.0,0.0,11.0,0.0,0.0,0.0,1330.0,0.0,1728.0,0.0,28.0,0.0,110.0,0.0,0.0,0.0,0.0,72.0,20.0,0.0,0.0,0.0,521.0,975.0,0.0,0.0
0920,2025,24.0,0.0,418.0,0.0,7.0,0.0,0.0,0.0,1560.0,0.0,1796.0,0.0,7.0,0.0,18.0,0.0,0.0,0.0,0.0,0.0,13.0,0.0,0.0,0.0,283.0,496.0,0.0,0.0
0920,2026,20.0,0.0,228.0,0.0,0.0,0.0,0.0,0.0,1878.0,0.0,926.0,0.0,0.0,0.0,0.0,0.0,0.0,0.0,0.0,0.0,0.0,0.0,0.0,0.0,0.0,0.0,0.0,1535.0
0921,2019,0.0,0.0,0.0,108.0,0.0,0.0,0.0,0.0,0.0,0.0,0.0,0.0,0.0,0.0,0.0,0.0,0.0,0.0,0.0,0.0,0.0,0.0,0.0,0.0,0.0,0.0,0.0,0.0
0921,2020,0.0,0.0,0.0,0.0,0.0,0.0,0.0,0.0,0.0,0.0,0.0,0.0,0.0,0.0,0.0,0.0,0.0,0.0,0.0,0.0,0.0,0.0,0.0,0.0,0.0,0.0,37.0,0.0
0921,2021,0.0,0.0,226.0,0.0,3.0,0.0,0.0,0.0,0.0,0.0,0.0,0.0,38.0,0.0,0.0,0.0,0.0,16.0,0.0,0.0,0.0,0.0,0.0,0.0,0.0,0.0,24.0,0.0
0921,2022,0.0,0.0,456.0,0.0,27.0,0.0,0.0,0.0,0.0,0.0,0.0,0.0,79.0,0.0,162.0,0.0,38.0,16.0,24.0,48.0,33.0,0.0,0.0,0.0,0.0,0.0,0.0,0.0
0921,2023,29.0,264.0,456.0,0.0,9.0,0.0,0.0,0.0,0.0,0.0,0.0,0.0,80.0,0.0,77.0,0.0,0.0,0.0,0.0,64.0,7.0,218.0,0.0,670.0,0.0,0.0,0.0,0.0
0921,2024,33.0,0.0,456.0,0.0,33.0,0.0,0.0,0.0,0.0,0.0,0.0,0.0,83.0,0.0,39.0,4.0,0.0,0.0,0.0,42.0,7.0,0.0,0.0,0.0,408.0,907.0,0.0,0.0
0921,2025,33.0,0.0,418.0,0.0,21.0,0.0,0.0,0.0,0.0,0.0,0.0,0.0,21.0,0.0,21.0,9.0,0.0,0.0,0.0,0.0,13.0,0.0,0.0,0.0,208.0,350.0,0.0,0.0
0921,2026,12.0,0.0,228.0,0.0,0.0,0.0,0.0,0.0,0.0,0.0,0.0,0.0,0.0,0.0,0.0,2.0,0.0,0.0,0.0,0.0,0.0,0.0,0.0,0.0,0.0,0.0,0.0,1392.0
0922,2019,0.0,0.0,0.0,54.0,0.0,0.0,0.0,0.0,0.0,0.0,0.0,0.0,0.0,0.0,0.0,0.0,0.0,0.0,0.0,0.0,0.0,0.0,0.0,0.0,0.0,0.0,0.0,0.0
0922,2020,0.0,0.0,0.0,0.0,0.0,0.0,0.0,0.0,0.0,0.0,0.0,0.0,0.0,0.0,0.0,0.0,0.0,0.0,0.0,0.0,0.0,0.0,0.0,0.0,0.0,0.0,37.0,0.0
0922,2021,0.0,0.0,226.0,0.0,0.0,0.0,0.0,0.0,0.0,0.0,0.0,0.0,4.0,0.0,0.0,0.0,0.0,0.0,0.0,0.0,0.0,0.0,0.0,0.0,0.0,0.0,8.0,0.0
0922,2022,0.0,0.0,456.0,0.0,0.0,0.0,0.0,122.0,1230.0,0.0,254.0,0.0,8.0,0.0,0.0,0.0,110.0,0.0,58.0,18.0,1.0,0.0,0.0,0.0,0.0,0.0,0.0,0.0
0922,2023,4.0,263.0,456.0,0.0,0.0,0.0,0.0,0.0,0.0,0.0,0.0,0.0,10.0,0.0,60.0,0.0,0.0,0.0,0.0,8.0,0.0,0.0,0.0,0.0,0.0,0.0,0.0,0.0
0922,2024,9.0,0.0,456.0,0.0,0.0,0.0,0.0,244.0,2904.0,0.0,696.0,0.0,12.0,0.0,42.0,0.0,0.0,0.0,0.0,8.0,5.0,0.0,0.0,0.0,235.0,465.0,0.0,0.0
0922,2025,10.0,0.0,418.0,0.0,0.0,0.0,0.0,244.0,3168.0,0.0,802.0,0.0,3.0,0.0,0.0,0.0,0.0,0.0,0.0,0.0,8.0,0.0,0.0,0.0,122.0,251.0,0.0,0.0
0922,2026,7.0,0.0,228.0,0.0,0.0,0.0,0.0,122.0,3444.0,0.0,426.0,0.0,0.0,0.0,0.0,0.0,0.0,0.0,0.0,0.0,0.0,0.0,0.0,0.0,0.0,0.0,0.0,366.0
0923,2019,0.0,0.0,0.0,11.0,0.0,0.0,0.0,0.0,0.0,0.0,0.0,0.0,0.0,0.0,0.0,0.0,0.0,0.0,0.0,0.0,0.0,0.0,0.0,0.0,0.0,0.0,0.0,0.0
0923,2020,0.0,0.0,0.0,0.0,0.0,0.0,0.0,0.0,0.0,0.0,0.0,0.0,0.0,0.0,0.0,0.0,0.0,0.0,0.0,0.0,0.0,0.0,0.0,0.0,0.0,0.0,10.0,0.0
0923,2021,0.0,0.0,0.0,0.0,0.0,0.0,0.0,0.0,0.0,0.0,0.0,0.0,26.0,0.0,0.0,0.0,0.0,0.0,0.0,0.0,0.0,0.0,0.0,0.0,0.0,0.0,47.0,0.0
0923,2022,0.0,0.0,0.0,0.0,0.0,0.0,0.0,0.0,570.0,0.0,0.0,0.0,39.0,0.0,0.0,0.0,168.0,0.0,0.0,0.0,0.0,0.0,0.0,0.0,0.0,0.0,0.0,0.0
0923,2023,7.0,155.0,0.0,0.0,0.0,0.0,0.0,0.0,0.0,0.0,0.0,0.0,52.0,0.0,35.0,0.0,0.0,0.0,0.0,0.0,1.0,0.0,0.0,0.0,0.0,0.0,0.0,0.0
0923,2024,10.0,0.0,0.0,0.0,0.0,0.0,0.0,0.0,1560.0,0.0,0.0,0.0,52.0,0.0,16.0,0.0,0.0,0.0,0.0,2.0,1.0,0.0,0.0,0.0,36.0,85.0,0.0,0.0
0923,2025,8.0,0.0,0.0,0.0,0.0,0.0,0.0,0.0,1812.0,0.0,0.0,0.0,13.0,0.0,0.0,0.0,0.0,0.0,0.0,0.0,0.0,0.0,0.0,0.0,26.0,47.0,0.0,0.0
0923,2026,3.0,0.0,0.0,0.0,0.0,0.0,0.0,0.0,1956.0,0.0,0.0,0.0,0.0,0.0,0.0,0.0,0.0,0.0,0.0,0.0,0.0,0.0,0.0,0.0,0.0,0.0,0.0,0.0
0924,2019,0.0,0.0,0.0,26.0,0.0,0.0,0.0,0.0,0.0,0.0,0.0,0.0,0.0,0.0,0.0,0.0,0.0,0.0,0.0,0.0,0.0,0.0,0.0,0.0,0.0,0.0,0.0,0.0
0924,2020,0.0,0.0,0.0,0.0,0.0,0.0,0.0,0.0,0.0,0.0,0.0,0.0,0.0,0.0,0.0,0.0,0.0,0.0,0.0,0.0,0.0,0.0,0.0,0.0,0.0,0.0,5.0,0.0
0924,2021,0.0,0.0,226.0,0.0,3.0,0.0,0.0,0.0,0.0,0.0,0.0,0.0,6.0,0.0,0.0,0.0,0.0,0.0,0.0,0.0,0.0,0.0,0.0,0.0,0.0,0.0,7.0,0.0
0924,2022,0.0,0.0,456.0,0.0,27.0,0.0,0.0,0.0,0.0,0.0,902.0,0.0,12.0,0.0,0.0,0.0,70.0,0.0,24.0,0.0,3.0,0.0,0.0,0.0,0.0,0.0,0.0,0.0
0924,2023,8.0,175.0,456.0,0.0,9.0,0.0,0.0,0.0,0.0,0.0,0.0,0.0,12.0,0.0,25.0,0.0,0.0,0.0,0.0,2.0,1.0,0.0,0.0,0.0,0.0,0.0,0.0,0.0
0924,2024,13.0,0.0,456.0,0.0,33.0,0.0,0.0,0.0,0.0,0.0,2028.0,0.0,12.0,0.0,21.0,1.0,0.0,0.0,0.0,8.0,4.0,0.0,0.0,0.0,177.0,358.0,0.0,0.0
0924,2025,11.0,0.0,418.0,0.0,21.0,0.0,0.0,0.0,0.0,0.0,2108.0,0.0,3.0,0.0,0.0,4.0,0.0,0.0,0.0,0.0,0.0,0.0,0.0,0.0,114.0,167.0,0.0,0.0
0924,2026,6.0,0.0,228.0,0.0,0.0,0.0,0.0,0.0,0.0,0.0,1082.0,0.0,0.0,0.0,0.0,2.0,0.0,0.0,0.0,0.0,0.0,0.0,0.0,0.0,0.0,0.0,0.0,342.0
0925,2019,0.0,0.0,0.0,45.0,0.0,0.0,0.0,0.0,0.0,0.0,0.0,0.0,0.0,0.0,0.0,0.0,0.0,0.0,0.0,0.0,0.0,0.0,0.0,0.0,0.0,0.0,0.0,0.0
0925,2020,0.0,0.0,0.0,0.0,0.0,0.0,0.0,0.0,0.0,0.0,0.0,0.0,0.0,0.0,0.0,0.0,0.0,0.0,0.0,0.0,0.0,0.0,0.0,0.0,0.0,0.0,11.0,0.0
0925,2021,0.0,0.0,226.0,0.0,1.0,0.0,0.0,0.0,0.0,0.0,0.0,0.0,14.0,0.0,0.0,0.0,0.0,0.0,0.0,0.0,0.0,0.0,0.0,0.0,0.0,0.0,11.0,0.0
0925,2022,0.0,0.0,456.0,0.0,9.0,0.0,0.0,0.0,0.0,0.0,790.0,0.0,21.0,0.0,11.0,0.0,140.0,0.0,0.0,6.0,2.0,0.0,0.0,0.0,0.0,0.0,0.0,0.0
0925,2023,10.0,157.0,456.0,0.0,3.0,0.0,0.0,0.0,0.0,0.0,0.0,0.0,30.0,0.0,12.0,0.0,0.0,0.0,0.0,18.0,2.0,0.0,0.0,0.0,0.0,0.0,0.0,0.0
0925,2024,18.0,0.0,456.0,0.0,11.0,0.0,0.0,0.0,0.0,0.0,1836.0,0.0,36.0,0.0,25.0,1.0,0.0,0.0,0.0,8.0,0.0,0.0,0.0,0.0,279.0,445.0,0.0,0.0
0925,2025,15.0,0.0,418.0,0.0,7.0,0.0,0.0,0.0,0.0,0.0,1928.0,0.0,9.0,0.0,0.0,3.0,0.0,0.0,0.0,0.0,6.0,0.0,0.0,0.0,133.0,211.0,0.0,0.0
0925,2026,10.0,0.0,228.0,0.0,0.0,0.0,0.0,0.0,0.0,0.0,994.0,0.0,0.0,0.0,0.0,3.0,0.0,0.0,0.0,0.0,0.0,0.0,0.0,0.0,0.0,0.0,0.0,587.0
0927,2019,0.0,0.0,0.0,51.0,0.0,0.0,0.0,0.0,0.0,0.0,0.0,0.0,0.0,0.0,0.0,0.0,0.0,0.0,0.0,0.0,0.0,0.0,0.0,0.0,0.0,0.0,0.0,0.0
0927,2020,0.0,0.0,0.0,0.0,0.0,0.0,0.0,0.0,0.0,0.0,0.0,0.0,0.0,0.0,0.0,0.0,0.0,0.0,0.0,0.0,0.0,0.0,0.0,0.0,0.0,0.0,3.0,0.0
0927,2021,0.0,0.0,0.0,0.0,0.0,0.0,0.0,0.0,0.0,0.0,0.0,0.0,2.0,0.0,0.0,0.0,0.0,4.0,0.0,0.0,0.0,0.0,0.0,0.0,0.0,0.0,7.0,0.0
0927,2022,0.0,0.0,0.0,0.0,0.0,0.0,0.0,0.0,0.0,0.0,0.0,0.0,4.0,0.0,0.0,0.0,6.0,4.0,12.0,1.0,7.0,0.0,0.0,0.0,0.0,0.0,0.0,0.0
0927,2023,10.0,125.0,0.0,0.0,0.0,0.0,0.0,0.0,0.0,0.0,0.0,0.0,4.0,0.0,188.0,0.0,0.0,0.0,0.0,0.0,1.0,0.0,0.0,0.0,0.0,0.0,0.0,0.0
0927,2024,19.0,0.0,0.0,0.0,0.0,0.0,0.0,0.0,0.0,0.0,0.0,0.0,4.0,0.0,0.0,19.0,0.0,0.0,0.0,0.0,8.0,0.0,0.0,0.0,0.0,0.0,0.0,0.0
0927,2025,22.0,0.0,8.0,0.0,0.0,0.0,0.0,0.0,0.0,0.0,0.0,0.0,1.0,0.0,14.0,15.0,0.0,0.0,0.0,0.0,4.0,0.0,0.0,0.0,0.0,0.0,0.0,0.0
0927,2026,8.0,0.0,12.0,0.0,0.0,0.0,0.0,0.0,0.0,0.0,0.0,0.0,0.0,0.0,0.0,10.0,0.0,0.0,0.0,0.0,0.0,0.0,0.0,0.0,0.0,0.0,0.0,0.0
0928,2019,0.0,0.0,0.0,14.0,0.0,0.0,0.0,0.0,0.0,0.0,0.0,0.0,0.0,0.0,0.0,0.0,0.0,0.0,0.0,0.0,0.0,0.0,0.0,0.0,0.0,0.0,0.0,0.0
0928,2020,0.0,0.0,0.0,0.0,0.0,0.0,0.0,0.0,0.0,0.0,0.0,0.0,0.0,0.0,0.0,0.0,0.0,0.0,0.0,0.0,0.0,0.0,0.0,0.0,0.0,0.0,6.0,0.0
0928,2021,0.0,0.0,226.0,0.0,3.0,0.0,0.0,0.0,0.0,0.0,0.0,0.0,2.0,0.0,0.0,0.0,0.0,4.0,0.0,0.0,0.0,0.0,0.0,0.0,0.0,0.0,4.0,0.0
0928,2022,0.0,0.0,456.0,0.0,27.0,0.0,0.0,56.0,0.0,0.0,598.0,0.0,4.0,0.0,0.0,0.0,448.0,4.0,2.0,0.0,0.0,0.0,0.0,0.0,0.0,0.0,0.0,0.0
0928,2023,5.0,152.0,456.0,0.0,9.0,0.0,0.0,0.0,0.0,0.0,0.0,0.0,7.0,0.0,0.0,0.0,0.0,0.0,0.0,0.0,0.0,0.0,0.0,0.0,0.0,0.0,0.0,0.0
0928,2024,7.0,0.0,456.0,0.0,33.0,0.0,0.0,112.0,0.0,0.0,1204.0,0.0,6.0,0.0,36.0,0.0,0.0,0.0,0.0,0.0,0.0,0.0,0.0,0.0,104.0,224.0,0.0,0.0
0928,2025,7.0,0.0,418.0,0.0,21.0,0.0,0.0,112.0,0.0,0.0,1204.0,0.0,1.0,0.0,0.0,0.0,0.0,0.0,0.0,0.0,1.0,0.0,0.0,0.0,77.0,104.0,0.0,0.0
0928,2026,4.0,0.0,228.0,0.0,0.0,0.0,0.0,56.0,0.0,0.0,602.0,0.0,0.0,0.0,0.0,0.0,0.0,0.0,0.0,0.0,0.0,0.0,0.0,0.0,0.0,0.0,0.0,224.0
1001,2019,0.0,0.0,0.0,215.0,0.0,0.0,0.0,0.0,0.0,0.0,0.0,0.0,0.0,0.0,0.0,0.0,0.0,0.0,0.0,0.0,0.0,0.0,0.0,0.0,0.0,0.0,0.0,0.0
1001,2020,0.0,0.0,0.0,0.0,0.0,0.0,0.0,0.0,0.0,0.0,0.0,0.0,0.0,0.0,0.0,0.0,0.0,0.0,0.0,0.0,0.0,0.0,0.0,0.0,0.0,0.0,519.0,0.0
1001,2021,0.0,0.0,226.0,0.0,62.0,0.0,0.0,0.0,0.0,0.0,0.0,0.0,925.0,0.0,0.0,0.0,0.0,156.0,0.0,0.0,0.0,0.0,0.0,0.0,0.0,0.0,423.0,0.0
1001,2022,0.0,0.0,456.0,0.0,558.0,4196.0,0.0,12.0,0.0,0.0,0.0,6.0,1902.0,0.0,82.0,0.0,70.0,156.0,2922.0,756.0,117.0,0.0,0.0,0.0,0.0,0.0,0.0,0.0
1001,2023,274.0,1533.0,456.0,0.0,186.0,0.0,0.0,0.0,0.0,0.0,0.0,0.0,1971.0,0.0,7.0,0.0,0.0,0.0,0.0,390.0,78.0,228.0,602.0,1160.0,0.0,0.0,0.0,0.0
1001,2024,494.0,0.0,456.0,0.0,572.0,0.0,0.0,24.0,0.0,0.0,0.0,12.0,2217.0,609.0,11.0,274.0,0.0,0.0,0.0,266.0,121.0,0.0,0.0,0.0,707.0,1943.0,0.0,0.0
1001,2025,542.0,0.0,418.0,0.0,365.0,0.0,0.0,24.0,0.0,0.0,0.0,12.0,628.0,196.0,0.0,180.0,0.0,0.0,0.0,0.0,116.0,0.0,0.0,0.0,378.0,655.0,0.0,0.0
1001,2026,289.0,0.0,228.0,0.0,0.0,0.0,0.0,12.0,0.0,0.0,0.0,12.0,0.0,0.0,0.0,39.0,0.0,0.0,0.0,0.0,0.0,0.0,0.0,0.0,0.0,0.0,0.0,14084.0
1002,2019,0.0,0.0,0.0,26.0,0.0,0.0,0.0,0.0,0.0,0.0,0.0,0.0,0.0,0.0,0.0,0.0,0.0,0.0,0.0,0.0,0.0,0.0,0.0,0.0,0.0,0.0,0.0,0.0
1002,2020,0.0,0.0,0.0,0.0,0.0,0.0,0.0,0.0,0.0,0.0,0.0,0.0,0.0,0.0,0.0,0.0,0.0,0.0,0.0,0.0,0.0,0.0,0.0,0.0,0.0,0.0,208.0,0.0
1002,2021,0.0,0.0,226.0,0.0,9.0,0.0,0.0,0.0,0.0,0.0,0.0,0.0,138.0,0.0,0.0,0.0,0.0,6.0,0.0,0.0,0.0,0.0,0.0,0.0,0.0,0.0,165.0,0.0
1002,2022,0.0,0.0,456.0,0.0,81.0,0.0,0.0,0.0,0.0,0.0,0.0,0.0,282.0,0.0,6.0,0.0,2.0,6.0,808.0,192.0,9.0,0.0,0.0,0.0,0.0,0.0,0.0,0.0
1002,2023,39.0,574.0,456.0,0.0,24.0,0.0,0.0,0.0,0.0,0.0,0.0,0.0,295.0,0.0,0.0,0.0,0.0,0.0,0.0,86.0,6.0,222.0,0.0,665.0,0.0,0.0,0.0,0.0
1002,2024,68.0,0.0,456.0,0.0,77.0,0.0,0.0,0.0,0.0,0.0,0.0,0.0,358.0,0.0,0.0,41.0,0.0,0.0,0.0,228.0,14.0,0.0,0.0,0.0,287.0,463.0,0.0,0.0
1002,2025,82.0,0.0,418.0,0.0,49.0,0.0,0.0,0.0,0.0,0.0,0.0,0.0,105.0,0.0,0.0,36.0,0.0,0.0,0.0,0.0,9.0,0.0,0.0,0.0,129.0,195.0,0.0,0.0
1002,2026,42.0,0.0,228.0,0.0,0.0,0.0,0.0,0.0,0.0,0.0,0.0,0.0,0.0,0.0,0.0,6.0,0.0,0.0,0.0,0.0,0.0,0.0,0.0,0.0,0.0,0.0,0.0,1783.0
1003,2019,0.0,0.0,0.0,29.0,0.0,0.0,0.0,0.0,0.0,0.0,0.0,0.0,0.0,0.0,0.0,0.0,0.0,0.0,0.0,0.0,0.0,0.0,0.0,0.0,0.0,0.0,0.0,0.0
1003,2020,0.0,0.0,0.0,0.0,0.0,0.0,0.0,0.0,0.0,0.0,0.0,0.0,0.0,0.0,0.0,0.0,0.0,0.0,0.0,0.0,0.0,0.0,0.0,0.0,0.0,0.0,109.0,0.0
1003,2021,0.0,0.0,226.0,0.0,80.0,0.0,0.0,0.0,0.0,0.0,0.0,0.0,153.0,0.0,0.0,0.0,0.0,190.0,0.0,0.0,0.0,0.0,0.0,0.0,0.0,0.0,53.0,0.0
1003,2022,0.0,0.0,456.0,0.0,720.0,0.0,0.0,0.0,0.0,0.0,0.0,156.0,316.0,0.0,0.0,0.0,68.0,192.0,1594.0,144.0,10.0,0.0,0.0,0.0,0.0,0.0,0.0,0.0
1003,2023,24.0,813.0,456.0,0.0,237.0,0.0,0.0,0.0,0.0,0.0,0.0,0.0,325.0,0.0,0.0,0.0,0.0,0.0,0.0,66.0,4.0,216.0,0.0,555.0,0.0,0.0,0.0,0.0
1003,2024,66.0,0.0,456.0,0.0,825.0,0.0,0.0,0.0,0.0,0.0,0.0,436.0,354.0,0.0,0.0,36.0,0.0,0.0,0.0,206.0,11.0,0.0,0.0,0.0,431.0,744.0,0.0,0.0
1003,2025,64.0,0.0,418.0,0.0,525.0,0.0,0.0,0.0,0.0,0.0,0.0,524.0,99.0,0.0,0.0,16.0,0.0,0.0,0.0,0.0,16.0,0.0,0.0,0.0,232.0,291.0,0.0,0.0
1003,2026,18.0,0.0,228.0,0.0,0.0,0.0,0.0,0.0,0.0,0.0,0.0,646.0,0.0,0.0,0.0,9.0,0.0,0.0,0.0,0.0,0.0,0.0,0.0,0.0,0.0,0.0,0.0,1261.0
1004,2019,0.0,0.0,0.0,95.0,0.0,0.0,0.0,0.0,0.0,0.0,0.0,0.0,0.0,0.0,0.0,0.0,0.0,0.0,0.0,0.0,0.0,0.0,0.0,0.0,0.0,0.0,0.0,0.0
1004,2020,0.0,0.0,0.0,0.0,0.0,0.0,0.0,0.0,0.0,0.0,0.0,0.0,0.0,0.0,0.0,0.0,0.0,0.0,0.0,0.0,0.0,0.0,0.0,0.0,0.0,0.0,213.0,0.0
1004,2021,0.0,0.0,226.0,0.0,29.0,0.0,0.0,0.0,0.0,0.0,0.0,0.0,289.0,0.0,0.0,0.0,0.0,60.0,0.0,0.0,0.0,0.0,0.0,0.0,0.0,0.0,213.0,0.0
1004,2022,0.0,0.0,456.0,0.0,250.0,0.0,0.0,0.0,0.0,0.0,0.0,0.0,592.0,0.0,0.0,0.0,152.0,62.0,2296.0,488.0,41.0,0.0,0.0,0.0,0.0,0.0,0.0,0.0
1004,2023,73.0,1073.0,456.0,0.0,77.0,0.0,0.0,0.0,0.0,0.0,0.0,0.0,628.0,0.0,544.0,0.0,0.0,0.0,0.0,118.0,29.0,252.0,0.0,1061.0,0.0,0.0,0.0,0.0
1004,2024,168.0,0.0,456.0,0.0,231.0,0.0,0.0,0.0,0.0,0.0,0.0,0.0,737.0,0.0,5.0,179.0,0.0,0.0,0.0,466.0,40.0,0.0,0.0,0.0,801.0,1452.0,0.0,0.0
1004,2025,179.0,0.0,418.0,0.0,147.0,0.0,0.0,0.0,0.0,0.0,0.0,0.0,215.0,0.0,0.0,153.0,0.0,0.0,0.0,0.0,241.0,0.0,0.0,0.0,396.0,570.0,0.0,0.0
1004,2026,96.0,0.0,228.0,0.0,0.0,0.0,0.0,0.0,0.0,0.0,0.0,0.0,0.0,0.0,0.0,30.0,0.0,0.0,0.0,0.0,0.0,0.0,0.0,0.0,0.0,0.0,0.0,3339.0
1005,2019,0.0,0.0,0.0,11.0,0.0,0.0,0.0,0.0,0.0,0.0,0.0,0.0,0.0,0.0,0.0,0.0,0.0,0.0,0.0,0.0,0.0,0.0,0.0,0.0,0.0,0.0,0.0,0.0
1005,2020,0.0,0.0,0.0,0.0,0.0,0.0,0.0,0.0,0.0,0.0,0.0,0.0,0.0,0.0,0.0,0.0,0.0,0.0,0.0,0.0,0.0,0.0,0.0,0.0,0.0,0.0,23.0,0.0
1005,2021,0.0,0.0,226.0,0.0,4.0,0.0,0.0,0.0,0.0,0.0,0.0,0.0,42.0,0.0,0.0,0.0,0.0,126.0,0.0,0.0,0.0,0.0,0.0,0.0,0.0,0.0,65.0,0.0
1005,2022,0.0,0.0,456.0,0.0,36.0,0.0,0.0,0.0,0.0,0.0,0.0,0.0,72.0,0.0,0.0,0.0,12.0,128.0,28.0,2.0,1.0,0.0,0.0,0.0,0.0,0.0,0.0,0.0
1005,2023,9.0,234.0,456.0,0.0,10.0,0.0,0.0,0.0,0.0,0.0,0.0,0.0,72.0,0.0,0.0,0.0,0.0,0.0,0.0,0.0,0.0,32.0,0.0,85.0,0.0,0.0,0.0,0.0
1005,2024,19.0,0.0,456.0,0.0,33.0,0.0,0.0,0.0,0.0,0.0,0.0,0.0,73.0,0.0,0.0,16.0,0.0,0.0,0.0,4.0,2.0,0.0,0.0,0.0,85.0,153.0,0.0,0.0
1005,2025,18.0,0.0,418.0,0.0,21.0,0.0,0.0,0.0,0.0,0.0,0.0,0.0,18.0,0.0,0.0,6.0,0.0,0.0,0.0,0.0,2.0,0.0,0.0,0.0,40.0,58.0,0.0,0.0
1005,2026,9.0,0.0,228.0,0.0,0.0,0.0,0.0,0.0,0.0,0.0,0.0,0.0,0.0,0.0,0.0,1.0,0.0,0.0,0.0,0.0,0.0,0.0,0.0,0.0,0.0,0.0,0.0,448.0
1006,2019,0.0,0.0,0.0,11.0,0.0,0.0,0.0,0.0,0.0,0.0,0.0,0.0,0.0,0.0,0.0,0.0,0.0,0.0,0.0,0.0,0.0,0.0,0.0,0.0,0.0,0.0,0.0,0.0
1006,2020,0.0,0.0,0.0,0.0,0.0,0.0,0.0,0.0,0.0,0.0,0.0,0.0,0.0,0.0,0.0,0.0,0.0,0.0,0.0,0.0,0.0,0.0,0.0,0.0,0.0,0.0,191.0,0.0
1006,2021,0.0,0.0,226.0,0.0,37.0,0.0,0.0,0.0,0.0,0.0,0.0,0.0,28.0,0.0,0.0,0.0,0.0,52.0,0.0,0.0,0.0,0.0,0.0,0.0,0.0,0.0,239.0,0.0
1006,2022,0.0,0.0,456.0,0.0,333.0,0.0,0.0,0.0,0.0,0.0,0.0,0.0,56.0,0.0,0.0,0.0,118.0,52.0,44.0,44.0,3.0,0.0,0.0,0.0,0.0,0.0,0.0,0.0
1006,2023,7.0,313.0,456.0,0.0,111.0,0.0,0.0,0.0,0.0,0.0,0.0,0.0,56.0,0.0,21.0,0.0,0.0,0.0,0.0,0.0,3.0,0.0,0.0,0.0,0.0,0.0,0.0,0.0
1006,2024,24.0,0.0,456.0,0.0,385.0,0.0,0.0,0.0,0.0,0.0,0.0,0.0,56.0,0.0,0.0,7.0,0.0,0.0,0.0,24.0,8.0,0.0,0.0,0.0,122.0,220.0,0.0,0.0
1006,2025,19.0,0.0,418.0,0.0,245.0,0.0,0.0,0.0,0.0,0.0,0.0,0.0,14.0,0.0,0.0,5.0,0.0,0.0,0.0,0.0,10.0,0.0,0.0,0.0,66.0,84.0,0.0,0.0
1006,2026,4.0,0.0,228.0,0.0,0.0,0.0,0.0,0.0,0.0,0.0,0.0,0.0,0.0,0.0,0.0,5.0,0.0,0.0,0.0,0.0,0.0,0.0,0.0,0.0,0.0,0.0,0.0,430.0
1101,2019,0.0,0.0,0.0,561.0,0.0,0.0,0.0,0.0,0.0,0.0,0.0,0.0,0.0,0.0,0.0,0.0,0.0,0.0,0.0,0.0,0.0,0.0,0.0,0.0,0.0,0.0,0.0,0.0
1101,2020,0.0,0.0,0.0,0.0,0.0,0.0,0.0,0.0,0.0,0.0,0.0,0.0,0.0,0.0,0.0,0.0,0.0,0.0,0.0,0.0,0.0,0.0,0.0,0.0,0.0,0.0,798.0,0.0
1101,2021,0.0,0.0,226.0,0.0,97.0,0.0,0.0,0.0,0.0,0.0,0.0,0.0,999.0,0.0,0.0,0.0,0.0,112.0,0.0,0.0,0.0,0.0,0.0,0.0,0.0,0.0,627.0,0.0
1101,2022,0.0,0.0,456.0,0.0,873.0,0.0,0.0,0.0,0.0,0.0,0.0,202.0,2026.0,0.0,54.0,0.0,124.0,112.0,2290.0,178.0,121.0,0.0,0.0,0.0,0.0,0.0,0.0,0.0
1101,2023,417.0,1677.0,456.0,0.0,225.0,0.0,0.0,0.0,0.0,0.0,0.0,0.0,2105.0,0.0,72.0,0.0,0.0,0.0,0.0,130.0,66.0,227.0,617.0,851.0,0.0,0.0,0.0,0.0
1101,2024,836.0,0.0,456.0,0.0,825.0,0.0,0.0,0.0,0.0,0.0,0.0,406.0,2234.0,1479.0,9.0,462.0,0.0,0.0,0.0,22.0,93.0,0.0,0.0,0.0,762.0,2174.0,0.0,0.0
1101,2025,816.0,0.0,418.0,0.0,525.0,0.0,0.0,0.0,0.0,0.0,0.0,414.0,610.0,328.0,0.0,326.0,0.0,0.0,0.0,0.0,134.0,0.0,0.0,0.0,441.0,868.0,0.0,0.0
1101,2026,478.0,0.0,228.0,0.0,0.0,0.0,0.0,0.0,0.0,0.0,0.0,452.0,0.0,0.0,0.0,126.0,0.0,0.0,0.0,0.0,0.0,0.0,0.0,0.0,0.0,0.0,0.0,10904.0
1102,2019,0.0,0.0,0.0,17.0,0.0,0.0,0.0,0.0,0.0,0.0,0.0,0.0,0.0,0.0,0.0,0.0,0.0,0.0,0.0,0.0,0.0,0.0,0.0,0.0,0.0,0.0,0.0,0.0
1102,2020,0.0,0.0,0.0,0.0,0.0,0.0,0.0,0.0,0.0,0.0,0.0,0.0,0.0,0.0,0.0,0.0,0.0,0.0,0.0,0.0,0.0,0.0,0.0,0.0,0.0,0.0,191.0,0.0
1102,2021,0.0,0.0,226.0,0.0,9.0,0.0,0.0,0.0,0.0,0.0,0.0,0.0,28.0,0.0,0.0,0.0,0.0,10.0,0.0,0.0,0.0,0.0,0.0,0.0,0.0,0.0,212.0,0.0
1102,2022,0.0,0.0,456.0,0.0,80.0,0.0,0.0,0.0,0.0,0.0,0.0,0.0,49.0,0.0,0.0,0.0,104.0,10.0,62.0,10.0,13.0,0.0,0.0,0.0,0.0,0.0,0.0,0.0
1102,2023,20.0,565.0,456.0,0.0,24.0,0.0,0.0,0.0,0.0,0.0,0.0,0.0,50.0,0.0,0.0,0.0,0.0,0.0,0.0,4.0,2.0,221.0,0.0,590.0,0.0,0.0,0.0,0.0
1102,2024,53.0,0.0,456.0,0.0,88.0,0.0,0.0,0.0,0.0,0.0,0.0,0.0,58.0,0.0,7.0,66.0,0.0,0.0,0.0,6.0,2.0,0.0,0.0,0.0,109.0,217.0,0.0,0.0
1102,2025,42.0,0.0,418.0,0.0,56.0,0.0,0.0,0.0,0.0,0.0,0.0,0.0,15.0,0.0,0.0,32.0,0.0,0.0,0.0,0.0,1.0,0.0,0.0,0.0,103.0,125.0,0.0,0.0
1102,2026,27.0,0.0,228.0,0.0,0.0,0.0,0.0,0.0,0.0,0.0,0.0,0.0,0.0,0.0,0.0,10.0,0.0,0.0,0.0,0.0,0.0,0.0,0.0,0.0,0.0,0.0,0.0,608.0
1103,2019,0.0,0.0,0.0,23.0,0.0,0.0,0.0,0.0,0.0,0.0,0.0,0.0,0.0,0.0,0.0,0.0,0.0,0.0,0.0,0.0,0.0,0.0,0.0,0.0,0.0,0.0,0.0,0.0
1103,2020,0.0,0.0,0.0,0.0,0.0,0.0,0.0,0.0,0.0,0.0,0.0,0.0,0.0,0.0,0.0,0.0,0.0,0.0,0.0,0.0,0.0,0.0,0.0,0.0,0.0,0.0,46.0,0.0
1103,2021,0.0,0.0,226.0,0.0,3.0,0.0,0.0,0.0,0.0,0.0,0.0,0.0,18.0,0.0,0.0,0.0,0.0,34.0,0.0,0.0,0.0,0.0,0.0,0.0,0.0,0.0,19.0,0.0
1103,2022,0.0,0.0,456.0,0.0,27.0,0.0,0.0,0.0,0.0,0.0,0.0,168.0,37.0,0.0,0.0,0.0,234.0,34.0,510.0,28.0,4.0,0.0,0.0,0.0,0.0,0.0,0.0,0.0
1103,2023,28.0,469.0,456.0,0.0,9.0,0.0,0.0,0.0,0.0,0.0,0.0,0.0,40.0,0.0,0.0,0.0,0.0,0.0,0.0,14.0,4.0,222.0,0.0,577.0,0.0,0.0,0.0,0.0
1103,2024,40.0,0.0,456.0,0.0,33.0,0.0,0.0,0.0,0.0,0.0,0.0,336.0,45.0,0.0,12.0,52.0,0.0,0.0,0.0,6.0,3.0,0.0,0.0,0.0,209.0,425.0,0.0,0.0
1103,2025,54.0,0.0,418.0,0.0,21.0,0.0,0.0,0.0,0.0,0.0,0.0,336.0,12.0,0.0,0.0,34.0,0.0,0.0,0.0,0.0,6.0,0.0,0.0,0.0,109.0,169.0,0.0,0.0
1103,2026,19.0,0.0,228.0,0.0,0.0,0.0,0.0,0.0,0.0,0.0,0.0,336.0,0.0,0.0,0.0,5.0,0.0,0.0,0.0,0.0,0.0,0.0,0.0,0.0,0.0,0.0,0.0,1279.0
1104,2019,0.0,0.0,0.0,0.0,0.0,0.0,0.0,0.0,0.0,0.0,0.0,0.0,0.0,0.0,0.0,0.0,0.0,0.0,0.0,0.0,0.0,0.0,0.0,0.0,0.0,0.0,0.0,0.0
1104,2020,0.0,0.0,0.0,0.0,0.0,0.0,0.0,0.0,0.0,0.0,0.0,0.0,0.0,0.0,0.0,0.0,0.0,0.0,0.0,0.0,0.0,0.0,0.0,0.0,0.0,0.0,2.0,0.0
1104,2021,0.0,0.0,226.0,0.0,5.0,0.0,0.0,0.0,0.0,0.0,0.0,0.0,4.0,0.0,0.0,0.0,0.0,6.0,0.0,0.0,0.0,0.0,0.0,0.0,0.0,0.0,0.0,0.0
1104,2022,0.0,0.0,456.0,0.0,44.0,0.0,0.0,0.0,0.0,0.0,0.0,0.0,8.0,0.0,0.0,0.0,828.0,6.0,0.0,0.0,2.0,0.0,0.0,0.0,0.0,0.0,0.0,0.0
1104,2023,12.0,239.0,456.0,0.0,12.0,0.0,0.0,0.0,0.0,0.0,0.0,0.0,8.0,0.0,0.0,0.0,0.0,0.0,0.0,0.0,0.0,179.0,0.0,495.0,0.0,0.0,0.0,0.0
1104,2024,21.0,0.0,456.0,0.0,44.0,0.0,0.0,0.0,0.0,0.0,0.0,0.0,8.0,0.0,8.0,4.0,0.0,0.0,0.0,0.0,2.0,0.0,0.0,0.0,105.0,183.0,0.0,0.0
1104,2025,20.0,0.0,418.0,0.0,28.0,0.0,0.0,0.0,0.0,0.0,0.0,0.0,2.0,0.0,0.0,4.0,0.0,0.0,0.0,0.0,19.0,0.0,0.0,0.0,54.0,88.0,0.0,0.0
1104,2026,2.0,0.0,228.0,0.0,0.0,0.0,0.0,0.0,0.0,0.0,0.0,0.0,0.0,0.0,0.0,1.0,0.0,0.0,0.0,0.0,0.0,0.0,0.0,0.0,0.0,0.0,0.0,234.0
1105,2019,0.0,0.0,0.0,0.0,0.0,0.0,0.0,0.0,0.0,0.0,0.0,0.0,0.0,0.0,0.0,0.0,0.0,0.0,0.0,0.0,0.0,0.0,0.0,0.0,0.0,0.0,0.0,0.0
1105,2020,0.0,0.0,0.0,0.0,0.0,0.0,0.0,0.0,0.0,0.0,0.0,0.0,0.0,0.0,0.0,0.0,0.0,0.0,0.0,0.0,0.0,0.0,0.0,0.0,0.0,0.0,2.0,0.0
1105,2021,0.0,0.0,226.0,0.0,6.0,0.0,0.0,0.0,0.0,0.0,0.0,0.0,0.0,0.0,0.0,0.0,0.0,44.0,0.0,0.0,0.0,0.0,0.0,0.0,0.0,0.0,1.0,0.0
1105,2022,0.0,0.0,456.0,0.0,44.0,0.0,0.0,0.0,0.0,0.0,0.0,110.0,0.0,0.0,0.0,0.0,106.0,44.0,4.0,0.0,2.0,0.0,0.0,0.0,0.0,0.0,0.0,0.0
1105,2023,6.0,159.0,456.0,0.0,12.0,0.0,0.0,0.0,0.0,0.0,0.0,0.0,0.0,0.0,0.0,0.0,0.0,0.0,0.0,0.0,1.0,0.0,0.0,0.0,0.0,0.0,0.0,0.0
1105,2024,7.0,0.0,456.0,0.0,44.0,0.0,0.0,0.0,0.0,0.0,0.0,220.0,0.0,0.0,0.0,9.0,0.0,0.0,0.0,2.0,8.0,0.0,0.0,0.0,24.0,62.0,0.0,0.0
1105,2025,10.0,0.0,418.0,0.0,28.0,0.0,0.0,0.0,0.0,0.0,0.0,220.0,0.0,0.0,0.0,4.0,0.0,0.0,0.0,0.0,2.0,0.0,0.0,0.0,24.0,36.0,0.0,0.0
1105,2026,4.0,0.0,228.0,0.0,0.0,0.0,0.0,0.0,0.0,0.0,0.0,220.0,0.0,0.0,0.0,0.0,0.0,0.0,0.0,0.0,0.0,0.0,0.0,0.0,0.0,0.0,0.0,84.0
1106,2019,0.0,0.0,0.0,0.0,0.0,0.0,0.0,0.0,0.0,0.0,0.0,0.0,0.0,0.0,0.0,0.0,0.0,0.0,0.0,0.0,0.0,0.0,0.0,0.0,0.0,0.0,0.0,0.0
1106,2020,0.0,0.0,0.0,0.0,0.0,0.0,0.0,0.0,0.0,0.0,0.0,0.0,0.0,0.0,0.0,0.0,0.0,0.0,0.0,0.0,0.0,0.0,0.0,0.0,0.0,0.0,39.0,0.0
1106,2021,0.0,0.0,226.0,0.0,16.0,0.0,0.0,0.0,0.0,0.0,0.0,0.0,0.0,0.0,0.0,0.0,0.0,38.0,0.0,0.0,0.0,0.0,0.0,0.0,0.0,0.0,28.0,0.0
1106,2022,0.0,0.0,456.0,0.0,143.0,0.0,0.0,0.0,0.0,0.0,0.0,0.0,0.0,0.0,0.0,0.0,92.0,38.0,54.0,0.0,0.0,0.0,0.0,0.0,0.0,0.0,0.0,0.0
1106,2023,4.0,462.0,456.0,0.0,45.0,0.0,0.0,0.0,0.0,0.0,0.0,0.0,0.0,0.0,0.0,0.0,0.0,0.0,0.0,2.0,0.0,169.0,0.0,393.0,0.0,0.0,0.0,0.0
1106,2024,11.0,0.0,456.0,0.0,165.0,0.0,0.0,0.0,0.0,0.0,0.0,0.0,0.0,0.0,0.0,21.0,0.0,0.0,0.0,2.0,0.0,0.0,0.0,0.0,84.0,188.0,0.0,0.0
1106,2025,17.0,0.0,418.0,0.0,105.0,0.0,0.0,0.0,0.0,0.0,0.0,0.0,0.0,0.0,0.0,8.0,0.0,0.0,0.0,0.0,0.0,0.0,0.0,0.0,70.0,84.0,0.0,0.0
1106,2026,7.0,0.0,228.0,0.0,0.0,0.0,0.0,0.0,0.0,0.0,0.0,0.0,0.0,0.0,0.0,3.0,0.0,0.0,0.0,0.0,0.0,0.0,0.0,0.0,0.0,0.0,0.0,161.0
1107,2019,0.0,0.0,0.0,0.0,0.0,0.0,0.0,0.0,0.0,0.0,0.0,0.0,0.0,0.0,0.0,0.0,0.0,0.0,0.0,0.0,0.0,0.0,0.0,0.0,0.0,0.0,0.0,0.0
1107,2020,0.0,0.0,0.0,0.0,0.0,0.0,0.0,0.0,0.0,0.0,0.0,0.0,0.0,0.0,0.0,0.0,0.0,0.0,0.0,0.0,0.0,0.0,0.0,0.0,0.0,0.0,14.0,0.0
1107,2021,0.0,0.0,226.0,0.0,7.0,0.0,0.0,0.0,0.0,0.0,0.0,0.0,4.0,0.0,0.0,0.0,0.0,28.0,0.0,0.0,0.0,0.0,0.0,0.0,0.0,0.0,18.0,0.0
1107,2022,0.0,0.0,456.0,0.0,61.0,0.0,0.0,0.0,0.0,0.0,0.0,0.0,8.0,0.0,0.0,0.0,120.0,28.0,406.0,10.0,3.0,0.0,0.0,0.0,0.0,0.0,0.0,0.0
1107,2023,7.0,397.0,456.0,0.0,15.0,0.0,0.0,0.0,0.0,0.0,0.0,0.0,8.0,0.0,0.0,0.0,0.0,0.0,0.0,20.0,2.0,0.0,0.0,0.0,0.0,0.0,0.0,0.0
1107,2024,12.0,0.0,456.0,0.0,55.0,0.0,0.0,0.0,0.0,0.0,0.0,0.0,8.0,0.0,7.0,12.0,0.0,0.0,0.0,8.0,0.0,0.0,0.0,0.0,47.0,108.0,0.0,0.0
1107,2025,18.0,0.0,418.0,0.0,35.0,0.0,0.0,0.0,0.0,0.0,0.0,0.0,3.0,0.0,0.0,6.0,0.0,0.0,0.0,0.0,0.0,0.0,0.0,0.0,37.0,49.0,0.0,0.0
1107,2026,4.0,0.0,228.0,0.0,0.0,0.0,0.0,0.0,0.0,0.0,0.0,0.0,0.0,0.0,0.0,3.0,0.0,0.0,0.0,0.0,0.0,0.0,0.0,0.0,0.0,0.0,0.0,187.0
1108,2019,0.0,0.0,0.0,5.0,0.0,0.0,0.0,0.0,0.0,0.0,0.0,0.0,0.0,0.0,0.0,0.0,0.0,0.0,0.0,0.0,0.0,0.0,0.0,0.0,0.0,0.0,0.0,0.0
1108,2020,0.0,0.0,0.0,0.0,0.0,0.0,0.0,0.0,0.0,0.0,0.0,0.0,0.0,0.0,0.0,0.0,0.0,0.0,0.0,0.0,0.0,0.0,0.0,0.0,0.0,0.0,71.0,0.0
1108,2021,0.0,0.0,226.0,0.0,143.0,0.0,0.0,0.0,0.0,0.0,0.0,0.0,8.0,0.0,0.0,0.0,0.0,44.0,0.0,0.0,0.0,0.0,0.0,0.0,0.0,0.0,38.0,0.0
1108,2022,0.0,0.0,456.0,0.0,1287.0,0.0,0.0,0.0,0.0,0.0,316.0,0.0,16.0,0.0,0.0,0.0,206.0,44.0,0.0,0.0,13.0,0.0,0.0,0.0,0.0,0.0,0.0,0.0
1108,2023,16.0,336.0,456.0,0.0,291.0,0.0,0.0,0.0,0.0,0.0,0.0,0.0,19.0,0.0,0.0,0.0,0.0,0.0,0.0,0.0,3.0,216.0,0.0,470.0,0.0,0.0,0.0,0.0
1108,2024,34.0,0.0,456.0,0.0,1067.0,0.0,0.0,0.0,0.0,0.0,726.0,0.0,20.0,0.0,0.0,45.0,0.0,0.0,0.0,2.0,9.0,0.0,0.0,0.0,81.0,212.0,0.0,0.0
1108,2025,29.0,0.0,418.0,0.0,679.0,0.0,0.0,0.0,0.0,0.0,774.0,0.0,5.0,0.0,0.0,25.0,0.0,0.0,0.0,0.0,13.0,0.0,0.0,0.0,57.0,80.0,0.0,0.0
1108,2026,17.0,0.0,228.0,0.0,0.0,0.0,0.0,0.0,0.0,0.0,436.0,0.0,0.0,0.0,0.0,7.0,0.0,0.0,0.0,0.0,0.0,0.0,0.0,0.0,0.0,0.0,0.0,425.0
1109,2019,0.0,0.0,0.0,4.0,0.0,0.0,0.0,0.0,0.0,0.0,0.0,0.0,0.0,0.0,0.0,0.0,0.0,0.0,0.0,0.0,0.0,0.0,0.0,0.0,0.0,0.0,0.0,0.0
1109,2020,0.0,0.0,0.0,0.0,0.0,0.0,0.0,0.0,0.0,0.0,0.0,0.0,0.0,0.0,0.0,0.0,0.0,0.0,0.0,0.0,0.0,0.0,0.0,0.0,0.0,0.0,6.0,0.0
1109,2021,0.0,0.0,226.0,0.0,8.0,0.0,0.0,0.0,0.0,0.0,0.0,0.0,8.0,0.0,0.0,0.0,0.0,40.0,0.0,0.0,0.0,0.0,0.0,0.0,0.0,0.0,9.0,0.0
1109,2022,0.0,0.0,456.0,0.0,70.0,0.0,0.0,0.0,0.0,0.0,0.0,0.0,17.0,0.0,0.0,0.0,344.0,38.0,12.0,0.0,11.0,0.0,0.0,0.0,0.0,0.0,0.0,0.0
1109,2023,18.0,447.0,456.0,0.0,18.0,0.0,0.0,0.0,0.0,0.0,0.0,0.0,20.0,0.0,0.0,0.0,0.0,0.0,0.0,2.0,0.0,182.0,0.0,516.0,0.0,0.0,0.0,0.0
1109,2024,23.0,0.0,456.0,0.0,66.0,0.0,0.0,0.0,0.0,0.0,0.0,0.0,23.0,0.0,8.0,17.0,0.0,0.0,0.0,0.0,2.0,0.0,0.0,0.0,139.0,275.0,0.0,0.0
1109,2025,31.0,0.0,418.0,0.0,42.0,0.0,0.0,0.0,0.0,0.0,0.0,0.0,6.0,0.0,0.0,7.0,0.0,0.0,0.0,0.0,4.0,0.0,0.0,0.0,78.0,131.0,0.0,0.0
1109,2026,15.0,0.0,228.0,0.0,0.0,0.0,0.0,0.0,0.0,0.0,0.0,0.0,0.0,0.0,0.0,1.0,0.0,0.0,0.0,0.0,0.0,0.0,0.0,0.0,0.0,0.0,0.0,265.0
1110,2019,0.0,0.0,0.0,0.0,0.0,0.0,0.0,0.0,0.0,0.0,0.0,0.0,0.0,0.0,0.0,0.0,0.0,0.0,0.0,0.0,0.0,0.0,0.0,0.0,0.0,0.0,0.0,0.0
1110,2020,0.0,0.0,0.0,0.0,0.0,0.0,0.0,0.0,0.0,0.0,0.0,0.0,0.0,0.0,0.0,0.0,0.0,0.0,0.0,0.0,0.0,0.0,0.0,0.0,0.0,0.0,22.0,0.0
1110,2021,0.0,0.0,226.0,0.0,2.0,0.0,0.0,0.0,0.0,0.0,0.0,0.0,4.0,0.0,0.0,0.0,0.0,24.0,0.0,0.0,0.0,0.0,0.0,0.0,0.0,0.0,2.0,0.0
1110,2022,0.0,0.0,456.0,0.0,16.0,0.0,0.0,0.0,0.0,0.0,0.0,82.0,8.0,0.0,0.0,0.0,456.0,24.0,10.0,0.0,1.0,0.0,0.0,0.0,0.0,0.0,0.0,0.0
1110,2023,9.0,314.0,456.0,0.0,0.0,0.0,0.0,0.0,0.0,0.0,0.0,0.0,8.0,0.0,0.0,0.0,0.0,0.0,0.0,0.0,1.0,0.0,0.0,0.0,0.0,0.0,0.0,0.0
1110,2024,34.0,0.0,456.0,0.0,0.0,0.0,0.0,0.0,0.0,0.0,0.0,164.0,5.0,0.0,0.0,17.0,0.0,0.0,0.0,0.0,2.0,0.0,0.0,0.0,86.0,230.0,0.0,0.0
1110,2025,38.0,0.0,418.0,0.0,0.0,0.0,0.0,0.0,0.0,0.0,0.0,180.0,2.0,0.0,0.0,13.0,0.0,0.0,0.0,0.0,3.0,0.0,0.0,0.0,43.0,84.0,0.0,0.0
1110,2026,10.0,0.0,228.0,0.0,0.0,0.0,0.0,0.0,0.0,0.0,0.0,180.0,0.0,0.0,0.0,4.0,0.0,0.0,0.0,0.0,0.0,0.0,0.0,0.0,0.0,0.0,0.0,309.0
1111,2019,0.0,0.0,0.0,8.0,0.0,0.0,0.0,0.0,0.0,0.0,0.0,0.0,0.0,0.0,0.0,0.0,0.0,0.0,0.0,0.0,0.0,0.0,0.0,0.0,0.0,0.0,0.0,0.0
1111,2020,0.0,0.0,0.0,0.0,0.0,0.0,0.0,0.0,0.0,0.0,0.0,0.0,0.0,0.0,0.0,0.0,0.0,0.0,0.0,0.0,0.0,0.0,0.0,0.0,0.0,0.0,60.0,0.0
1111,2021,0.0,0.0,226.0,0.0,51.0,0.0,0.0,0.0,0.0,0.0,0.0,0.0,28.0,0.0,0.0,0.0,0.0,26.0,0.0,0.0,0.0,0.0,0.0,0.0,0.0,0.0,33.0,0.0
1111,2022,0.0,0.0,456.0,0.0,459.0,0.0,0.0,0.0,0.0,0.0,0.0,0.0,57.0,0.0,0.0,0.0,52.0,26.0,290.0,0.0,3.0,0.0,0.0,0.0,0.0,0.0,0.0,0.0
1111,2023,15.0,429.0,456.0,0.0,126.0,0.0,0.0,0.0,0.0,0.0,0.0,0.0,66.0,0.0,7.0,0.0,0.0,0.0,0.0,2.0,1.0,218.0,0.0,570.0,0.0,0.0,0.0,0.0
1111,2024,53.0,0.0,456.0,0.0,462.0,0.0,0.0,0.0,0.0,0.0,0.0,0.0,79.0,0.0,82.0,121.0,0.0,0.0,0.0,8.0,5.0,0.0,0.0,0.0,204.0,416.0,0.0,0.0
1111,2025,49.0,0.0,418.0,0.0,294.0,0.0,0.0,0.0,0.0,0.0,0.0,0.0,27.0,0.0,0.0,109.0,0.0,0.0,0.0,0.0,1.0,0.0,0.0,0.0,123.0,153.0,0.0,0.0
1111,2026,35.0,0.0,228.0,0.0,0.0,0.0,0.0,0.0,0.0,0.0,0.0,0.0,0.0,0.0,0.0,68.0,0.0,0.0,0.0,0.0,0.0,0.0,0.0,0.0,0.0,0.0,0.0,311.0
1112,2019,0.0,0.0,0.0,0.0,0.0,0.0,0.0,0.0,0.0,0.0,0.0,0.0,0.0,0.0,0.0,0.0,0.0,0.0,0.0,0.0,0.0,0.0,0.0,0.0,0.0,0.0,0.0,0.0
1112,2020,0.0,0.0,0.0,0.0,0.0,0.0,0.0,0.0,0.0,0.0,0.0,0.0,0.0,0.0,0.0,0.0,0.0,0.0,0.0,0.0,0.0,0.0,0.0,0.0,0.0,0.0,3.0,0.0
1112,2021,0.0,0.0,226.0,0.0,3.0,0.0,0.0,0.0,0.0,0.0,0.0,0.0,2.0,0.0,0.0,0.0,0.0,14.0,0.0,0.0,0.0,0.0,0.0,0.0,0.0,0.0,1.0,0.0
1112,2022,0.0,0.0,456.0,0.0,27.0,0.0,0.0,0.0,0.0,0.0,0.0,0.0,4.0,0.0,0.0,0.0,106.0,12.0,0.0,0.0,0.0,0.0,0.0,0.0,0.0,0.0,0.0,0.0
1112,2023,2.0,153.0,456.0,0.0,6.0,0.0,0.0,0.0,0.0,0.0,0.0,0.0,4.0,0.0,0.0,0.0,0.0,0.0,0.0,0.0,0.0,0.0,0.0,0.0,0.0,0.0,0.0,0.0
1112,2024,5.0,0.0,456.0,0.0,22.0,0.0,0.0,0.0,0.0,0.0,0.0,0.0,4.0,0.0,8.0,13.0,0.0,0.0,0.0,0.0,0.0,0.0,0.0,0.0,36.0,64.0,0.0,0.0
1112,2025,6.0,0.0,418.0,0.0,14.0,0.0,0.0,0.0,0.0,0.0,0.0,0.0,1.0,0.0,0.0,6.0,0.0,0.0,0.0,0.0,0.0,0.0,0.0,0.0,35.0,28.0,0.0,0.0
1112,2026,3.0,0.0,228.0,0.0,0.0,0.0,0.0,0.0,0.0,0.0,0.0,0.0,0.0,0.0,0.0,9.0,0.0,0.0,0.0,0.0,0.0,0.0,0.0,0.0,0.0,0.0,0.0,42.0
1113,2019,0.0,0.0,0.0,5.0,0.0,0.0,0.0,0.0,0.0,0.0,0.0,0.0,0.0,0.0,0.0,0.0,0.0,0.0,0.0,0.0,0.0,0.0,0.0,0.0,0.0,0.0,0.0,0.0
1113,2020,0.0,0.0,0.0,0.0,0.0,0.0,0.0,0.0,0.0,0.0,0.0,0.0,0.0,0.0,0.0,0.0,0.0,0.0,0.0,0.0,0.0,0.0,0.0,0.0,0.0,0.0,3.0,0.0
1113,2021,0.0,0.0,226.0,0.0,188.0,0.0,0.0,0.0,0.0,0.0,0.0,0.0,0.0,0.0,0.0,0.0,0.0,132.0,0.0,0.0,0.0,0.0,0.0,0.0,0.0,0.0,0.0,0.0
1113,2022,0.0,0.0,456.0,0.0,1692.0,0.0,0.0,0.0,0.0,0.0,0.0,0.0,0.0,0.0,0.0,0.0,816.0,136.0,0.0,0.0,8.0,0.0,0.0,0.0,0.0,0.0,0.0,0.0
1113,2023,4.0,275.0,456.0,0.0,348.0,0.0,0.0,0.0,0.0,0.0,0.0,0.0,0.0,0.0,0.0,0.0,0.0,0.0,0.0,0.0,1.0,137.0,0.0,426.0,0.0,0.0,0.0,0.0
1113,2024,21.0,0.0,456.0,0.0,1276.0,0.0,0.0,0.0,0.0,0.0,0.0,0.0,0.0,0.0,0.0,8.0,0.0,0.0,0.0,0.0,1.0,0.0,0.0,0.0,80.0,177.0,0.0,0.0
1113,2025,19.0,0.0,418.0,0.0,812.0,0.0,0.0,0.0,0.0,0.0,0.0,0.0,0.0,0.0,0.0,3.0,0.0,0.0,0.0,0.0,1.0,0.0,0.0,0.0,47.0,67.0,0.0,0.0
1113,2026,7.0,0.0,228.0,0.0,0.0,0.0,0.0,0.0,0.0,0.0,0.0,0.0,0.0,0.0,0.0,2.0,0.0,0.0,0.0,0.0,0.0,0.0,0.0,0.0,0.0,0.0,0.0,233.0
1114,2019,0.0,0.0,0.0,1.0,0.0,0.0,0.0,0.0,0.0,0.0,0.0,0.0,0.0,0.0,0.0,0.0,0.0,0.0,0.0,0.0,0.0,0.0,0.0,0.0,0.0,0.0,0.0,0.0
1114,2020,0.0,0.0,0.0,0.0,0.0,0.0,0.0,0.0,0.0,0.0,0.0,0.0,0.0,0.0,0.0,0.0,0.0,0.0,0.0,0.0,0.0,0.0,0.0,0.0,0.0,0.0,2.0,0.0
1114,2021,0.0,0.0,226.0,0.0,10.0,0.0,0.0,0.0,0.0,0.0,0.0,0.0,0.0,0.0,0.0,0.0,0.0,0.0,0.0,0.0,0.0,0.0,0.0,0.0,0.0,0.0,0.0,0.0
1114,2022,0.0,0.0,456.0,0.0,89.0,0.0,0.0,0.0,0.0,0.0,0.0,0.0,0.0,0.0,0.0,0.0,432.0,0.0,0.0,0.0,0.0,0.0,0.0,0.0,0.0,0.0,0.0,0.0
1114,2023,10.0,164.0,456.0,0.0,27.0,0.0,0.0,0.0,0.0,0.0,0.0,0.0,0.0,0.0,0.0,0.0,0.0,0.0,0.0,0.0,0.0,0.0,0.0,0.0,0.0,0.0,0.0,0.0
1114,2024,11.0,0.0,456.0,0.0,99.0,0.0,0.0,0.0,0.0,0.0,0.0,0.0,0.0,0.0,0.0,14.0,0.0,0.0,0.0,0.0,0.0,0.0,0.0,0.0,65.0,160.0,0.0,0.0
1114,2025,11.0,0.0,418.0,0.0,63.0,0.0,0.0,0.0,0.0,0.0,0.0,0.0,0.0,0.0,0.0,6.0,0.0,0.0,0.0,0.0,0.0,0.0,0.0,0.0,47.0,54.0,0.0,0.0
1114,2026,6.0,0.0,228.0,0.0,0.0,0.0,0.0,0.0,0.0,0.0,0.0,0.0,0.0,0.0,0.0,0.0,0.0,0.0,0.0,0.0,0.0,0.0,0.0,0.0,0.0,0.0,0.0,168.0
1115,2019,0.0,0.0,0.0,0.0,0.0,0.0,0.0,0.0,0.0,0.0,0.0,0.0,0.0,0.0,0.0,0.0,0.0,0.0,0.0,0.0,0.0,0.0,0.0,0.0,0.0,0.0,0.0,0.0
1115,2020,0.0,0.0,0.0,0.0,0.0,0.0,0.0,0.0,0.0,0.0,0.0,0.0,0.0,0.0,0.0,0.0,0.0,0.0,0.0,0.0,0.0,0.0,0.0,0.0,0.0,0.0,26.0,0.0
1115,2021,0.0,0.0,226.0,0.0,4.0,0.0,0.0,0.0,0.0,0.0,0.0,0.0,0.0,0.0,0.0,0.0,0.0,8.0,0.0,0.0,0.0,0.0,0.0,0.0,0.0,0.0,23.0,0.0
1115,2022,0.0,0.0,456.0,0.0,36.0,0.0,0.0,0.0,0.0,0.0,0.0,0.0,0.0,0.0,0.0,0.0,6.0,8.0,16.0,0.0,0.0,0.0,0.0,0.0,0.0,0.0,0.0,0.0
1115,2023,0.0,135.0,456.0,0.0,12.0,0.0,0.0,0.0,0.0,0.0,0.0,0.0,0.0,0.0,0.0,0.0,0.0,0.0,0.0,6.0,0.0,0.0,0.0,0.0,0.0,0.0,0.0,0.0
1115,2024,1.0,0.0,456.0,0.0,44.0,0.0,0.0,0.0,0.0,0.0,0.0,0.0,0.0,0.0,0.0,7.0,0.0,0.0,0.0,4.0,0.0,0.0,0.0,0.0,10.0,30.0,0.0,0.0
1115,2025,4.0,0.0,418.0,0.0,28.0,0.0,0.0,0.0,0.0,0.0,0.0,0.0,1.0,0.0,0.0,1.0,0.0,0.0,0.0,0.0,0.0,0.0,0.0,0.0,13.0,10.0,0.0,0.0
1115,2026,1.0,0.0,228.0,0.0,0.0,0.0,0.0,0.0,0.0,0.0,0.0,0.0,0.0,0.0,0.0,0.0,0.0,0.0,0.0,0.0,0.0,0.0,0.0,0.0,0.0,0.0,0.0,171.0
1116,2019,0.0,0.0,0.0,0.0,0.0,0.0,0.0,0.0,0.0,0.0,0.0,0.0,0.0,0.0,0.0,0.0,0.0,0.0,0.0,0.0,0.0,0.0,0.0,0.0,0.0,0.0,0.0,0.0
1116,2020,0.0,0.0,0.0,0.0,0.0,0.0,0.0,0.0,0.0,0.0,0.0,0.0,0.0,0.0,0.0,0.0,0.0,0.0,0.0,0.0,0.0,0.0,0.0,0.0,0.0,0.0,18.0,0.0
1116,2021,0.0,0.0,452.0,0.0,10.0,0.0,0.0,0.0,0.0,0.0,0.0,0.0,0.0,0.0,0.0,0.0,0.0,0.0,0.0,0.0,0.0,0.0,0.0,0.0,0.0,0.0,6.0,0.0
1116,2022,0.0,0.0,912.0,0.0,81.0,0.0,0.0,4.0,0.0,0.0,0.0,0.0,0.0,0.0,0.0,0.0,101.0,0.0,61.0,6.0,2.0,0.0,0.0,0.0,0.0,0.0,0.0,0.0
1116,2023,2.0,245.0,912.0,0.0,27.0,0.0,0.0,0.0,0.0,0.0,0.0,0.0,0.0,0.0,25.0,0.0,0.0,0.0,0.0,3.0,6.0,0.0,0.0,0.0,0.0,0.0,0.0,0.0
1116,2024,8.0,0.0,912.0,0.0,99.0,0.0,0.0,8.0,0.0,0.0,0.0,0.0,5.0,0.0,12.0,4.0,0.0,0.0,0.0,7.0,5.0,0.0,0.0,0.0,115.0,193.0,0.0,0.0
1116,2025,4.0,0.0,836.0,0.0,63.0,0.0,0.0,8.0,0.0,0.0,0.0,0.0,4.0,0.0,0.0,4.0,0.0,0.0,0.0,0.0,1.0,0.0,0.0,0.0,88.0,107.0,0.0,0.0
1116,2026,1.0,0.0,456.0,0.0,0.0,0.0,0.0,4.0,0.0,0.0,0.0,0.0,0.0,0.0,0.0,1.0,0.0,0.0,0.0,0.0,0.0,0.0,0.0,0.0,0.0,0.0,0.0,93.0
1201,2019,0.0,0.0,0.0,397.0,0.0,0.0,0.0,0.0,0.0,0.0,0.0,0.0,0.0,0.0,0.0,0.0,0.0,0.0,0.0,0.0,0.0,0.0,0.0,0.0,0.0,0.0,0.0,0.0
1201,2020,0.0,0.0,0.0,0.0,0.0,0.0,0.0,0.0,0.0,0.0,0.0,0.0,0.0,0.0,0.0,0.0,0.0,0.0,0.0,0.0,0.0,0.0,0.0,0.0,0.0,0.0,216.0,0.0
1201,2021,0.0,0.0,226.0,0.0,9.0,0.0,0.0,0.0,0.0,0.0,0.0,0.0,212.0,0.0,0.0,0.0,0.0,2.0,0.0,0.0,0.0,0.0,0.0,0.0,0.0,0.0,190.0,0.0
1201,2022,0.0,0.0,456.0,0.0,81.0,1708.0,0.0,70.0,578.0,0.0,512.0,0.0,437.0,0.0,136.0,0.0,602.0,2.0,1260.0,100.0,72.0,0.0,0.0,0.0,0.0,0.0,0.0,0.0
1201,2023,118.0,1205.0,456.0,0.0,27.0,0.0,0.0,0.0,0.0,0.0,0.0,0.0,444.0,0.0,147.0,0.0,0.0,0.0,0.0,176.0,43.0,239.0,499.0,1069.0,0.0,0.0,0.0,0.0
1201,2024,216.0,0.0,456.0,0.0,99.0,0.0,0.0,140.0,1312.0,0.0,1164.0,0.0,460.0,190.0,70.0,56.0,0.0,0.0,0.0,92.0,102.0,0.0,0.0,0.0,1152.0,1991.0,0.0,0.0
1201,2025,181.0,0.0,418.0,0.0,63.0,0.0,0.0,160.0,1404.0,0.0,1250.0,0.0,119.0,44.0,0.0,40.0,0.0,0.0,0.0,0.0,106.0,0.0,0.0,0.0,760.0,1132.0,0.0,0.0
1201,2026,99.0,0.0,228.0,0.0,0.0,0.0,0.0,80.0,1500.0,0.0,644.0,0.0,0.0,0.0,0.0,12.0,0.0,0.0,0.0,0.0,0.0,0.0,0.0,0.0,0.0,0.0,0.0,7238.0
1202,2019,0.0,0.0,0.0,29.0,0.0,0.0,0.0,0.0,0.0,0.0,0.0,0.0,0.0,0.0,0.0,0.0,0.0,0.0,0.0,0.0,0.0,0.0,0.0,0.0,0.0,0.0,0.0,0.0
1202,2020,0.0,0.0,0.0,0.0,0.0,0.0,0.0,0.0,0.0,0.0,0.0,0.0,0.0,0.0,0.0,0.0,0.0,0.0,0.0,0.0,0.0,0.0,0.0,0.0,0.0,0.0,27.0,0.0
1202,2021,0.0,0.0,226.0,0.0,6.0,0.0,0.0,0.0,0.0,0.0,0.0,0.0,18.0,0.0,0.0,0.0,0.0,0.0,0.0,0.0,0.0,0.0,0.0,0.0,0.0,0.0,12.0,0.0
1202,2022,0.0,0.0,456.0,0.0,54.0,0.0,0.0,0.0,56.0,0.0,228.0,0.0,36.0,0.0,0.0,0.0,508.0,0.0,48.0,4.0,3.0,0.0,0.0,0.0,0.0,0.0,0.0,0.0
1202,2023,12.0,353.0,456.0,0.0,15.0,0.0,0.0,0.0,0.0,0.0,0.0,0.0,36.0,0.0,42.0,0.0,0.0,0.0,0.0,0.0,6.0,181.0,0.0,534.0,0.0,0.0,0.0,0.0
1202,2024,20.0,0.0,456.0,0.0,55.0,0.0,0.0,0.0,112.0,0.0,524.0,0.0,36.0,0.0,0.0,2.0,0.0,0.0,0.0,14.0,2.0,0.0,0.0,0.0,506.0,737.0,0.0,0.0
1202,2025,21.0,0.0,418.0,0.0,35.0,0.0,0.0,0.0,112.0,0.0,554.0,0.0,9.0,0.0,0.0,5.0,0.0,0.0,0.0,0.0,2.0,0.0,0.0,0.0,295.0,377.0,0.0,0.0
1202,2026,4.0,0.0,228.0,0.0,0.0,0.0,0.0,0.0,112.0,0.0,288.0,0.0,0.0,0.0,0.0,2.0,0.0,0.0,0.0,0.0,0.0,0.0,0.0,0.0,0.0,0.0,0.0,643.0
1203,2019,0.0,0.0,0.0,39.0,0.0,0.0,0.0,0.0,0.0,0.0,0.0,0.0,0.0,0.0,0.0,0.0,0.0,0.0,0.0,0.0,0.0,0.0,0.0,0.0,0.0,0.0,0.0,0.0
1203,2020,0.0,0.0,0.0,0.0,0.0,0.0,0.0,0.0,0.0,0.0,0.0,0.0,0.0,0.0,0.0,0.0,0.0,0.0,0.0,0.0,0.0,0.0,0.0,0.0,0.0,0.0,7.0,0.0
1203,2021,0.0,0.0,226.0,0.0,2.0,0.0,0.0,0.0,0.0,0.0,0.0,0.0,14.0,0.0,0.0,0.0,0.0,0.0,0.0,0.0,0.0,0.0,0.0,0.0,0.0,0.0,2.0,0.0
1203,2022,0.0,0.0,456.0,0.0,18.0,0.0,0.0,60.0,892.0,0.0,354.0,0.0,29.0,0.0,0.0,0.0,174.0,0.0,238.0,24.0,23.0,0.0,0.0,0.0,0.0,0.0,0.0,0.0
1203,2023,9.0,205.0,456.0,0.0,6.0,0.0,0.0,0.0,0.0,0.0,0.0,0.0,32.0,0.0,24.0,0.0,0.0,0.0,0.0,16.0,1.0,82.0,0.0,252.0,0.0,0.0,0.0,0.0
1203,2024,26.0,0.0,456.0,0.0,22.0,0.0,0.0,120.0,1948.0,0.0,822.0,0.0,33.0,0.0,0.0,7.0,0.0,0.0,0.0,26.0,2.0,0.0,0.0,0.0,215.0,349.0,0.0,0.0
1203,2025,27.0,0.0,418.0,0.0,14.0,0.0,0.0,120.0,2016.0,0.0,836.0,0.0,11.0,0.0,0.0,2.0,0.0,0.0,0.0,0.0,5.0,0.0,0.0,0.0,93.0,194.0,0.0,0.0
1203,2026,18.0,0.0,228.0,0.0,0.0,0.0,0.0,60.0,2072.0,0.0,422.0,0.0,0.0,0.0,0.0,0.0,0.0,0.0,0.0,0.0,0.0,0.0,0.0,0.0,0.0,0.0,0.0,804.0
1204,2019,0.0,0.0,0.0,71.0,0.0,0.0,0.0,0.0,0.0,0.0,0.0,0.0,0.0,0.0,0.0,0.0,0.0,0.0,0.0,0.0,0.0,0.0,0.0,0.0,0.0,0.0,0.0,0.0
1204,2020,0.0,0.0,0.0,0.0,0.0,0.0,0.0,0.0,0.0,0.0,0.0,0.0,0.0,0.0,0.0,0.0,0.0,0.0,0.0,0.0,0.0,0.0,0.0,0.0,0.0,0.0,0.0,0.0
1204,2021,0.0,0.0,226.0,0.0,3.0,0.0,0.0,0.0,0.0,0.0,0.0,0.0,6.0,0.0,0.0,0.0,0.0,0.0,0.0,0.0,0.0,0.0,0.0,0.0,0.0,0.0,0.0,0.0
1204,2022,0.0,0.0,456.0,0.0,27.0,0.0,0.0,228.0,0.0,0.0,42.0,0.0,12.0,0.0,0.0,0.0,552.0,0.0,230.0,26.0,7.0,0.0,0.0,0.0,0.0,0.0,0.0,0.0
1204,2023,7.0,387.0,456.0,0.0,9.0,0.0,0.0,0.0,0.0,0.0,0.0,0.0,12.0,0.0,0.0,0.0,0.0,0.0,0.0,12.0,3.0,0.0,0.0,0.0,0.0,0.0,0.0,0.0
1204,2024,18.0,0.0,456.0,0.0,33.0,0.0,0.0,552.0,0.0,0.0,84.0,0.0,12.0,0.0,3.0,0.0,0.0,0.0,0.0,16.0,11.0,0.0,0.0,0.0,442.0,685.0,0.0,0.0
1204,2025,15.0,0.0,418.0,0.0,21.0,0.0,0.0,642.0,0.0,0.0,84.0,0.0,3.0,0.0,0.0,0.0,0.0,0.0,0.0,0.0,14.0,0.0,0.0,0.0,254.0,423.0,0.0,0.0
1204,2026,6.0,0.0,228.0,0.0,0.0,0.0,0.0,334.0,0.0,0.0,42.0,0.0,0.0,0.0,0.0,0.0,0.0,0.0,0.0,0.0,0.0,0.0,0.0,0.0,0.0,0.0,0.0,883.0
1205,2019,0.0,0.0,0.0,168.0,0.0,0.0,0.0,0.0,0.0,0.0,0.0,0.0,0.0,0.0,0.0,0.0,0.0,0.0,0.0,0.0,0.0,0.0,0.0,0.0,0.0,0.0,0.0,0.0
1205,2020,0.0,0.0,0.0,0.0,0.0,0.0,0.0,0.0,0.0,0.0,0.0,0.0,0.0,0.0,0.0,0.0,0.0,0.0,0.0,0.0,0.0,0.0,0.0,0.0,0.0,0.0,315.0,0.0
1205,2021,0.0,0.0,226.0,0.0,25.0,0.0,0.0,0.0,0.0,0.0,0.0,0.0,121.0,0.0,0.0,0.0,0.0,0.0,0.0,0.0,0.0,0.0,0.0,0.0,0.0,0.0,137.0,0.0
1205,2022,0.0,0.0,456.0,0.0,225.0,0.0,546.0,70.0,1194.0,0.0,0.0,0.0,251.0,0.0,0.0,0.0,136.0,0.0,2210.0,464.0,97.0,0.0,0.0,0.0,0.0,0.0,0.0,0.0
1205,2023,109.0,1435.0,456.0,0.0,72.0,0.0,0.0,0.0,0.0,0.0,0.0,0.0,259.0,0.0,0.0,0.0,0.0,0.0,0.0,250.0,47.0,343.0,403.0,1925.0,0.0,0.0,0.0,0.0
1205,2024,221.0,0.0,456.0,0.0,264.0,0.0,1256.0,196.0,2692.0,0.0,0.0,0.0,307.0,0.0,1.0,157.0,0.0,0.0,0.0,482.0,54.0,0.0,0.0,0.0,1180.0,2367.0,0.0,0.0
1205,2025,203.0,0.0,418.0,0.0,168.0,0.0,1356.0,248.0,2796.0,0.0,0.0,0.0,80.0,0.0,0.0,138.0,0.0,0.0,0.0,0.0,43.0,0.0,0.0,0.0,842.0,1356.0,0.0,0.0
1205,2026,76.0,0.0,228.0,0.0,0.0,0.0,712.0,126.0,2872.0,0.0,0.0,0.0,0.0,0.0,0.0,50.0,0.0,0.0,0.0,0.0,0.0,0.0,0.0,0.0,0.0,0.0,0.0,5711.0
1206,2019,0.0,0.0,0.0,0.0,0.0,0.0,0.0,0.0,0.0,0.0,0.0,0.0,0.0,0.0,0.0,0.0,0.0,0.0,0.0,0.0,0.0,0.0,0.0,0.0,0.0,0.0,0.0,0.0
1206,2020,0.0,0.0,0.0,0.0,0.0,0.0,0.0,0.0,0.0,0.0,0.0,0.0,0.0,0.0,0.0,0.0,0.0,0.0,0.0,0.0,0.0,0.0,0.0,0.0,0.0,0.0,9.0,0.0
1206,2021,0.0,0.0,226.0,0.0,21.0,0.0,0.0,0.0,0.0,0.0,0.0,0.0,14.0,0.0,0.0,0.0,0.0,0.0,0.0,0.0,0.0,0.0,0.0,0.0,0.0,0.0,13.0,0.0
1206,2022,0.0,0.0,456.0,0.0,138.0,0.0,0.0,12.0,0.0,0.0,582.0,0.0,32.0,0.0,0.0,0.0,352.0,0.0,614.0,22.0,7.0,0.0,0.0,0.0,0.0,0.0,0.0,0.0
1206,2023,12.0,287.0,456.0,0.0,51.0,0.0,0.0,0.0,0.0,0.0,0.0,0.0,32.0,0.0,0.0,0.0,0.0,0.0,0.0,10.0,1.0,149.0,0.0,489.0,0.0,0.0,0.0,0.0
1206,2024,23.0,0.0,456.0,0.0,187.0,0.0,0.0,140.0,0.0,0.0,1312.0,0.0,32.0,0.0,0.0,7.0,0.0,0.0,0.0,22.0,7.0,0.0,0.0,0.0,352.0,547.0,0.0,0.0
1206,2025,22.0,0.0,418.0,0.0,119.0,0.0,0.0,210.0,0.0,0.0,1386.0,0.0,8.0,0.0,0.0,5.0,0.0,0.0,0.0,0.0,1.0,0.0,0.0,0.0,206.0,332.0,0.0,0.0
1206,2026,4.0,0.0,228.0,0.0,0.0,0.0,0.0,130.0,0.0,0.0,720.0,0.0,0.0,0.0,0.0,2.0,0.0,0.0,0.0,0.0,0.0,0.0,0.0,0.0,0.0,0.0,0.0,518.0
1207,2019,0.0,0.0,0.0,82.0,0.0,0.0,0.0,0.0,0.0,0.0,0.0,0.0,0.0,0.0,0.0,0.0,0.0,0.0,0.0,0.0,0.0,0.0,0.0,0.0,0.0,0.0,0.0,0.0
1207,2020,0.0,0.0,0.0,0.0,0.0,0.0,0.0,0.0,0.0,0.0,0.0,0.0,0.0,0.0,0.0,0.0,0.0,0.0,0.0,0.0,0.0,0.0,0.0,0.0,0.0,0.0,5.0,0.0
1207,2021,0.0,0.0,226.0,0.0,4.0,0.0,0.0,0.0,0.0,0.0,0.0,0.0,10.0,0.0,0.0,0.0,0.0,0.0,0.0,0.0,0.0,0.0,0.0,0.0,0.0,0.0,0.0,0.0
1207,2022,0.0,0.0,456.0,0.0,36.0,0.0,0.0,400.0,870.0,0.0,12.0,0.0,22.0,0.0,0.0,0.0,672.0,0.0,732.0,62.0,18.0,0.0,0.0,0.0,0.0,0.0,0.0,0.0
1207,2023,36.0,409.0,456.0,0.0,12.0,0.0,0.0,0.0,0.0,0.0,0.0,0.0,26.0,0.0,0.0,0.0,0.0,0.0,0.0,58.0,7.0,206.0,0.0,622.0,0.0,0.0,0.0,0.0
1207,2024,70.0,0.0,456.0,0.0,44.0,0.0,0.0,916.0,1888.0,0.0,24.0,0.0,28.0,0.0,0.0,32.0,0.0,0.0,0.0,40.0,12.0,0.0,0.0,0.0,582.0,1072.0,0.0,0.0
1207,2025,59.0,0.0,418.0,0.0,28.0,0.0,0.0,998.0,1984.0,0.0,40.0,0.0,7.0,0.0,0.0,22.0,0.0,0.0,0.0,0.0,35.0,0.0,0.0,0.0,392.0,648.0,0.0,0.0
1207,2026,31.0,0.0,228.0,0.0,0.0,0.0,0.0,532.0,2092.0,0.0,32.0,0.0,0.0,0.0,0.0,8.0,0.0,0.0,0.0,0.0,0.0,0.0,0.0,0.0,0.0,0.0,0.0,1992.0
1208,2019,0.0,0.0,0.0,51.0,0.0,0.0,0.0,0.0,0.0,0.0,0.0,0.0,0.0,0.0,0.0,0.0,0.0,0.0,0.0,0.0,0.0,0.0,0.0,0.0,0.0,0.0,0.0,0.0
1208,2020,0.0,0.0,0.0,0.0,0.0,0.0,0.0,0.0,0.0,0.0,0.0,0.0,0.0,0.0,0.0,0.0,0.0,0.0,0.0,0.0,0.0,0.0,0.0,0.0,0.0,0.0,14.0,0.0
1208,2021,0.0,0.0,226.0,0.0,8.0,0.0,0.0,0.0,0.0,0.0,0.0,0.0,26.0,0.0,0.0,0.0,0.0,0.0,0.0,0.0,0.0,0.0,0.0,0.0,0.0,0.0,6.0,0.0
1208,2022,0.0,0.0,456.0,0.0,72.0,0.0,0.0,316.0,0.0,0.0,442.0,0.0,50.0,0.0,0.0,0.0,1282.0,0.0,158.0,6.0,14.0,0.0,0.0,0.0,0.0,0.0,0.0,0.0
1208,2023,22.0,355.0,456.0,0.0,24.0,0.0,0.0,0.0,0.0,0.0,0.0,0.0,52.0,0.0,22.0,0.0,0.0,0.0,0.0,10.0,11.0,210.0,0.0,528.0,0.0,0.0,0.0,0.0
1208,2024,45.0,0.0,456.0,0.0,88.0,0.0,0.0,676.0,0.0,0.0,960.0,0.0,52.0,0.0,0.0,10.0,0.0,0.0,0.0,8.0,10.0,0.0,0.0,0.0,729.0,1172.0,0.0,0.0
1208,2025,42.0,0.0,418.0,0.0,56.0,0.0,0.0,744.0,0.0,0.0,992.0,0.0,13.0,0.0,0.0,9.0,0.0,0.0,0.0,0.0,13.0,0.0,0.0,0.0,452.0,665.0,0.0,0.0
1208,2026,22.0,0.0,228.0,0.0,0.0,0.0,0.0,406.0,0.0,0.0,508.0,0.0,0.0,0.0,0.0,0.0,0.0,0.0,0.0,0.0,0.0,0.0,0.0,0.0,0.0,0.0,0.0,1321.0
1209,2019,0.0,0.0,0.0,0.0,0.0,0.0,0.0,0.0,0.0,0.0,0.0,0.0,0.0,0.0,0.0,0.0,0.0,0.0,0.0,0.0,0.0,0.0,0.0,0.0,0.0,0.0,0.0,0.0
1209,2020,0.0,0.0,0.0,0.0,0.0,0.0,0.0,0.0,0.0,0.0,0.0,0.0,0.0,0.0,0.0,0.0,0.0,0.0,0.0,0.0,0.0,0.0,0.0,0.0,0.0,0.0,1.0,0.0
1209,2021,0.0,0.0,226.0,0.0,3.0,0.0,0.0,0.0,0.0,0.0,0.0,0.0,4.0,0.0,0.0,0.0,0.0,2.0,0.0,0.0,0.0,0.0,0.0,0.0,0.0,0.0,3.0,0.0
1209,2022,0.0,0.0,456.0,0.0,27.0,0.0,0.0,292.0,20.0,0.0,0.0,0.0,8.0,0.0,0.0,0.0,1578.0,2.0,10.0,0.0,0.0,0.0,0.0,0.0,0.0,0.0,0.0,0.0
1209,2023,6.0,154.0,456.0,0.0,9.0,0.0,0.0,0.0,0.0,0.0,0.0,0.0,8.0,0.0,0.0,0.0,0.0,0.0,0.0,4.0,2.0,51.0,0.0,200.0,0.0,0.0,0.0,0.0
1209,2024,4.0,0.0,456.0,0.0,33.0,0.0,0.0,644.0,44.0,0.0,0.0,0.0,8.0,0.0,0.0,0.0,0.0,0.0,0.0,8.0,2.0,0.0,0.0,0.0,239.0,442.0,0.0,0.0
1209,2025,2.0,0.0,418.0,0.0,21.0,0.0,0.0,676.0,48.0,0.0,0.0,0.0,2.0,0.0,0.0,4.0,0.0,0.0,0.0,0.0,6.0,0.0,0.0,0.0,146.0,223.0,0.0,0.0
1209,2026,4.0,0.0,228.0,0.0,0.0,0.0,0.0,370.0,48.0,0.0,0.0,0.0,0.0,0.0,0.0,0.0,0.0,0.0,0.0,0.0,0.0,0.0,0.0,0.0,0.0,0.0,0.0,131.0
1210,2019,0.0,0.0,0.0,115.0,0.0,0.0,0.0,0.0,0.0,0.0,0.0,0.0,0.0,0.0,0.0,0.0,0.0,0.0,0.0,0.0,0.0,0.0,0.0,0.0,0.0,0.0,0.0,0.0
1210,2020,0.0,0.0,0.0,0.0,0.0,0.0,0.0,0.0,0.0,0.0,0.0,0.0,0.0,0.0,0.0,0.0,0.0,0.0,0.0,0.0,0.0,0.0,0.0,0.0,0.0,0.0,64.0,0.0
1210,2021,0.0,0.0,226.0,0.0,1.0,0.0,0.0,0.0,0.0,0.0,0.0,0.0,18.0,0.0,0.0,0.0,0.0,4.0,0.0,0.0,0.0,0.0,0.0,0.0,0.0,0.0,95.0,0.0
1210,2022,0.0,0.0,456.0,0.0,9.0,0.0,318.0,254.0,1534.0,0.0,0.0,0.0,36.0,0.0,0.0,0.0,48.0,4.0,552.0,170.0,29.0,0.0,0.0,0.0,0.0,0.0,0.0,0.0
1210,2023,37.0,370.0,456.0,0.0,3.0,0.0,0.0,0.0,0.0,0.0,0.0,0.0,36.0,0.0,0.0,0.0,0.0,0.0,0.0,182.0,4.0,215.0,0.0,610.0,0.0,0.0,0.0,0.0
1210,2024,57.0,0.0,456.0,0.0,11.0,0.0,636.0,560.0,3268.0,0.0,0.0,0.0,43.0,0.0,0.0,32.0,0.0,0.0,0.0,188.0,8.0,0.0,0.0,0.0,713.0,1198.0,0.0,0.0
1210,2025,49.0,0.0,418.0,0.0,7.0,0.0,708.0,640.0,3354.0,0.0,0.0,0.0,13.0,0.0,0.0,29.0,0.0,0.0,0.0,0.0,11.0,0.0,0.0,0.0,443.0,711.0,0.0,0.0
1210,2026,22.0,0.0,228.0,0.0,0.0,0.0,386.0,354.0,3432.0,0.0,0.0,0.0,0.0,0.0,0.0,14.0,0.0,0.0,0.0,0.0,0.0,0.0,0.0,0.0,0.0,0.0,0.0,1997.0
1211,2019,0.0,0.0,0.0,16.0,0.0,0.0,0.0,0.0,0.0,0.0,0.0,0.0,0.0,0.0,0.0,0.0,0.0,0.0,0.0,0.0,0.0,0.0,0.0,0.0,0.0,0.0,0.0,0.0
1211,2020,0.0,0.0,0.0,0.0,0.0,0.0,0.0,0.0,0.0,0.0,0.0,0.0,0.0,0.0,0.0,0.0,0.0,0.0,0.0,0.0,0.0,0.0,0.0,0.0,0.0,0.0,4.0,0.0
1211,2021,0.0,0.0,226.0,0.0,1.0,0.0,0.0,0.0,0.0,0.0,0.0,0.0,4.0,0.0,0.0,0.0,0.0,8.0,0.0,0.0,0.0,0.0,0.0,0.0,0.0,0.0,0.0,0.0
1211,2022,0.0,0.0,456.0,0.0,0.0,0.0,0.0,14.0,796.0,0.0,0.0,0.0,4.0,0.0,0.0,0.0,64.0,8.0,772.0,242.0,13.0,0.0,0.0,0.0,0.0,0.0,0.0,0.0
1211,2023,13.0,217.0,456.0,0.0,0.0,0.0,0.0,0.0,0.0,0.0,0.0,0.0,4.0,0.0,0.0,0.0,0.0,0.0,0.0,192.0,6.0,211.0,0.0,547.0,0.0,0.0,0.0,0.0
1211,2024,36.0,0.0,456.0,0.0,0.0,0.0,0.0,28.0,1696.0,0.0,0.0,0.0,8.0,0.0,0.0,10.0,0.0,0.0,0.0,262.0,1.0,0.0,0.0,0.0,455.0,759.0,0.0,0.0
1211,2025,27.0,0.0,418.0,0.0,0.0,0.0,0.0,28.0,1796.0,0.0,0.0,0.0,3.0,0.0,0.0,11.0,0.0,0.0,0.0,0.0,0.0,0.0,0.0,0.0,272.0,436.0,0.0,0.0
1211,2026,11.0,0.0,228.0,0.0,0.0,0.0,0.0,14.0,1876.0,0.0,0.0,0.0,0.0,0.0,0.0,7.0,0.0,0.0,0.0,0.0,0.0,0.0,0.0,0.0,0.0,0.0,0.0,726.0
1212,2019,0.0,0.0,0.0,0.0,0.0,0.0,0.0,0.0,0.0,0.0,0.0,0.0,0.0,0.0,0.0,0.0,0.0,0.0,0.0,0.0,0.0,0.0,0.0,0.0,0.0,0.0,0.0,0.0
1212,2020,0.0,0.0,0.0,0.0,0.0,0.0,0.0,0.0,0.0,0.0,0.0,0.0,0.0,0.0,0.0,0.0,0.0,0.0,0.0,0.0,0.0,0.0,0.0,0.0,0.0,0.0,31.0,0.0
1212,2021,0.0,0.0,226.0,0.0,0.0,0.0,0.0,0.0,0.0,0.0,0.0,0.0,6.0,0.0,0.0,0.0,0.0,0.0,0.0,0.0,0.0,0.0,0.0,0.0,0.0,0.0,71.0,0.0
1212,2022,0.0,0.0,456.0,0.0,0.0,0.0,0.0,326.0,850.0,0.0,0.0,0.0,14.0,0.0,0.0,0.0,728.0,0.0,292.0,38.0,2.0,0.0,0.0,0.0,0.0,0.0,0.0,0.0
1212,2023,4.0,193.0,456.0,0.0,0.0,0.0,0.0,0.0,0.0,0.0,0.0,0.0,16.0,0.0,0.0,0.0,0.0,0.0,0.0,52.0,1.0,148.0,0.0,553.0,0.0,0.0,0.0,0.0
1212,2024,21.0,0.0,456.0,0.0,0.0,0.0,0.0,764.0,1836.0,0.0,0.0,0.0,19.0,0.0,0.0,7.0,0.0,0.0,0.0,64.0,3.0,0.0,0.0,0.0,392.0,610.0,0.0,0.0
1212,2025,14.0,0.0,418.0,0.0,0.0,0.0,0.0,852.0,1960.0,0.0,0.0,0.0,4.0,0.0,0.0,5.0,0.0,0.0,0.0,0.0,2.0,0.0,0.0,0.0,210.0,276.0,0.0,0.0
1212,2026,6.0,0.0,228.0,0.0,0.0,0.0,0.0,458.0,2044.0,0.0,0.0,0.0,0.0,0.0,0.0,5.0,0.0,0.0,0.0,0.0,0.0,0.0,0.0,0.0,0.0,0.0,0.0,595.0
1213,2019,0.0,0.0,0.0,0.0,0.0,0.0,0.0,0.0,0.0,0.0,0.0,0.0,0.0,0.0,0.0,0.0,0.0,0.0,0.0,0.0,0.0,0.0,0.0,0.0,0.0,0.0,0.0,0.0
1213,2020,0.0,0.0,0.0,0.0,0.0,0.0,0.0,0.0,0.0,0.0,0.0,0.0,0.0,0.0,0.0,0.0,0.0,0.0,0.0,0.0,0.0,0.0,0.0,0.0,0.0,0.0,6.0,0.0
1213,2021,0.0,0.0,0.0,0.0,0.0,0.0,0.0,0.0,0.0,0.0,0.0,0.0,2.0,0.0,0.0,0.0,0.0,0.0,0.0,0.0,0.0,0.0,0.0,0.0,0.0,0.0,1.0,0.0
1213,2022,0.0,0.0,0.0,0.0,0.0,0.0,0.0,128.0,790.0,0.0,0.0,0.0,4.0,0.0,0.0,0.0,50.0,0.0,148.0,0.0,10.0,0.0,0.0,0.0,0.0,0.0,0.0,0.0
1213,2023,11.0,120.0,0.0,0.0,0.0,0.0,0.0,0.0,0.0,0.0,0.0,0.0,4.0,0.0,0.0,0.0,0.0,0.0,0.0,8.0,10.0,174.0,0.0,513.0,0.0,0.0,0.0,0.0
1213,2024,20.0,0.0,0.0,0.0,0.0,0.0,0.0,256.0,1784.0,0.0,0.0,0.0,10.0,0.0,0.0,13.0,0.0,0.0,0.0,4.0,4.0,0.0,0.0,0.0,169.0,287.0,0.0,0.0
1213,2025,21.0,0.0,8.0,0.0,0.0,0.0,0.0,256.0,1876.0,0.0,0.0,0.0,4.0,0.0,0.0,4.0,0.0,0.0,0.0,0.0,8.0,0.0,0.0,0.0,97.0,145.0,0.0,0.0
1213,2026,6.0,0.0,12.0,0.0,0.0,0.0,0.0,128.0,1986.0,0.0,0.0,0.0,0.0,0.0,0.0,1.0,0.0,0.0,0.0,0.0,0.0,0.0,0.0,0.0,0.0,0.0,0.0,308.0
1301,2019,0.0,0.0,0.0,696.0,0.0,0.0,0.0,0.0,0.0,0.0,0.0,0.0,0.0,0.0,0.0,0.0,0.0,0.0,0.0,0.0,0.0,0.0,0.0,0.0,0.0,0.0,0.0,0.0
1301,2020,0.0,0.0,0.0,0.0,0.0,0.0,0.0,0.0,0.0,0.0,0.0,0.0,0.0,0.0,0.0,0.0,0.0,0.0,0.0,0.0,0.0,0.0,0.0,0.0,0.0,0.0,481.0,0.0
1301,2021,0.0,0.0,226.0,0.0,58.0,0.0,0.0,0.0,0.0,0.0,0.0,0.0,1070.0,0.0,0.0,0.0,0.0,32.0,0.0,0.0,0.0,0.0,0.0,0.0,0.0,0.0,370.0,0.0
1301,2022,0.0,0.0,456.0,0.0,459.0,1386.0,0.0,640.0,900.0,0.0,80.0,22.0,2152.0,0.0,419.0,0.0,912.0,32.0,1368.0,222.0,127.0,0.0,0.0,0.0,0.0,0.0,0.0,0.0
1301,2023,228.0,2372.0,456.0,0.0,153.0,0.0,0.0,0.0,0.0,0.0,0.0,0.0,2180.0,0.0,600.0,0.0,0.0,0.0,0.0,118.0,91.0,267.0,631.0,1278.0,0.0,0.0,0.0,0.0
1301,2024,427.0,0.0,456.0,0.0,561.0,0.0,0.0,1456.0,2164.0,0.0,160.0,44.0,2224.0,0.0,840.0,243.0,0.0,0.0,0.0,74.0,136.0,0.0,0.0,0.0,1361.0,2712.0,0.0,0.0
1301,2025,394.0,0.0,418.0,0.0,330.0,0.0,0.0,1548.0,2440.0,0.0,160.0,44.0,587.0,0.0,450.0,150.0,0.0,0.0,0.0,0.0,75.0,0.0,0.0,0.0,806.0,1449.0,0.0,0.0
1301,2026,202.0,0.0,228.0,0.0,0.0,0.0,0.0,812.0,2758.0,0.0,80.0,44.0,0.0,0.0,0.0,43.0,0.0,0.0,0.0,0.0,0.0,0.0,0.0,0.0,0.0,0.0,0.0,6847.0
1302,2019,0.0,0.0,0.0,0.0,0.0,0.0,0.0,0.0,0.0,0.0,0.0,0.0,0.0,0.0,0.0,0.0,0.0,0.0,0.0,0.0,0.0,0.0,0.0,0.0,0.0,0.0,0.0,0.0
1302,2020,0.0,0.0,0.0,0.0,0.0,0.0,0.0,0.0,0.0,0.0,0.0,0.0,0.0,0.0,0.0,0.0,0.0,0.0,0.0,0.0,0.0,0.0,0.0,0.0,0.0,0.0,0.0,0.0
1302,2021,0.0,0.0,0.0,0.0,0.0,0.0,0.0,0.0,0.0,0.0,0.0,0.0,0.0,0.0,0.0,0.0,0.0,4.0,0.0,0.0,0.0,0.0,0.0,0.0,0.0,0.0,0.0,0.0
1302,2022,0.0,0.0,0.0,0.0,0.0,0.0,0.0,0.0,0.0,0.0,0.0,0.0,0.0,0.0,0.0,0.0,109.0,4.0,24.0,0.0,0.0,0.0,0.0,0.0,0.0,0.0,0.0,0.0
1302,2023,0.0,0.0,0.0,0.0,0.0,0.0,0.0,0.0,0.0,0.0,0.0,0.0,0.0,0.0,0.0,0.0,0.0,0.0,0.0,0.0,0.0,0.0,0.0,0.0,0.0,0.0,0.0,0.0
1302,2024,0.0,0.0,0.0,0.0,0.0,0.0,0.0,0.0,0.0,0.0,0.0,0.0,0.0,0.0,0.0,0.0,0.0,0.0,0.0,5.0,0.0,0.0,0.0,0.0,0.0,0.0,0.0,0.0
1302,2025,0.0,0.0,0.0,0.0,0.0,0.0,0.0,0.0,0.0,0.0,0.0,0.0,0.0,0.0,0.0,0.0,0.0,0.0,0.0,0.0,0.0,0.0,0.0,0.0,0.0,0.0,0.0,0.0
1302,2026,0.0,0.0,0.0,0.0,0.0,0.0,0.0,0.0,0.0,0.0,0.0,0.0,0.0,0.0,0.0,0.0,0.0,0.0,0.0,0.0,0.0,0.0,0.0,0.0,0.0,0.0,0.0,0.0
1303,2019,0.0,0.0,0.0,89.0,0.0,0.0,0.0,0.0,0.0,0.0,0.0,0.0,0.0,0.0,0.0,0.0,0.0,0.0,0.0,0.0,0.0,0.0,0.0,0.0,0.0,0.0,0.0,0.0
1303,2020,0.0,0.0,0.0,0.0,0.0,0.0,0.0,0.0,0.0,0.0,0.0,0.0,0.0,0.0,0.0,0.0,0.0,0.0,0.0,0.0,0.0,0.0,0.0,0.0,0.0,0.0,199.0,0.0
1303,2021,0.0,0.0,226.0,0.0,20.0,0.0,0.0,0.0,0.0,0.0,0.0,0.0,90.0,0.0,0.0,0.0,0.0,34.0,0.0,0.0,0.0,0.0,0.0,0.0,0.0,0.0,185.0,0.0
1303,2022,0.0,0.0,456.0,0.0,180.0,0.0,0.0,212.0,662.0,0.0,0.0,0.0,173.0,0.0,0.0,0.0,786.0,34.0,288.0,20.0,45.0,0.0,0.0,0.0,0.0,0.0,0.0,0.0
1303,2023,73.0,1162.0,456.0,0.0,60.0,0.0,0.0,0.0,0.0,0.0,0.0,0.0,176.0,0.0,183.0,0.0,0.0,0.0,0.0,22.0,36.0,222.0,0.0,692.0,0.0,0.0,0.0,0.0
1303,2024,67.0,0.0,456.0,0.0,220.0,0.0,0.0,532.0,1580.0,0.0,0.0,0.0,184.0,0.0,229.0,34.0,0.0,0.0,0.0,40.0,37.0,0.0,0.0,0.0,1006.0,1726.0,0.0,0.0
1303,2025,105.0,0.0,418.0,0.0,143.0,0.0,0.0,552.0,1612.0,0.0,0.0,0.0,47.0,0.0,83.0,16.0,0.0,0.0,0.0,0.0,22.0,0.0,0.0,0.0,686.0,960.0,0.0,0.0
1303,2026,23.0,0.0,228.0,0.0,0.0,0.0,0.0,276.0,1612.0,0.0,0.0,0.0,0.0,0.0,0.0,6.0,0.0,0.0,0.0,0.0,0.0,0.0,0.0,0.0,0.0,0.0,0.0,1746.0
1304,2019,0.0,0.0,0.0,10.0,0.0,0.0,0.0,0.0,0.0,0.0,0.0,0.0,0.0,0.0,0.0,0.0,0.0,0.0,0.0,0.0,0.0,0.0,0.0,0.0,0.0,0.0,0.0,0.0
1304,2020,0.0,0.0,0.0,0.0,0.0,0.0,0.0,0.0,0.0,0.0,0.0,0.0,0.0,0.0,0.0,0.0,0.0,0.0,0.0,0.0,0.0,0.0,0.0,0.0,0.0,0.0,10.0,0.0
1304,2021,0.0,0.0,226.0,0.0,1.0,0.0,0.0,0.0,0.0,0.0,0.0,0.0,16.0,0.0,0.0,0.0,0.0,12.0,0.0,0.0,0.0,0.0,0.0,0.0,0.0,0.0,6.0,0.0
1304,2022,0.0,0.0,456.0,0.0,9.0,0.0,0.0,0.0,0.0,0.0,0.0,0.0,29.0,0.0,0.0,0.0,90.0,12.0,666.0,122.0,30.0,0.0,0.0,0.0,0.0,0.0,0.0,0.0
1304,2023,40.0,499.0,456.0,0.0,3.0,0.0,0.0,0.0,0.0,0.0,0.0,0.0,28.0,0.0,24.0,0.0,0.0,0.0,0.0,62.0,13.0,213.0,0.0,649.0,0.0,0.0,0.0,0.0
1304,2024,74.0,0.0,456.0,0.0,11.0,0.0,0.0,0.0,0.0,0.0,0.0,0.0,28.0,0.0,0.0,50.0,0.0,0.0,0.0,102.0,26.0,0.0,0.0,0.0,1175.0,2506.0,0.0,0.0
1304,2025,85.0,0.0,418.0,0.0,7.0,0.0,0.0,0.0,0.0,0.0,0.0,0.0,8.0,0.0,0.0,29.0,0.0,0.0,0.0,0.0,13.0,0.0,0.0,0.0,634.0,1045.0,0.0,0.0
1304,2026,47.0,0.0,228.0,0.0,0.0,0.0,0.0,0.0,0.0,0.0,0.0,0.0,0.0,0.0,0.0,12.0,0.0,0.0,0.0,0.0,0.0,0.0,0.0,0.0,0.0,0.0,0.0,1484.0
1305,2019,0.0,0.0,0.0,0.0,0.0,0.0,0.0,0.0,0.0,0.0,0.0,0.0,0.0,0.0,0.0,0.0,0.0,0.0,0.0,0.0,0.0,0.0,0.0,0.0,0.0,0.0,0.0,0.0
1305,2020,0.0,0.0,0.0,0.0,0.0,0.0,0.0,0.0,0.0,0.0,0.0,0.0,0.0,0.0,0.0,0.0,0.0,0.0,0.0,0.0,0.0,0.0,0.0,0.0,0.0,0.0,3.0,0.0
1305,2021,0.0,0.0,226.0,0.0,3.0,0.0,0.0,0.0,0.0,0.0,0.0,0.0,2.0,0.0,0.0,0.0,0.0,20.0,0.0,0.0,0.0,0.0,0.0,0.0,0.0,0.0,0.0,0.0
1305,2022,0.0,0.0,456.0,0.0,27.0,0.0,0.0,0.0,618.0,0.0,0.0,0.0,4.0,0.0,0.0,0.0,48.0,20.0,120.0,8.0,12.0,0.0,0.0,0.0,0.0,0.0,0.0,0.0
1305,2023,12.0,300.0,456.0,0.0,9.0,0.0,0.0,0.0,0.0,0.0,0.0,0.0,4.0,0.0,66.0,0.0,0.0,0.0,0.0,16.0,9.0,99.0,0.0,469.0,0.0,0.0,0.0,0.0
1305,2024,4.0,0.0,456.0,0.0,33.0,0.0,0.0,0.0,1452.0,0.0,0.0,0.0,4.0,0.0,58.0,6.0,0.0,0.0,0.0,42.0,4.0,0.0,0.0,0.0,205.0,388.0,0.0,0.0
1305,2025,17.0,0.0,418.0,0.0,21.0,0.0,0.0,0.0,1476.0,0.0,0.0,0.0,1.0,0.0,41.0,1.0,0.0,0.0,0.0,0.0,2.0,0.0,0.0,0.0,164.0,252.0,0.0,0.0
1305,2026,3.0,0.0,228.0,0.0,0.0,0.0,0.0,0.0,1476.0,0.0,0.0,0.0,0.0,0.0,0.0,1.0,0.0,0.0,0.0,0.0,0.0,0.0,0.0,0.0,0.0,0.0,0.0,193.0
1306,2019,0.0,0.0,0.0,72.0,0.0,0.0,0.0,0.0,0.0,0.0,0.0,0.0,0.0,0.0,0.0,0.0,0.0,0.0,0.0,0.0,0.0,0.0,0.0,0.0,0.0,0.0,0.0,0.0
1306,2020,0.0,0.0,0.0,0.0,0.0,0.0,0.0,0.0,0.0,0.0,0.0,0.0,0.0,0.0,0.0,0.0,0.0,0.0,0.0,0.0,0.0,0.0,0.0,0.0,0.0,0.0,16.0,0.0
1306,2021,0.0,0.0,226.0,0.0,70.0,0.0,0.0,0.0,0.0,0.0,0.0,0.0,152.0,0.0,0.0,0.0,0.0,36.0,0.0,0.0,0.0,0.0,0.0,0.0,0.0,0.0,2.0,0.0
1306,2022,0.0,0.0,456.0,0.0,612.0,0.0,0.0,124.0,0.0,0.0,0.0,46.0,323.0,0.0,0.0,0.0,1198.0,38.0,138.0,0.0,20.0,0.0,0.0,0.0,0.0,0.0,0.0,0.0
1306,2023,19.0,954.0,456.0,0.0,204.0,0.0,0.0,0.0,0.0,0.0,0.0,0.0,328.0,0.0,221.0,0.0,0.0,0.0,0.0,0.0,40.0,218.0,0.0,675.0,0.0,0.0,0.0,0.0
1306,2024,62.0,0.0,456.0,0.0,748.0,0.0,0.0,280.0,0.0,0.0,0.0,108.0,333.0,0.0,145.0,28.0,0.0,0.0,0.0,8.0,186.0,0.0,0.0,0.0,528.0,873.0,0.0,0.0
1306,2025,82.0,0.0,418.0,0.0,477.0,0.0,0.0,296.0,0.0,0.0,0.0,112.0,87.0,0.0,98.0,23.0,0.0,0.0,0.0,0.0,55.0,0.0,0.0,0.0,332.0,420.0,0.0,0.0
1306,2026,39.0,0.0,228.0,0.0,0.0,0.0,0.0,152.0,0.0,0.0,0.0,112.0,0.0,0.0,0.0,7.0,0.0,0.0,0.0,0.0,0.0,0.0,0.0,0.0,0.0,0.0,0.0,1157.0
1307,2019,0.0,0.0,0.0,18.0,0.0,0.0,0.0,0.0,0.0,0.0,0.0,0.0,0.0,0.0,0.0,0.0,0.0,0.0,0.0,0.0,0.0,0.0,0.0,0.0,0.0,0.0,0.0,0.0
1307,2020,0.0,0.0,0.0,0.0,0.0,0.0,0.0,0.0,0.0,0.0,0.0,0.0,0.0,0.0,0.0,0.0,0.0,0.0,0.0,0.0,0.0,0.0,0.0,0.0,0.0,0.0,1.0,0.0
1307,2021,0.0,0.0,226.0,0.0,6.0,0.0,0.0,0.0,0.0,0.0,0.0,0.0,2.0,0.0,0.0,0.0,0.0,8.0,0.0,0.0,0.0,0.0,0.0,0.0,0.0,0.0,0.0,0.0
1307,2022,0.0,0.0,456.0,0.0,54.0,0.0,0.0,4.0,0.0,0.0,0.0,0.0,4.0,0.0,0.0,0.0,118.0,8.0,30.0,14.0,1.0,0.0,0.0,0.0,0.0,0.0,0.0,0.0
1307,2023,11.0,195.0,456.0,0.0,18.0,0.0,0.0,0.0,0.0,0.0,0.0,0.0,4.0,0.0,41.0,0.0,0.0,0.0,0.0,4.0,0.0,126.0,0.0,398.0,0.0,0.0,0.0,0.0
1307,2024,11.0,0.0,456.0,0.0,66.0,0.0,0.0,8.0,0.0,0.0,0.0,0.0,4.0,0.0,24.0,6.0,0.0,0.0,0.0,4.0,0.0,0.0,0.0,0.0,182.0,306.0,0.0,0.0
1307,2025,16.0,0.0,418.0,0.0,42.0,0.0,0.0,8.0,0.0,0.0,0.0,0.0,1.0,0.0,6.0,7.0,0.0,0.0,0.0,0.0,2.0,0.0,0.0,0.0,102.0,154.0,0.0,0.0
1307,2026,10.0,0.0,228.0,0.0,0.0,0.0,0.0,4.0,0.0,0.0,0.0,0.0,0.0,0.0,0.0,3.0,0.0,0.0,0.0,0.0,0.0,0.0,0.0,0.0,0.0,0.0,0.0,117.0
1308,2019,0.0,0.0,0.0,453.0,0.0,0.0,0.0,0.0,0.0,0.0,0.0,0.0,0.0,0.0,0.0,0.0,0.0,0.0,0.0,0.0,0.0,0.0,0.0,0.0,0.0,0.0,0.0,0.0
1308,2020,0.0,0.0,0.0,0.0,0.0,0.0,0.0,0.0,0.0,0.0,0.0,0.0,0.0,0.0,0.0,0.0,0.0,0.0,0.0,0.0,0.0,0.0,0.0,0.0,0.0,0.0,96.0,0.0
1308,2021,0.0,0.0,226.0,0.0,11.0,0.0,0.0,0.0,0.0,0.0,0.0,0.0,703.0,0.0,0.0,0.0,0.0,2.0,0.0,0.0,0.0,0.0,0.0,0.0,0.0,0.0,41.0,0.0
1308,2022,0.0,0.0,456.0,0.0,99.0,2024.0,0.0,0.0,0.0,136.0,0.0,0.0,1472.0,0.0,694.0,0.0,12.0,2.0,596.0,202.0,63.0,0.0,0.0,0.0,0.0,0.0,0.0,0.0
1308,2023,242.0,1185.0,456.0,0.0,33.0,0.0,0.0,0.0,0.0,0.0,0.0,0.0,1522.0,0.0,325.0,0.0,0.0,0.0,0.0,166.0,67.0,231.0,359.0,834.0,0.0,0.0,0.0,0.0
1308,2024,341.0,0.0,456.0,0.0,121.0,0.0,0.0,0.0,0.0,272.0,0.0,0.0,1581.0,1124.0,541.0,351.0,0.0,0.0,0.0,24.0,76.0,0.0,0.0,0.0,1118.0,3045.0,0.0,0.0
1308,2025,396.0,0.0,418.0,0.0,71.0,0.0,0.0,0.0,0.0,272.0,0.0,0.0,405.0,291.0,330.0,289.0,0.0,0.0,0.0,0.0,47.0,0.0,0.0,0.0,582.0,1193.0,0.0,0.0
1308,2026,223.0,0.0,228.0,0.0,0.0,0.0,0.0,0.0,0.0,136.0,0.0,0.0,0.0,0.0,0.0,98.0,0.0,0.0,0.0,0.0,0.0,0.0,0.0,0.0,0.0,0.0,0.0,7198.0
1309,2019,0.0,0.0,0.0,108.0,0.0,0.0,0.0,0.0,0.0,0.0,0.0,0.0,0.0,0.0,0.0,0.0,0.0,0.0,0.0,0.0,0.0,0.0,0.0,0.0,0.0,0.0,0.0,0.0
1309,2020,0.0,0.0,0.0,0.0,0.0,0.0,0.0,0.0,0.0,0.0,0.0,0.0,0.0,0.0,0.0,0.0,0.0,0.0,0.0,0.0,0.0,0.0,0.0,0.0,0.0,0.0,82.0,0.0
1309,2021,0.0,0.0,226.0,0.0,31.0,0.0,0.0,0.0,0.0,0.0,0.0,0.0,110.0,0.0,0.0,0.0,0.0,16.0,0.0,0.0,0.0,0.0,0.0,0.0,0.0,0.0,169.0,0.0
1309,2022,0.0,0.0,456.0,0.0,261.0,0.0,0.0,0.0,0.0,0.0,0.0,0.0,227.0,0.0,29.0,0.0,196.0,20.0,1316.0,100.0,32.0,0.0,0.0,0.0,0.0,0.0,0.0,0.0
1309,2023,38.0,664.0,456.0,0.0,87.0,0.0,0.0,0.0,0.0,0.0,0.0,0.0,267.0,0.0,133.0,0.0,0.0,0.0,0.0,94.0,12.0,208.0,0.0,575.0,0.0,0.0,0.0,0.0
1309,2024,46.0,0.0,456.0,0.0,319.0,0.0,0.0,0.0,0.0,0.0,0.0,0.0,270.0,0.0,100.0,0.0,0.0,0.0,0.0,250.0,12.0,0.0,0.0,0.0,528.0,1104.0,0.0,0.0
1309,2025,58.0,0.0,418.0,0.0,191.0,0.0,0.0,0.0,0.0,0.0,0.0,0.0,74.0,0.0,73.0,0.0,0.0,0.0,0.0,0.0,5.0,0.0,0.0,0.0,355.0,505.0,0.0,0.0
1309,2026,26.0,0.0,228.0,0.0,0.0,0.0,0.0,0.0,0.0,0.0,0.0,0.0,0.0,0.0,0.0,0.0,0.0,0.0,0.0,0.0,0.0,0.0,0.0,0.0,0.0,0.0,0.0,1616.0
1310,2019,0.0,0.0,0.0,28.0,0.0,0.0,0.0,0.0,0.0,0.0,0.0,0.0,0.0,0.0,0.0,0.0,0.0,0.0,0.0,0.0,0.0,0.0,0.0,0.0,0.0,0.0,0.0,0.0
1310,2020,0.0,0.0,0.0,0.0,0.0,0.0,0.0,0.0,0.0,0.0,0.0,0.0,0.0,0.0,0.0,0.0,0.0,0.0,0.0,0.0,0.0,0.0,0.0,0.0,0.0,0.0,12.0,0.0
1310,2021,0.0,0.0,226.0,0.0,8.0,0.0,0.0,0.0,0.0,0.0,0.0,0.0,10.0,0.0,0.0,0.0,0.0,10.0,0.0,0.0,0.0,0.0,0.0,0.0,0.0,0.0,8.0,0.0
1310,2022,0.0,0.0,456.0,0.0,72.0,0.0,0.0,140.0,0.0,0.0,86.0,42.0,20.0,0.0,0.0,0.0,1254.0,10.0,54.0,8.0,9.0,0.0,0.0,0.0,0.0,0.0,0.0,0.0
1310,2023,7.0,486.0,456.0,0.0,24.0,0.0,0.0,0.0,0.0,0.0,0.0,0.0,20.0,0.0,67.0,0.0,0.0,0.0,0.0,6.0,5.0,208.0,0.0,495.0,0.0,0.0,0.0,0.0
1310,2024,25.0,0.0,456.0,0.0,88.0,0.0,0.0,312.0,0.0,0.0,172.0,88.0,20.0,0.0,84.0,7.0,0.0,0.0,0.0,8.0,15.0,0.0,0.0,0.0,374.0,613.0,0.0,0.0
1310,2025,14.0,0.0,418.0,0.0,56.0,0.0,0.0,312.0,0.0,0.0,172.0,88.0,5.0,0.0,14.0,4.0,0.0,0.0,0.0,0.0,2.0,0.0,0.0,0.0,289.0,326.0,0.0,0.0
1310,2026,14.0,0.0,228.0,0.0,0.0,0.0,0.0,156.0,0.0,0.0,86.0,88.0,0.0,0.0,0.0,5.0,0.0,0.0,0.0,0.0,0.0,0.0,0.0,0.0,0.0,0.0,0.0,254.0
1311,2019,0.0,0.0,0.0,3.0,0.0,0.0,0.0,0.0,0.0,0.0,0.0,0.0,0.0,0.0,0.0,0.0,0.0,0.0,0.0,0.0,0.0,0.0,0.0,0.0,0.0,0.0,0.0,0.0
1311,2020,0.0,0.0,0.0,0.0,0.0,0.0,0.0,0.0,0.0,0.0,0.0,0.0,0.0,0.0,0.0,0.0,0.0,0.0,0.0,0.0,0.0,0.0,0.0,0.0,0.0,0.0,2.0,0.0
1311,2021,0.0,0.0,226.0,0.0,7.0,0.0,0.0,0.0,0.0,0.0,0.0,0.0,2.0,0.0,0.0,0.0,0.0,12.0,0.0,0.0,0.0,0.0,0.0,0.0,0.0,0.0,0.0,0.0
1311,2022,0.0,0.0,456.0,0.0,63.0,0.0,0.0,160.0,316.0,0.0,0.0,0.0,4.0,0.0,0.0,0.0,598.0,12.0,120.0,26.0,6.0,0.0,0.0,0.0,0.0,0.0,0.0,0.0
1311,2023,7.0,347.0,456.0,0.0,21.0,0.0,0.0,0.0,0.0,0.0,0.0,0.0,4.0,0.0,0.0,0.0,0.0,0.0,0.0,6.0,1.0,117.0,0.0,486.0,0.0,0.0,0.0,0.0
1311,2024,16.0,0.0,456.0,0.0,77.0,0.0,0.0,356.0,672.0,0.0,0.0,0.0,4.0,0.0,14.0,3.0,0.0,0.0,0.0,24.0,6.0,0.0,0.0,0.0,312.0,482.0,0.0,0.0
1311,2025,19.0,0.0,418.0,0.0,47.0,0.0,0.0,376.0,672.0,0.0,0.0,0.0,1.0,0.0,0.0,2.0,0.0,0.0,0.0,0.0,3.0,0.0,0.0,0.0,215.0,286.0,0.0,0.0
1311,2026,5.0,0.0,228.0,0.0,0.0,0.0,0.0,196.0,672.0,0.0,0.0,0.0,0.0,0.0,0.0,1.0,0.0,0.0,0.0,0.0,0.0,0.0,0.0,0.0,0.0,0.0,0.0,125.0
1312,2019,0.0,0.0,0.0,69.0,0.0,0.0,0.0,0.0,0.0,0.0,0.0,0.0,0.0,0.0,0.0,0.0,0.0,0.0,0.0,0.0,0.0,0.0,0.0,0.0,0.0,0.0,0.0,0.0
1312,2020,0.0,0.0,0.0,0.0,0.0,0.0,0.0,0.0,0.0,0.0,0.0,0.0,0.0,0.0,0.0,0.0,0.0,0.0,0.0,0.0,0.0,0.0,0.0,0.0,0.0,0.0,29.0,0.0
1312,2021,0.0,0.0,226.0,0.0,24.0,0.0,0.0,0.0,0.0,0.0,0.0,0.0,56.0,0.0,0.0,0.0,0.0,0.0,0.0,0.0,0.0,0.0,0.0,0.0,0.0,0.0,5.0,0.0
1312,2022,0.0,0.0,456.0,0.0,180.0,0.0,0.0,66.0,0.0,0.0,752.0,0.0,112.0,0.0,0.0,0.0,422.0,0.0,300.0,104.0,4.0,0.0,0.0,0.0,0.0,0.0,0.0,0.0
1312,2023,14.0,256.0,456.0,0.0,60.0,0.0,0.0,0.0,0.0,0.0,0.0,0.0,112.0,0.0,164.0,0.0,0.0,0.0,0.0,8.0,2.0,208.0,0.0,556.0,0.0,0.0,0.0,0.0
1312,2024,40.0,0.0,456.0,0.0,220.0,0.0,0.0,132.0,0.0,0.0,1664.0,0.0,113.0,0.0,128.0,0.0,0.0,0.0,0.0,18.0,7.0,0.0,0.0,0.0,248.0,407.0,0.0,0.0
1312,2025,37.0,0.0,418.0,0.0,86.0,0.0,0.0,132.0,0.0,0.0,1748.0,0.0,31.0,0.0,67.0,0.0,0.0,0.0,0.0,0.0,4.0,0.0,0.0,0.0,150.0,214.0,0.0,0.0
1312,2026,8.0,0.0,228.0,0.0,0.0,0.0,0.0,66.0,0.0,0.0,900.0,0.0,0.0,0.0,0.0,0.0,0.0,0.0,0.0,0.0,0.0,0.0,0.0,0.0,0.0,0.0,0.0,483.0
1313,2019,0.0,0.0,0.0,16.0,0.0,0.0,0.0,0.0,0.0,0.0,0.0,0.0,0.0,0.0,0.0,0.0,0.0,0.0,0.0,0.0,0.0,0.0,0.0,0.0,0.0,0.0,0.0,0.0
1313,2020,0.0,0.0,0.0,0.0,0.0,0.0,0.0,0.0,0.0,0.0,0.0,0.0,0.0,0.0,0.0,0.0,0.0,0.0,0.0,0.0,0.0,0.0,0.0,0.0,0.0,0.0,106.0,0.0
1313,2021,0.0,0.0,226.0,0.0,9.0,0.0,0.0,0.0,0.0,0.0,0.0,0.0,56.0,0.0,0.0,0.0,0.0,10.0,0.0,0.0,0.0,0.0,0.0,0.0,0.0,0.0,79.0,0.0
1313,2022,0.0,0.0,456.0,0.0,72.0,0.0,0.0,0.0,74.0,0.0,228.0,50.0,105.0,0.0,0.0,0.0,538.0,10.0,292.0,28.0,0.0,0.0,0.0,0.0,0.0,0.0,0.0,0.0
1313,2023,19.0,661.0,456.0,0.0,24.0,0.0,0.0,0.0,0.0,0.0,0.0,0.0,104.0,0.0,164.0,0.0,0.0,0.0,0.0,44.0,6.0,193.0,0.0,436.0,0.0,0.0,0.0,0.0
1313,2024,40.0,0.0,456.0,0.0,88.0,0.0,0.0,0.0,148.0,0.0,456.0,100.0,104.0,0.0,83.0,0.0,0.0,0.0,0.0,92.0,1.0,0.0,0.0,0.0,371.0,653.0,0.0,0.0
1313,2025,35.0,0.0,418.0,0.0,56.0,0.0,0.0,0.0,148.0,0.0,456.0,100.0,28.0,0.0,16.0,0.0,0.0,0.0,0.0,0.0,5.0,0.0,0.0,0.0,313.0,361.0,0.0,0.0
1313,2026,12.0,0.0,228.0,0.0,0.0,0.0,0.0,0.0,148.0,0.0,228.0,100.0,0.0,0.0,0.0,0.0,0.0,0.0,0.0,0.0,0.0,0.0,0.0,0.0,0.0,0.0,0.0,270.0
1314,2019,0.0,0.0,0.0,50.0,0.0,0.0,0.0,0.0,0.0,0.0,0.0,0.0,0.0,0.0,0.0,0.0,0.0,0.0,0.0,0.0,0.0,0.0,0.0,0.0,0.0,0.0,0.0,0.0
1314,2020,0.0,0.0,0.0,0.0,0.0,0.0,0.0,0.0,0.0,0.0,0.0,0.0,0.0,0.0,0.0,0.0,0.0,0.0,0.0,0.0,0.0,0.0,0.0,0.0,0.0,0.0,52.0,0.0
1314,2021,0.0,0.0,226.0,0.0,26.0,0.0,0.0,0.0,0.0,0.0,0.0,0.0,56.0,0.0,0.0,0.0,0.0,42.0,0.0,0.0,0.0,0.0,0.0,0.0,0.0,0.0,18.0,0.0
1314,2022,0.0,0.0,456.0,0.0,216.0,0.0,0.0,0.0,0.0,0.0,828.0,0.0,114.0,0.0,0.0,0.0,1068.0,42.0,268.0,37.0,32.0,0.0,0.0,0.0,0.0,0.0,0.0,0.0
1314,2023,15.0,606.0,456.0,0.0,72.0,0.0,0.0,0.0,0.0,0.0,0.0,0.0,116.0,0.0,140.0,0.0,0.0,0.0,0.0,44.0,22.0,208.0,0.0,579.0,0.0,0.0,0.0,0.0
1314,2024,22.0,0.0,456.0,0.0,264.0,0.0,0.0,0.0,0.0,0.0,1816.0,0.0,118.0,0.0,41.0,21.0,0.0,0.0,0.0,20.0,11.0,0.0,0.0,0.0,428.0,810.0,0.0,0.0
1314,2025,35.0,0.0,418.0,0.0,168.0,0.0,0.0,0.0,0.0,0.0,1900.0,0.0,32.0,0.0,46.0,13.0,0.0,0.0,0.0,0.0,7.0,0.0,0.0,0.0,291.0,429.0,0.0,0.0
1314,2026,13.0,0.0,228.0,0.0,0.0,0.0,0.0,0.0,0.0,0.0,976.0,0.0,0.0,0.0,0.0,8.0,0.0,0.0,0.0,0.0,0.0,0.0,0.0,0.0,0.0,0.0,0.0,718.0
1315,2019,0.0,0.0,0.0,38.0,0.0,0.0,0.0,0.0,0.0,0.0,0.0,0.0,0.0,0.0,0.0,0.0,0.0,0.0,0.0,0.0,0.0,0.0,0.0,0.0,0.0,0.0,0.0,0.0
1315,2020,0.0,0.0,0.0,0.0,0.0,0.0,0.0,0.0,0.0,0.0,0.0,0.0,0.0,0.0,0.0,0.0,0.0,0.0,0.0,0.0,0.0,0.0,0.0,0.0,0.0,0.0,12.0,0.0
1315,2021,0.0,0.0,226.0,0.0,4.0,0.0,0.0,0.0,0.0,0.0,0.0,0.0,16.0,0.0,0.0,0.0,0.0,32.0,0.0,0.0,0.0,0.0,0.0,0.0,0.0,0.0,92.0,0.0
1315,2022,0.0,0.0,456.0,0.0,36.0,0.0,0.0,406.0,0.0,0.0,0.0,0.0,32.0,0.0,0.0,0.0,314.0,32.0,150.0,2.0,10.0,0.0,0.0,0.0,0.0,0.0,0.0,0.0
1315,2023,18.0,385.0,456.0,0.0,15.0,0.0,0.0,0.0,0.0,0.0,0.0,0.0,32.0,0.0,206.0,0.0,0.0,0.0,0.0,52.0,2.0,0.0,0.0,0.0,0.0,0.0,0.0,0.0
1315,2024,18.0,0.0,456.0,0.0,55.0,0.0,0.0,1088.0,0.0,0.0,0.0,0.0,36.0,0.0,96.0,7.0,0.0,0.0,0.0,14.0,5.0,0.0,0.0,0.0,318.0,590.0,0.0,0.0
1315,2025,38.0,0.0,418.0,0.0,35.0,0.0,0.0,1338.0,0.0,0.0,0.0,0.0,9.0,0.0,68.0,5.0,0.0,0.0,0.0,0.0,1.0,0.0,0.0,0.0,199.0,332.0,0.0,0.0
1315,2026,5.0,0.0,228.0,0.0,0.0,0.0,0.0,772.0,0.0,0.0,0.0,0.0,0.0,0.0,0.0,1.0,0.0,0.0,0.0,0.0,0.0,0.0,0.0,0.0,0.0,0.0,0.0,515.0
1316,2019,0.0,0.0,0.0,9.0,0.0,0.0,0.0,0.0,0.0,0.0,0.0,0.0,0.0,0.0,0.0,0.0,0.0,0.0,0.0,0.0,0.0,0.0,0.0,0.0,0.0,0.0,0.0,0.0
1316,2020,0.0,0.0,0.0,0.0,0.0,0.0,0.0,0.0,0.0,0.0,0.0,0.0,0.0,0.0,0.0,0.0,0.0,0.0,0.0,0.0,0.0,0.0,0.0,0.0,0.0,0.0,77.0,0.0
1316,2021,0.0,0.0,226.0,0.0,2.0,0.0,0.0,0.0,0.0,0.0,0.0,0.0,6.0,0.0,0.0,0.0,0.0,2.0,0.0,0.0,0.0,0.0,0.0,0.0,0.0,0.0,5.0,0.0
1316,2022,0.0,0.0,456.0,0.0,18.0,0.0,0.0,0.0,0.0,0.0,0.0,54.0,12.0,0.0,0.0,0.0,402.0,2.0,50.0,8.0,1.0,0.0,0.0,0.0,0.0,0.0,0.0,0.0
1316,2023,7.0,408.0,456.0,0.0,6.0,0.0,0.0,0.0,0.0,0.0,0.0,0.0,12.0,0.0,68.0,0.0,0.0,0.0,0.0,24.0,4.0,0.0,0.0,0.0,0.0,0.0,0.0,0.0
1316,2024,24.0,0.0,456.0,0.0,22.0,0.0,0.0,0.0,0.0,0.0,0.0,112.0,12.0,0.0,41.0,0.0,0.0,0.0,0.0,10.0,2.0,0.0,0.0,0.0,255.0,390.0,0.0,0.0
1316,2025,10.0,0.0,418.0,0.0,14.0,0.0,0.0,0.0,0.0,0.0,0.0,112.0,3.0,0.0,36.0,0.0,0.0,0.0,0.0,0.0,2.0,0.0,0.0,0.0,161.0,199.0,0.0,0.0
1316,2026,4.0,0.0,228.0,0.0,0.0,0.0,0.0,0.0,0.0,0.0,0.0,112.0,0.0,0.0,0.0,0.0,0.0,0.0,0.0,0.0,0.0,0.0,0.0,0.0,0.0,0.0,0.0,135.0
1317,2019,0.0,0.0,0.0,16.0,0.0,0.0,0.0,0.0,0.0,0.0,0.0,0.0,0.0,0.0,0.0,0.0,0.0,0.0,0.0,0.0,0.0,0.0,0.0,0.0,0.0,0.0,0.0,0.0
1317,2020,0.0,0.0,0.0,0.0,0.0,0.0,0.0,0.0,0.0,0.0,0.0,0.0,0.0,0.0,0.0,0.0,0.0,0.0,0.0,0.0,0.0,0.0,0.0,0.0,0.0,0.0,184.0,0.0
1317,2021,0.0,0.0,226.0,0.0,2.0,0.0,0.0,0.0,0.0,0.0,0.0,0.0,60.0,0.0,0.0,0.0,0.0,218.0,0.0,0.0,0.0,0.0,0.0,0.0,0.0,0.0,160.0,0.0
1317,2022,0.0,0.0,456.0,0.0,18.0,0.0,0.0,0.0,0.0,0.0,0.0,0.0,122.0,0.0,0.0,0.0,200.0,218.0,242.0,6.0,17.0,0.0,0.0,0.0,0.0,0.0,0.0,0.0
1317,2023,10.0,468.0,456.0,0.0,6.0,0.0,0.0,0.0,0.0,0.0,0.0,0.0,137.0,0.0,0.0,0.0,0.0,0.0,0.0,36.0,12.0,170.0,0.0,616.0,0.0,0.0,0.0,0.0
1317,2024,12.0,0.0,456.0,0.0,22.0,0.0,0.0,0.0,0.0,0.0,0.0,0.0,141.0,0.0,6.0,57.0,0.0,0.0,0.0,66.0,20.0,0.0,0.0,0.0,736.0,1445.0,0.0,0.0
1317,2025,25.0,0.0,418.0,0.0,14.0,0.0,0.0,0.0,0.0,0.0,0.0,0.0,35.0,0.0,0.0,26.0,0.0,0.0,0.0,0.0,6.0,0.0,0.0,0.0,636.0,808.0,0.0,0.0
1317,2026,7.0,0.0,228.0,0.0,0.0,0.0,0.0,0.0,0.0,0.0,0.0,0.0,0.0,0.0,0.0,5.0,0.0,0.0,0.0,0.0,0.0,0.0,0.0,0.0,0.0,0.0,0.0,976.0
1318,2019,0.0,0.0,0.0,0.0,0.0,0.0,0.0,0.0,0.0,0.0,0.0,0.0,0.0,0.0,0.0,0.0,0.0,0.0,0.0,0.0,0.0,0.0,0.0,0.0,0.0,0.0,0.0,0.0
1318,2020,0.0,0.0,0.0,0.0,0.0,0.0,0.0,0.0,0.0,0.0,0.0,0.0,0.0,0.0,0.0,0.0,0.0,0.0,0.0,0.0,0.0,0.0,0.0,0.0,0.0,0.0,0.0,0.0
1318,2021,0.0,0.0,0.0,0.0,0.0,0.0,0.0,0.0,0.0,0.0,0.0,0.0,0.0,0.0,0.0,0.0,0.0,0.0,0.0,0.0,0.0,0.0,0.0,0.0,0.0,0.0,0.0,0.0
1318,2022,0.0,0.0,0.0,0.0,0.0,0.0,0.0,0.0,0.0,0.0,0.0,0.0,0.0,0.0,0.0,0.0,73.0,0.0,55.0,6.0,0.0,0.0,0.0,0.0,0.0,0.0,0.0,0.0
1318,2023,0.0,0.0,0.0,0.0,0.0,0.0,0.0,0.0,0.0,0.0,0.0,0.0,0.0,0.0,0.0,0.0,0.0,0.0,0.0,3.0,0.0,0.0,0.0,0.0,0.0,0.0,0.0,0.0
1318,2024,0.0,0.0,0.0,0.0,0.0,0.0,0.0,0.0,0.0,0.0,0.0,0.0,0.0,0.0,0.0,0.0,0.0,0.0,0.0,7.0,0.0,0.0,0.0,0.0,0.0,0.0,0.0,0.0
1318,2025,0.0,0.0,0.0,0.0,0.0,0.0,0.0,0.0,0.0,0.0,0.0,0.0,0.0,0.0,0.0,0.0,0.0,0.0,0.0,0.0,0.0,0.0,0.0,0.0,0.0,0.0,0.0,0.0
1318,2026,0.0,0.0,0.0,0.0,0.0,0.0,0.0,0.0,0.0,0.0,0.0,0.0,0.0,0.0,0.0,0.0,0.0,0.0,0.0,0.0,0.0,0.0,0.0,0.0,0.0,0.0,0.0,0.0
1319,2019,0.0,0.0,0.0,26.0,0.0,0.0,0.0,0.0,0.0,0.0,0.0,0.0,0.0,0.0,0.0,0.0,0.0,0.0,0.0,0.0,0.0,0.0,0.0,0.0,0.0,0.0,0.0,0.0
1319,2020,0.0,0.0,0.0,0.0,0.0,0.0,0.0,0.0,0.0,0.0,0.0,0.0,0.0,0.0,0.0,0.0,0.0,0.0,0.0,0.0,0.0,0.0,0.0,0.0,0.0,0.0,92.0,0.0
1319,2021,0.0,0.0,226.0,0.0,41.0,0.0,0.0,0.0,0.0,0.0,0.0,0.0,26.0,0.0,0.0,0.0,0.0,14.0,0.0,0.0,0.0,0.0,0.0,0.0,0.0,0.0,56.0,0.0
1319,2022,0.0,0.0,456.0,0.0,360.0,0.0,0.0,0.0,0.0,0.0,0.0,0.0,53.0,0.0,0.0,0.0,18.0,14.0,150.0,8.0,5.0,0.0,0.0,0.0,0.0,0.0,0.0,0.0
1319,2023,2.0,236.0,456.0,0.0,120.0,0.0,0.0,0.0,0.0,0.0,0.0,0.0,59.0,0.0,21.0,0.0,0.0,0.0,0.0,0.0,1.0,161.0,0.0,455.0,0.0,0.0,0.0,0.0
1319,2024,9.0,0.0,456.0,0.0,440.0,0.0,0.0,0.0,0.0,0.0,0.0,0.0,60.0,0.0,0.0,17.0,0.0,0.0,0.0,2.0,6.0,0.0,0.0,0.0,216.0,331.0,0.0,0.0
1319,2025,13.0,0.0,418.0,0.0,265.0,0.0,0.0,0.0,0.0,0.0,0.0,0.0,15.0,0.0,0.0,16.0,0.0,0.0,0.0,0.0,1.0,0.0,0.0,0.0,146.0,167.0,0.0,0.0
1319,2026,5.0,0.0,228.0,0.0,0.0,0.0,0.0,0.0,0.0,0.0,0.0,0.0,0.0,0.0,0.0,7.0,0.0,0.0,0.0,0.0,0.0,0.0,0.0,0.0,0.0,0.0,0.0,673.0
1320,2019,0.0,0.0,0.0,0.0,0.0,0.0,0.0,0.0,0.0,0.0,0.0,0.0,0.0,0.0,0.0,0.0,0.0,0.0,0.0,0.0,0.0,0.0,0.0,0.0,0.0,0.0,0.0,0.0
1320,2020,0.0,0.0,0.0,0.0,0.0,0.0,0.0,0.0,0.0,0.0,0.0,0.0,0.0,0.0,0.0,0.0,0.0,0.0,0.0,0.0,0.0,0.0,0.0,0.0,0.0,0.0,7.0,0.0
1320,2021,0.0,0.0,226.0,0.0,5.0,0.0,0.0,0.0,0.0,0.0,0.0,0.0,16.0,0.0,0.0,0.0,0.0,30.0,0.0,0.0,0.0,0.0,0.0,0.0,0.0,0.0,10.0,0.0
1320,2022,0.0,0.0,456.0,0.0,45.0,0.0,0.0,0.0,0.0,0.0,0.0,0.0,32.0,0.0,0.0,0.0,104.0,34.0,48.0,2.0,5.0,0.0,0.0,0.0,0.0,0.0,0.0,0.0
1320,2023,4.0,129.0,456.0,0.0,15.0,0.0,0.0,0.0,0.0,0.0,0.0,0.0,32.0,0.0,18.0,0.0,0.0,0.0,0.0,0.0,3.0,132.0,0.0,419.0,0.0,0.0,0.0,0.0
1320,2024,1.0,0.0,456.0,0.0,55.0,0.0,0.0,0.0,0.0,0.0,0.0,0.0,28.0,0.0,0.0,10.0,0.0,0.0,0.0,32.0,4.0,0.0,0.0,0.0,200.0,385.0,0.0,0.0
1320,2025,7.0,0.0,418.0,0.0,35.0,0.0,0.0,0.0,0.0,0.0,0.0,0.0,7.0,0.0,0.0,7.0,0.0,0.0,0.0,0.0,0.0,0.0,0.0,0.0,124.0,172.0,0.0,0.0
1320,2026,3.0,0.0,228.0,0.0,0.0,0.0,0.0,0.0,0.0,0.0,0.0,0.0,0.0,0.0,0.0,2.0,0.0,0.0,0.0,0.0,0.0,0.0,0.0,0.0,0.0,0.0,0.0,141.0
1321,2019,0.0,0.0,0.0,0.0,0.0,0.0,0.0,0.0,0.0,0.0,0.0,0.0,0.0,0.0,0.0,0.0,0.0,0.0,0.0,0.0,0.0,0.0,0.0,0.0,0.0,0.0,0.0,0.0
1321,2020,0.0,0.0,0.0,0.0,0.0,0.0,0.0,0.0,0.0,0.0,0.0,0.0,0.0,0.0,0.0,0.0,0.0,0.0,0.0,0.0,0.0,0.0,0.0,0.0,0.0,0.0,185.0,0.0
1321,2021,0.0,0.0,226.0,0.0,11.0,0.0,0.0,0.0,0.0,0.0,0.0,0.0,30.0,0.0,0.0,0.0,0.0,0.0,0.0,0.0,0.0,0.0,0.0,0.0,0.0,0.0,268.0,0.0
1321,2022,0.0,0.0,456.0,0.0,90.0,0.0,0.0,0.0,0.0,0.0,0.0,0.0,49.0,0.0,12.0,0.0,0.0,0.0,36.0,0.0,19.0,0.0,0.0,0.0,0.0,0.0,0.0,0.0
1321,2023,13.0,176.0,456.0,0.0,30.0,0.0,0.0,0.0,0.0,0.0,0.0,0.0,48.0,0.0,13.0,0.0,0.0,0.0,0.0,38.0,10.0,0.0,0.0,0.0,0.0,0.0,0.0,0.0
1321,2024,27.0,0.0,456.0,0.0,110.0,0.0,0.0,0.0,0.0,0.0,0.0,0.0,48.0,0.0,35.0,105.0,0.0,0.0,0.0,72.0,29.0,0.0,0.0,0.0,195.0,376.0,0.0,0.0
1321,2025,27.0,0.0,418.0,0.0,70.0,0.0,0.0,0.0,0.0,0.0,0.0,0.0,12.0,0.0,38.0,84.0,0.0,0.0,0.0,0.0,5.0,0.0,0.0,0.0,143.0,199.0,0.0,0.0
1321,2026,11.0,0.0,228.0,0.0,0.0,0.0,0.0,0.0,0.0,0.0,0.0,0.0,0.0,0.0,0.0,46.0,0.0,0.0,0.0,0.0,0.0,0.0,0.0,0.0,0.0,0.0,0.0,459.0
1322,2019,0.0,0.0,0.0,9.0,0.0,0.0,0.0,0.0,0.0,0.0,0.0,0.0,0.0,0.0,0.0,0.0,0.0,0.0,0.0,0.0,0.0,0.0,0.0,0.0,0.0,0.0,0.0,0.0
1322,2020,0.0,0.0,0.0,0.0,0.0,0.0,0.0,0.0,0.0,0.0,0.0,0.0,0.0,0.0,0.0,0.0,0.0,0.0,0.0,0.0,0.0,0.0,0.0,0.0,0.0,0.0,12.0,0.0
1322,2021,0.0,0.0,226.0,0.0,23.0,0.0,0.0,0.0,0.0,0.0,0.0,0.0,14.0,0.0,0.0,0.0,0.0,56.0,0.0,0.0,0.0,0.0,0.0,0.0,0.0,0.0,3.0,0.0
1322,2022,0.0,0.0,456.0,0.0,198.0,0.0,0.0,0.0,0.0,0.0,0.0,0.0,28.0,0.0,0.0,0.0,688.0,56.0,22.0,2.0,9.0,0.0,0.0,0.0,0.0,0.0,0.0,0.0
1322,2023,8.0,262.0,456.0,0.0,66.0,0.0,0.0,0.0,0.0,0.0,0.0,0.0,25.0,0.0,99.0,0.0,0.0,0.0,0.0,2.0,5.0,0.0,0.0,0.0,0.0,0.0,0.0,0.0
1322,2024,9.0,0.0,456.0,0.0,242.0,0.0,0.0,0.0,0.0,0.0,0.0,0.0,24.0,0.0,100.0,7.0,0.0,0.0,0.0,18.0,1.0,0.0,0.0,0.0,228.0,460.0,0.0,0.0
1322,2025,11.0,0.0,418.0,0.0,154.0,0.0,0.0,0.0,0.0,0.0,0.0,0.0,8.0,0.0,24.0,7.0,0.0,0.0,0.0,0.0,4.0,0.0,0.0,0.0,137.0,199.0,0.0,0.0
1322,2026,5.0,0.0,228.0,0.0,0.0,0.0,0.0,0.0,0.0,0.0,0.0,0.0,0.0,0.0,0.0,4.0,0.0,0.0,0.0,0.0,0.0,0.0,0.0,0.0,0.0,0.0,0.0,266.0
1401,2019,0.0,0.0,0.0,59.0,0.0,0.0,0.0,0.0,0.0,0.0,0.0,0.0,0.0,0.0,0.0,0.0,0.0,0.0,0.0,0.0,0.0,0.0,0.0,0.0,0.0,0.0,0.0,0.0
1401,2020,0.0,0.0,0.0,0.0,0.0,0.0,0.0,0.0,0.0,0.0,0.0,0.0,0.0,0.0,0.0,0.0,0.0,0.0,0.0,0.0,0.0,0.0,0.0,0.0,0.0,0.0,372.0,0.0
1401,2021,0.0,0.0,226.0,0.0,48.0,0.0,0.0,0.0,0.0,0.0,0.0,0.0,203.0,0.0,0.0,0.0,0.0,92.0,0.0,0.0,0.0,0.0,0.0,0.0,0.0,0.0,230.0,0.0
1401,2022,0.0,0.0,456.0,0.0,396.0,0.0,0.0,0.0,0.0,0.0,0.0,42.0,411.0,0.0,0.0,0.0,2414.0,94.0,2056.0,414.0,15.0,0.0,0.0,0.0,0.0,0.0,0.0,0.0
1401,2023,79.0,660.0,456.0,0.0,132.0,0.0,0.0,0.0,0.0,0.0,0.0,0.0,415.0,0.0,42.0,0.0,0.0,0.0,0.0,382.0,6.0,225.0,392.0,759.0,0.0,0.0,0.0,0.0
1401,2024,135.0,0.0,456.0,0.0,460.0,0.0,0.0,0.0,0.0,0.0,0.0,150.0,462.0,0.0,23.0,228.0,0.0,0.0,0.0,222.0,18.0,0.0,0.0,0.0,531.0,961.0,0.0,0.0
1401,2025,138.0,0.0,418.0,0.0,203.0,0.0,0.0,0.0,0.0,0.0,0.0,178.0,119.0,0.0,0.0,145.0,0.0,0.0,0.0,0.0,6.0,0.0,0.0,0.0,332.0,434.0,0.0,0.0
1401,2026,67.0,0.0,228.0,0.0,0.0,0.0,0.0,0.0,0.0,0.0,0.0,226.0,0.0,0.0,0.0,48.0,0.0,0.0,0.0,0.0,0.0,0.0,0.0,0.0,0.0,0.0,0.0,4243.0
1402,2019,0.0,0.0,0.0,8.0,0.0,0.0,0.0,0.0,0.0,0.0,0.0,0.0,0.0,0.0,0.0,0.0,0.0,0.0,0.0,0.0,0.0,0.0,0.0,0.0,0.0,0.0,0.0,0.0
1402,2020,0.0,0.0,0.0,0.0,0.0,0.0,0.0,0.0,0.0,0.0,0.0,0.0,0.0,0.0,0.0,0.0,0.0,0.0,0.0,0.0,0.0,0.0,0.0,0.0,0.0,0.0,156.0,0.0
1402,2021,0.0,0.0,226.0,0.0,54.0,0.0,0.0,0.0,0.0,0.0,0.0,0.0,18.0,0.0,0.0,0.0,0.0,86.0,0.0,0.0,0.0,0.0,0.0,0.0,0.0,0.0,265.0,0.0
1402,2022,0.0,0.0,456.0,0.0,324.0,0.0,0.0,0.0,0.0,0.0,0.0,0.0,36.0,0.0,0.0,0.0,14.0,88.0,66.0,0.0,2.0,0.0,0.0,0.0,0.0,0.0,0.0,0.0
1402,2023,17.0,419.0,456.0,0.0,108.0,0.0,0.0,0.0,0.0,0.0,0.0,0.0,39.0,0.0,0.0,0.0,0.0,0.0,0.0,4.0,0.0,220.0,0.0,567.0,0.0,0.0,0.0,0.0
1402,2024,50.0,0.0,456.0,0.0,394.0,0.0,0.0,0.0,0.0,0.0,0.0,0.0,40.0,0.0,7.0,73.0,0.0,0.0,0.0,0.0,0.0,0.0,0.0,0.0,197.0,347.0,0.0,0.0
1402,2025,52.0,0.0,418.0,0.0,245.0,0.0,0.0,0.0,0.0,0.0,0.0,0.0,11.0,0.0,0.0,59.0,0.0,0.0,0.0,0.0,1.0,0.0,0.0,0.0,133.0,158.0,0.0,0.0
1402,2026,23.0,0.0,228.0,0.0,0.0,0.0,0.0,0.0,0.0,0.0,0.0,0.0,0.0,0.0,0.0,41.0,0.0,0.0,0.0,0.0,0.0,0.0,0.0,0.0,0.0,0.0,0.0,517.0
1403,2019,0.0,0.0,0.0,2.0,0.0,0.0,0.0,0.0,0.0,0.0,0.0,0.0,0.0,0.0,0.0,0.0,0.0,0.0,0.0,0.0,0.0,0.0,0.0,0.0,0.0,0.0,0.0,0.0
1403,2020,0.0,0.0,0.0,0.0,0.0,0.0,0.0,0.0,0.0,0.0,0.0,0.0,0.0,0.0,0.0,0.0,0.0,0.0,0.0,0.0,0.0,0.0,0.0,0.0,0.0,0.0,12.0,0.0
1403,2021,0.0,0.0,226.0,0.0,70.0,0.0,0.0,0.0,0.0,0.0,0.0,0.0,16.0,0.0,0.0,0.0,0.0,62.0,0.0,0.0,0.0,0.0,0.0,0.0,0.0,0.0,8.0,0.0
1403,2022,0.0,0.0,456.0,0.0,576.0,0.0,0.0,0.0,0.0,0.0,0.0,0.0,32.0,0.0,0.0,0.0,0.0,66.0,12.0,0.0,1.0,0.0,0.0,0.0,0.0,0.0,0.0,0.0
1403,2023,8.0,196.0,456.0,0.0,192.0,0.0,0.0,0.0,0.0,0.0,0.0,0.0,32.0,0.0,0.0,0.0,0.0,0.0,0.0,0.0,0.0,175.0,0.0,380.0,0.0,0.0,0.0,0.0
1403,2024,19.0,0.0,456.0,0.0,704.0,0.0,0.0,0.0,0.0,0.0,0.0,0.0,32.0,0.0,32.0,0.0,0.0,0.0,0.0,0.0,0.0,0.0,0.0,0.0,73.0,159.0,0.0,0.0
1403,2025,24.0,0.0,418.0,0.0,421.0,0.0,0.0,0.0,0.0,0.0,0.0,0.0,9.0,0.0,0.0,0.0,0.0,0.0,0.0,0.0,0.0,0.0,0.0,0.0,65.0,80.0,0.0,0.0
1403,2026,8.0,0.0,228.0,0.0,0.0,0.0,0.0,0.0,0.0,0.0,0.0,0.0,0.0,0.0,0.0,0.0,0.0,0.0,0.0,0.0,0.0,0.0,0.0,0.0,0.0,0.0,0.0,333.0
1404,2019,0.0,0.0,0.0,9.0,0.0,0.0,0.0,0.0,0.0,0.0,0.0,0.0,0.0,0.0,0.0,0.0,0.0,0.0,0.0,0.0,0.0,0.0,0.0,0.0,0.0,0.0,0.0,0.0
1404,2020,0.0,0.0,0.0,0.0,0.0,0.0,0.0,0.0,0.0,0.0,0.0,0.0,0.0,0.0,0.0,0.0,0.0,0.0,0.0,0.0,0.0,0.0,0.0,0.0,0.0,0.0,4.0,0.0
1404,2021,0.0,0.0,226.0,0.0,11.0,0.0,0.0,0.0,0.0,0.0,0.0,0.0,6.0,0.0,0.0,0.0,0.0,158.0,0.0,0.0,0.0,0.0,0.0,0.0,0.0,0.0,3.0,0.0
1404,2022,0.0,0.0,456.0,0.0,27.0,0.0,0.0,0.0,164.0,0.0,0.0,0.0,10.0,0.0,0.0,0.0,4.0,158.0,50.0,8.0,2.0,0.0,0.0,0.0,0.0,0.0,0.0,0.0
1404,2023,12.0,188.0,456.0,0.0,9.0,0.0,0.0,0.0,0.0,0.0,0.0,0.0,8.0,0.0,0.0,0.0,0.0,0.0,0.0,48.0,0.0,161.0,0.0,379.0,0.0,0.0,0.0,0.0
1404,2024,23.0,0.0,456.0,0.0,33.0,0.0,0.0,0.0,328.0,0.0,0.0,0.0,8.0,0.0,6.0,37.0,0.0,0.0,0.0,10.0,0.0,0.0,0.0,0.0,126.0,218.0,0.0,0.0
1404,2025,21.0,0.0,418.0,0.0,21.0,0.0,0.0,0.0,328.0,0.0,0.0,0.0,3.0,0.0,0.0,23.0,0.0,0.0,0.0,0.0,1.0,0.0,0.0,0.0,77.0,85.0,0.0,0.0
1404,2026,8.0,0.0,228.0,0.0,0.0,0.0,0.0,0.0,328.0,0.0,0.0,0.0,0.0,0.0,0.0,6.0,0.0,0.0,0.0,0.0,0.0,0.0,0.0,0.0,0.0,0.0,0.0,458.0
1405,2019,0.0,0.0,0.0,18.0,0.0,0.0,0.0,0.0,0.0,0.0,0.0,0.0,0.0,0.0,0.0,0.0,0.0,0.0,0.0,0.0,0.0,0.0,0.0,0.0,0.0,0.0,0.0,0.0
1405,2020,0.0,0.0,0.0,0.0,0.0,0.0,0.0,0.0,0.0,0.0,0.0,0.0,0.0,0.0,0.0,0.0,0.0,0.0,0.0,0.0,0.0,0.0,0.0,0.0,0.0,0.0,5.0,0.0
1405,2021,0.0,0.0,226.0,0.0,8.0,0.0,0.0,0.0,0.0,0.0,0.0,0.0,15.0,0.0,0.0,0.0,0.0,32.0,0.0,0.0,0.0,0.0,0.0,0.0,0.0,0.0,16.0,0.0
1405,2022,0.0,0.0,456.0,0.0,27.0,0.0,0.0,0.0,74.0,0.0,0.0,0.0,32.0,0.0,0.0,0.0,6.0,34.0,122.0,30.0,2.0,0.0,0.0,0.0,0.0,0.0,0.0,0.0
1405,2023,4.0,353.0,456.0,0.0,9.0,0.0,0.0,0.0,0.0,0.0,0.0,0.0,32.0,0.0,0.0,0.0,0.0,0.0,0.0,38.0,2.0,149.0,0.0,408.0,0.0,0.0,0.0,0.0
1405,2024,21.0,0.0,456.0,0.0,33.0,0.0,0.0,0.0,148.0,0.0,0.0,0.0,32.0,0.0,4.0,17.0,0.0,0.0,0.0,12.0,0.0,0.0,0.0,0.0,97.0,162.0,0.0,0.0
1405,2025,21.0,0.0,418.0,0.0,21.0,0.0,0.0,0.0,148.0,0.0,0.0,0.0,8.0,0.0,0.0,18.0,0.0,0.0,0.0,0.0,1.0,0.0,0.0,0.0,70.0,87.0,0.0,0.0
1405,2026,9.0,0.0,228.0,0.0,0.0,0.0,0.0,0.0,148.0,0.0,0.0,0.0,0.0,0.0,0.0,5.0,0.0,0.0,0.0,0.0,0.0,0.0,0.0,0.0,0.0,0.0,0.0,274.0
1406,2019,0.0,0.0,0.0,24.0,0.0,0.0,0.0,0.0,0.0,0.0,0.0,0.0,0.0,0.0,0.0,0.0,0.0,0.0,0.0,0.0,0.0,0.0,0.0,0.0,0.0,0.0,0.0,0.0
1406,2020,0.0,0.0,0.0,0.0,0.0,0.0,0.0,0.0,0.0,0.0,0.0,0.0,0.0,0.0,0.0,0.0,0.0,0.0,0.0,0.0,0.0,0.0,0.0,0.0,0.0,0.0,49.0,0.0
1406,2021,0.0,0.0,226.0,0.0,17.0,0.0,0.0,0.0,0.0,0.0,0.0,0.0,42.0,0.0,0.0,0.0,0.0,14.0,0.0,0.0,0.0,0.0,0.0,0.0,0.0,0.0,77.0,0.0
1406,2022,0.0,0.0,456.0,0.0,81.0,0.0,0.0,0.0,0.0,0.0,0.0,0.0,80.0,0.0,0.0,0.0,4.0,14.0,222.0,20.0,1.0,0.0,0.0,0.0,0.0,0.0,0.0,0.0
1406,2023,29.0,316.0,456.0,0.0,27.0,0.0,0.0,0.0,0.0,0.0,0.0,0.0,83.0,0.0,0.0,0.0,0.0,0.0,0.0,60.0,7.0,217.0,0.0,596.0,0.0,0.0,0.0,0.0
1406,2024,59.0,0.0,456.0,0.0,93.0,0.0,0.0,0.0,0.0,0.0,0.0,0.0,87.0,802.0,17.0,137.0,0.0,0.0,0.0,12.0,5.0,0.0,0.0,0.0,236.0,496.0,0.0,0.0
1406,2025,64.0,0.0,418.0,0.0,49.0,0.0,0.0,0.0,0.0,0.0,0.0,0.0,23.0,198.0,0.0,52.0,0.0,0.0,0.0,0.0,9.0,0.0,0.0,0.0,161.0,210.0,0.0,0.0
1406,2026,19.0,0.0,228.0,0.0,0.0,0.0,0.0,0.0,0.0,0.0,0.0,0.0,0.0,0.0,0.0,23.0,0.0,0.0,0.0,0.0,0.0,0.0,0.0,0.0,0.0,0.0,0.0,1147.0
1407,2019,0.0,0.0,0.0,7.0,0.0,0.0,0.0,0.0,0.0,0.0,0.0,0.0,0.0,0.0,0.0,0.0,0.0,0.0,0.0,0.0,0.0,0.0,0.0,0.0,0.0,0.0,0.0,0.0
1407,2020,0.0,0.0,0.0,0.0,0.0,0.0,0.0,0.0,0.0,0.0,0.0,0.0,0.0,0.0,0.0,0.0,0.0,0.0,0.0,0.0,0.0,0.0,0.0,0.0,0.0,0.0,79.0,0.0
1407,2021,0.0,0.0,226.0,0.0,9.0,0.0,0.0,0.0,0.0,0.0,0.0,0.0,0.0,0.0,0.0,0.0,0.0,14.0,0.0,0.0,0.0,0.0,0.0,0.0,0.0,0.0,24.0,0.0
1407,2022,0.0,0.0,456.0,0.0,36.0,0.0,0.0,0.0,0.0,0.0,0.0,0.0,0.0,0.0,0.0,0.0,0.0,14.0,242.0,32.0,0.0,0.0,0.0,0.0,0.0,0.0,0.0,0.0
1407,2023,9.0,150.0,456.0,0.0,12.0,0.0,0.0,0.0,0.0,0.0,0.0,0.0,0.0,0.0,0.0,0.0,0.0,0.0,0.0,128.0,1.0,0.0,0.0,0.0,0.0,0.0,0.0,0.0
1407,2024,8.0,0.0,456.0,0.0,41.0,0.0,0.0,0.0,0.0,0.0,0.0,0.0,4.0,0.0,3.0,0.0,0.0,0.0,0.0,132.0,0.0,0.0,0.0,0.0,99.0,212.0,0.0,0.0
1407,2025,13.0,0.0,418.0,0.0,21.0,0.0,0.0,0.0,0.0,0.0,0.0,0.0,3.0,0.0,0.0,0.0,0.0,0.0,0.0,0.0,0.0,0.0,0.0,0.0,103.0,92.0,0.0,0.0
1407,2026,3.0,0.0,228.0,0.0,0.0,0.0,0.0,0.0,0.0,0.0,0.0,0.0,0.0,0.0,0.0,0.0,0.0,0.0,0.0,0.0,0.0,0.0,0.0,0.0,0.0,0.0,0.0,504.0
1408,2019,0.0,0.0,0.0,2.0,0.0,0.0,0.0,0.0,0.0,0.0,0.0,0.0,0.0,0.0,0.0,0.0,0.0,0.0,0.0,0.0,0.0,0.0,0.0,0.0,0.0,0.0,0.0,0.0
1408,2020,0.0,0.0,0.0,0.0,0.0,0.0,0.0,0.0,0.0,0.0,0.0,0.0,0.0,0.0,0.0,0.0,0.0,0.0,0.0,0.0,0.0,0.0,0.0,0.0,0.0,0.0,31.0,0.0
1408,2021,0.0,0.0,226.0,0.0,5.0,0.0,0.0,0.0,0.0,0.0,0.0,0.0,2.0,0.0,0.0,0.0,0.0,22.0,0.0,0.0,0.0,0.0,0.0,0.0,0.0,0.0,72.0,0.0
1408,2022,0.0,0.0,456.0,0.0,45.0,0.0,0.0,0.0,0.0,0.0,0.0,0.0,8.0,0.0,0.0,0.0,2.0,24.0,50.0,20.0,1.0,0.0,0.0,0.0,0.0,0.0,0.0,0.0
1408,2023,4.0,106.0,456.0,0.0,15.0,0.0,0.0,0.0,0.0,0.0,0.0,0.0,8.0,0.0,0.0,0.0,0.0,0.0,0.0,6.0,0.0,0.0,0.0,0.0,0.0,0.0,0.0,0.0
1408,2024,9.0,0.0,456.0,0.0,55.0,0.0,0.0,0.0,0.0,0.0,0.0,0.0,8.0,0.0,7.0,12.0,0.0,0.0,0.0,4.0,0.0,0.0,0.0,0.0,21.0,62.0,0.0,0.0
1408,2025,8.0,0.0,418.0,0.0,35.0,0.0,0.0,0.0,0.0,0.0,0.0,0.0,2.0,0.0,0.0,3.0,0.0,0.0,0.0,0.0,0.0,0.0,0.0,0.0,24.0,25.0,0.0,0.0
1408,2026,2.0,0.0,228.0,0.0,0.0,0.0,0.0,0.0,0.0,0.0,0.0,0.0,0.0,0.0,0.0,1.0,0.0,0.0,0.0,0.0,0.0,0.0,0.0,0.0,0.0,0.0,0.0,53.0
1409,2019,0.0,0.0,0.0,2.0,0.0,0.0,0.0,0.0,0.0,0.0,0.0,0.0,0.0,0.0,0.0,0.0,0.0,0.0,0.0,0.0,0.0,0.0,0.0,0.0,0.0,0.0,0.0,0.0
1409,2020,0.0,0.0,0.0,0.0,0.0,0.0,0.0,0.0,0.0,0.0,0.0,0.0,0.0,0.0,0.0,0.0,0.0,0.0,0.0,0.0,0.0,0.0,0.0,0.0,0.0,0.0,22.0,0.0
1409,2021,0.0,0.0,226.0,0.0,33.0,0.0,0.0,0.0,0.0,0.0,0.0,0.0,12.0,0.0,0.0,0.0,0.0,26.0,0.0,0.0,0.0,0.0,0.0,0.0,0.0,0.0,25.0,0.0
1409,2022,0.0,0.0,456.0,0.0,297.0,0.0,0.0,0.0,0.0,0.0,0.0,0.0,24.0,0.0,0.0,0.0,40.0,28.0,684.0,308.0,0.0,0.0,0.0,0.0,0.0,0.0,0.0,0.0
1409,2023,12.0,302.0,456.0,0.0,99.0,0.0,0.0,0.0,0.0,0.0,0.0,0.0,24.0,0.0,0.0,0.0,0.0,0.0,0.0,336.0,0.0,37.0,0.0,365.0,0.0,0.0,0.0,0.0
1409,2024,24.0,0.0,456.0,0.0,363.0,0.0,0.0,0.0,0.0,0.0,0.0,0.0,30.0,0.0,0.0,14.0,0.0,0.0,0.0,256.0,1.0,0.0,0.0,0.0,237.0,538.0,0.0,0.0
1409,2025,12.0,0.0,418.0,0.0,228.0,0.0,0.0,0.0,0.0,0.0,0.0,0.0,10.0,0.0,0.0,14.0,0.0,0.0,0.0,0.0,7.0,0.0,0.0,0.0,338.0,238.0,0.0,0.0
1409,2026,1.0,0.0,228.0,0.0,0.0,0.0,0.0,0.0,0.0,0.0,0.0,0.0,0.0,0.0,0.0,3.0,0.0,0.0,0.0,0.0,0.0,0.0,0.0,0.0,0.0,0.0,0.0,358.0
1410,2019,0.0,0.0,0.0,2.0,0.0,0.0,0.0,0.0,0.0,0.0,0.0,0.0,0.0,0.0,0.0,0.0,0.0,0.0,0.0,0.0,0.0,0.0,0.0,0.0,0.0,0.0,0.0,0.0
1410,2020,0.0,0.0,0.0,0.0,0.0,0.0,0.0,0.0,0.0,0.0,0.0,0.0,0.0,0.0,0.0,0.0,0.0,0.0,0.0,0.0,0.0,0.0,0.0,0.0,0.0,0.0,14.0,0.0
1410,2021,0.0,0.0,224.0,0.0,8.0,0.0,0.0,0.0,0.0,0.0,0.0,0.0,2.0,0.0,0.0,0.0,0.0,8.0,0.0,0.0,0.0,0.0,0.0,0.0,0.0,0.0,12.0,0.0
1410,2022,0.0,0.0,456.0,0.0,72.0,0.0,0.0,0.0,0.0,0.0,0.0,0.0,4.0,0.0,0.0,0.0,2.0,8.0,36.0,18.0,0.0,0.0,0.0,0.0,0.0,0.0,0.0,0.0
1410,2023,3.0,143.0,456.0,0.0,24.0,0.0,0.0,0.0,0.0,0.0,0.0,0.0,4.0,0.0,0.0,0.0,0.0,0.0,0.0,2.0,0.0,0.0,0.0,0.0,0.0,0.0,0.0,0.0
1410,2024,7.0,0.0,456.0,0.0,85.0,0.0,0.0,0.0,0.0,0.0,0.0,0.0,4.0,0.0,4.0,25.0,0.0,0.0,0.0,0.0,0.0,0.0,0.0,0.0,90.0,156.0,0.0,0.0
1410,2025,5.0,0.0,416.0,0.0,49.0,0.0,0.0,0.0,0.0,0.0,0.0,0.0,2.0,0.0,0.0,8.0,0.0,0.0,0.0,0.0,0.0,0.0,0.0,0.0,82.0,76.0,0.0,0.0
1410,2026,1.0,0.0,228.0,0.0,0.0,0.0,0.0,0.0,0.0,0.0,0.0,0.0,0.0,0.0,0.0,8.0,0.0,0.0,0.0,0.0,0.0,0.0,0.0,0.0,0.0,0.0,0.0,0.0
1411,2019,0.0,0.0,0.0,0.0,0.0,0.0,0.0,0.0,0.0,0.0,0.0,0.0,0.0,0.0,0.0,0.0,0.0,0.0,0.0,0.0,0.0,0.0,0.0,0.0,0.0,0.0,0.0,0.0
1411,2020,0.0,0.0,0.0,0.0,0.0,0.0,0.0,0.0,0.0,0.0,0.0,0.0,0.0,0.0,0.0,0.0,0.0,0.0,0.0,0.0,0.0,0.0,0.0,0.0,0.0,0.0,31.0,0.0
1411,2021,0.0,0.0,0.0,0.0,8.0,0.0,0.0,0.0,0.0,0.0,0.0,0.0,0.0,0.0,0.0,0.0,0.0,20.0,0.0,0.0,0.0,0.0,0.0,0.0,0.0,0.0,2.0,0.0
1411,2022,0.0,0.0,0.0,0.0,72.0,0.0,0.0,0.0,0.0,0.0,0.0,0.0,0.0,0.0,0.0,0.0,2510.0,20.0,216.0,26.0,0.0,0.0,0.0,0.0,0.0,0.0,0.0,0.0
1411,2023,3.0,49.0,0.0,0.0,24.0,0.0,0.0,0.0,0.0,0.0,0.0,0.0,0.0,0.0,0.0,0.0,0.0,0.0,0.0,24.0,1.0,0.0,0.0,0.0,0.0,0.0,0.0,0.0
1411,2024,3.0,0.0,0.0,0.0,85.0,0.0,0.0,0.0,0.0,0.0,0.0,0.0,1.0,0.0,4.0,12.0,0.0,0.0,0.0,20.0,0.0,0.0,0.0,0.0,24.0,38.0,0.0,0.0
1411,2025,6.0,0.0,0.0,0.0,49.0,0.0,0.0,0.0,0.0,0.0,0.0,0.0,1.0,0.0,0.0,5.0,0.0,0.0,0.0,0.0,0.0,0.0,0.0,0.0,13.0,28.0,0.0,0.0
1411,2026,3.0,0.0,0.0,0.0,0.0,0.0,0.0,0.0,0.0,0.0,0.0,0.0,0.0,0.0,0.0,12.0,0.0,0.0,0.0,0.0,0.0,0.0,0.0,0.0,0.0,0.0,0.0,191.0
1412,2019,0.0,0.0,0.0,1.0,0.0,0.0,0.0,0.0,0.0,0.0,0.0,0.0,0.0,0.0,0.0,0.0,0.0,0.0,0.0,0.0,0.0,0.0,0.0,0.0,0.0,0.0,0.0,0.0
1412,2020,0.0,0.0,0.0,0.0,0.0,0.0,0.0,0.0,0.0,0.0,0.0,0.0,0.0,0.0,0.0,0.0,0.0,0.0,0.0,0.0,0.0,0.0,0.0,0.0,0.0,0.0,16.0,0.0
1412,2021,0.0,0.0,0.0,0.0,1.0,0.0,0.0,0.0,0.0,0.0,0.0,0.0,2.0,0.0,0.0,0.0,0.0,14.0,0.0,0.0,0.0,0.0,0.0,0.0,0.0,0.0,25.0,0.0
1412,2022,0.0,0.0,0.0,0.0,9.0,0.0,0.0,0.0,0.0,0.0,0.0,0.0,4.0,0.0,0.0,0.0,38.0,14.0,30.0,38.0,1.0,0.0,0.0,0.0,0.0,0.0,0.0,0.0
1412,2023,3.0,171.0,0.0,0.0,3.0,0.0,0.0,0.0,0.0,0.0,0.0,0.0,4.0,0.0,0.0,0.0,0.0,0.0,0.0,76.0,0.0,47.0,0.0,327.0,0.0,0.0,0.0,0.0
1412,2024,7.0,0.0,0.0,0.0,11.0,0.0,0.0,0.0,0.0,0.0,0.0,0.0,5.0,0.0,0.0,0.0,0.0,0.0,0.0,30.0,0.0,0.0,0.0,0.0,78.0,175.0,0.0,0.0
1412,2025,6.0,0.0,0.0,0.0,7.0,0.0,0.0,0.0,0.0,0.0,0.0,0.0,3.0,0.0,0.0,0.0,0.0,0.0,0.0,0.0,0.0,0.0,0.0,0.0,87.0,91.0,0.0,0.0
1412,2026,2.0,0.0,0.0,0.0,0.0,0.0,0.0,0.0,0.0,0.0,0.0,0.0,0.0,0.0,0.0,0.0,0.0,0.0,0.0,0.0,0.0,0.0,0.0,0.0,0.0,0.0,0.0,110.0
1501,2019,0.0,0.0,0.0,45.0,0.0,0.0,0.0,0.0,0.0,0.0,0.0,0.0,0.0,0.0,0.0,0.0,0.0,0.0,0.0,0.0,0.0,0.0,0.0,0.0,0.0,0.0,0.0,0.0
1501,2020,0.0,0.0,0.0,0.0,0.0,0.0,0.0,0.0,0.0,0.0,0.0,0.0,0.0,0.0,0.0,0.0,0.0,0.0,0.0,0.0,0.0,0.0,0.0,0.0,0.0,0.0,669.0,0.0
1501,2021,0.0,0.0,226.0,0.0,42.0,0.0,0.0,0.0,0.0,0.0,0.0,0.0,704.0,0.0,0.0,0.0,0.0,202.0,0.0,0.0,0.0,0.0,0.0,0.0,0.0,0.0,753.0,0.0
1501,2022,0.0,0.0,456.0,0.0,378.0,0.0,0.0,0.0,630.0,0.0,0.0,10.0,1411.0,0.0,0.0,0.0,104.0,202.0,2410.0,719.0,41.0,0.0,0.0,0.0,0.0,0.0,0.0,0.0
1501,2023,89.0,774.0,456.0,0.0,126.0,0.0,0.0,0.0,0.0,0.0,0.0,0.0,1420.0,0.0,54.0,0.0,0.0,0.0,0.0,414.0,19.0,226.0,429.0,748.0,0.0,0.0,0.0,0.0
1501,2024,158.0,0.0,456.0,0.0,399.0,0.0,0.0,0.0,1420.0,0.0,0.0,96.0,1427.0,0.0,0.0,46.0,0.0,0.0,0.0,476.0,17.0,0.0,0.0,0.0,958.0,1570.0,0.0,0.0
1501,2025,166.0,0.0,418.0,0.0,245.0,0.0,0.0,0.0,1512.0,0.0,0.0,146.0,363.0,0.0,0.0,40.0,0.0,0.0,0.0,0.0,11.0,0.0,0.0,0.0,627.0,695.0,0.0,0.0
1501,2026,67.0,0.0,228.0,0.0,0.0,0.0,0.0,0.0,1620.0,0.0,0.0,200.0,0.0,0.0,0.0,15.0,0.0,0.0,0.0,0.0,0.0,0.0,0.0,0.0,0.0,0.0,0.0,1862.0
1503,2019,0.0,0.0,0.0,0.0,0.0,0.0,0.0,0.0,0.0,0.0,0.0,0.0,0.0,0.0,0.0,0.0,0.0,0.0,0.0,0.0,0.0,0.0,0.0,0.0,0.0,0.0,0.0,0.0
1503,2020,0.0,0.0,0.0,0.0,0.0,0.0,0.0,0.0,0.0,0.0,0.0,0.0,0.0,0.0,0.0,0.0,0.0,0.0,0.0,0.0,0.0,0.0,0.0,0.0,0.0,0.0,76.0,0.0
1503,2021,0.0,0.0,226.0,0.0,106.0,0.0,0.0,0.0,0.0,0.0,0.0,0.0,302.0,0.0,0.0,0.0,0.0,44.0,0.0,0.0,0.0,0.0,0.0,0.0,0.0,0.0,36.0,0.0
1503,2022,0.0,0.0,456.0,0.0,954.0,0.0,0.0,0.0,532.0,0.0,0.0,0.0,586.0,0.0,0.0,0.0,10.0,44.0,482.0,509.0,5.0,0.0,0.0,0.0,0.0,0.0,0.0,0.0
1503,2023,14.0,373.0,456.0,0.0,318.0,0.0,0.0,0.0,0.0,0.0,0.0,0.0,587.0,0.0,0.0,0.0,0.0,0.0,0.0,286.0,1.0,0.0,0.0,0.0,0.0,0.0,0.0,0.0
1503,2024,21.0,0.0,456.0,0.0,958.0,0.0,0.0,0.0,1160.0,0.0,0.0,52.0,594.0,0.0,0.0,0.0,0.0,0.0,0.0,398.0,6.0,0.0,0.0,0.0,455.0,623.0,0.0,0.0
1503,2025,25.0,0.0,418.0,0.0,560.0,0.0,0.0,0.0,1220.0,0.0,0.0,52.0,150.0,0.0,0.0,0.0,0.0,0.0,0.0,0.0,3.0,0.0,0.0,0.0,274.0,300.0,0.0,0.0
1503,2026,11.0,0.0,228.0,0.0,0.0,0.0,0.0,0.0,1288.0,0.0,0.0,52.0,0.0,0.0,0.0,0.0,0.0,0.0,0.0,0.0,0.0,0.0,0.0,0.0,0.0,0.0,0.0,592.0
1504,2019,0.0,0.0,0.0,3.0,0.0,0.0,0.0,0.0,0.0,0.0,0.0,0.0,0.0,0.0,0.0,0.0,0.0,0.0,0.0,0.0,0.0,0.0,0.0,0.0,0.0,0.0,0.0,0.0
1504,2020,0.0,0.0,0.0,0.0,0.0,0.0,0.0,0.0,0.0,0.0,0.0,0.0,0.0,0.0,0.0,0.0,0.0,0.0,0.0,0.0,0.0,0.0,0.0,0.0,0.0,0.0,0.0,0.0
1504,2021,0.0,0.0,226.0,0.0,43.0,0.0,0.0,0.0,0.0,0.0,0.0,0.0,18.0,0.0,0.0,0.0,0.0,66.0,0.0,0.0,0.0,0.0,0.0,0.0,0.0,0.0,0.0,0.0
1504,2022,0.0,0.0,456.0,0.0,63.0,0.0,0.0,0.0,0.0,0.0,0.0,0.0,36.0,0.0,0.0,0.0,434.0,66.0,2.0,14.0,9.0,0.0,0.0,0.0,0.0,0.0,0.0,0.0
1504,2023,18.0,201.0,456.0,0.0,18.0,0.0,0.0,0.0,0.0,0.0,0.0,0.0,40.0,0.0,0.0,0.0,0.0,0.0,0.0,22.0,3.0,188.0,0.0,483.0,0.0,0.0,0.0,0.0
1504,2024,22.0,0.0,456.0,0.0,66.0,0.0,0.0,0.0,0.0,0.0,0.0,0.0,48.0,0.0,0.0,13.0,0.0,0.0,0.0,10.0,1.0,0.0,0.0,0.0,55.0,92.0,0.0,0.0
1504,2025,27.0,0.0,418.0,0.0,42.0,0.0,0.0,0.0,0.0,0.0,0.0,0.0,12.0,0.0,0.0,11.0,0.0,0.0,0.0,0.0,3.0,0.0,0.0,0.0,26.0,43.0,0.0,0.0
1504,2026,11.0,0.0,228.0,0.0,0.0,0.0,0.0,0.0,0.0,0.0,0.0,0.0,0.0,0.0,0.0,3.0,0.0,0.0,0.0,0.0,0.0,0.0,0.0,0.0,0.0,0.0,0.0,192.0
1507,2019,0.0,0.0,0.0,16.0,0.0,0.0,0.0,0.0,0.0,0.0,0.0,0.0,0.0,0.0,0.0,0.0,0.0,0.0,0.0,0.0,0.0,0.0,0.0,0.0,0.0,0.0,0.0,0.0
1507,2020,0.0,0.0,0.0,0.0,0.0,0.0,0.0,0.0,0.0,0.0,0.0,0.0,0.0,0.0,0.0,0.0,0.0,0.0,0.0,0.0,0.0,0.0,0.0,0.0,0.0,0.0,8.0,0.0
1507,2021,0.0,0.0,226.0,0.0,11.0,0.0,0.0,0.0,0.0,0.0,0.0,0.0,8.0,0.0,0.0,0.0,0.0,72.0,0.0,0.0,0.0,0.0,0.0,0.0,0.0,0.0,8.0,0.0
1507,2022,0.0,0.0,456.0,0.0,99.0,0.0,0.0,0.0,0.0,0.0,0.0,0.0,16.0,0.0,0.0,0.0,0.0,72.0,0.0,346.0,2.0,0.0,0.0,0.0,0.0,0.0,0.0,0.0
1507,2023,10.0,166.0,456.0,0.0,33.0,0.0,0.0,0.0,0.0,0.0,0.0,0.0,16.0,0.0,21.0,0.0,0.0,0.0,0.0,34.0,5.0,0.0,0.0,0.0,0.0,0.0,0.0,0.0
1507,2024,13.0,0.0,456.0,0.0,77.0,0.0,0.0,0.0,0.0,0.0,0.0,0.0,24.0,0.0,0.0,7.0,0.0,0.0,0.0,90.0,4.0,0.0,0.0,0.0,29.0,75.0,0.0,0.0
1507,2025,16.0,0.0,418.0,0.0,49.0,0.0,0.0,0.0,0.0,0.0,0.0,0.0,6.0,0.0,0.0,3.0,0.0,0.0,0.0,0.0,1.0,0.0,0.0,0.0,19.0,29.0,0.0,0.0
1507,2026,7.0,0.0,228.0,0.0,0.0,0.0,0.0,0.0,0.0,0.0,0.0,0.0,0.0,0.0,0.0,2.0,0.0,0.0,0.0,0.0,0.0,0.0,0.0,0.0,0.0,0.0,0.0,236.0
1509,2019,0.0,0.0,0.0,0.0,0.0,0.0,0.0,0.0,0.0,0.0,0.0,0.0,0.0,0.0,0.0,0.0,0.0,0.0,0.0,0.0,0.0,0.0,0.0,0.0,0.0,0.0,0.0,0.0
1509,2020,0.0,0.0,0.0,0.0,0.0,0.0,0.0,0.0,0.0,0.0,0.0,0.0,0.0,0.0,0.0,0.0,0.0,0.0,0.0,0.0,0.0,0.0,0.0,0.0,0.0,0.0,57.0,0.0
1509,2021,0.0,0.0,226.0,0.0,4.0,0.0,0.0,0.0,0.0,0.0,0.0,0.0,32.0,0.0,0.0,0.0,0.0,10.0,0.0,0.0,0.0,0.0,0.0,0.0,0.0,0.0,59.0,0.0
1509,2022,0.0,0.0,456.0,0.0,36.0,0.0,0.0,0.0,8.0,0.0,0.0,0.0,67.0,0.0,0.0,0.0,2.0,10.0,736.0,282.0,1.0,0.0,0.0,0.0,0.0,0.0,0.0,0.0
1509,2023,3.0,71.0,456.0,0.0,12.0,0.0,0.0,0.0,0.0,0.0,0.0,0.0,68.0,0.0,0.0,0.0,0.0,0.0,0.0,190.0,2.0,0.0,0.0,0.0,0.0,0.0,0.0,0.0
1509,2024,7.0,0.0,456.0,0.0,22.0,0.0,0.0,0.0,128.0,0.0,0.0,0.0,67.0,0.0,0.0,4.0,0.0,0.0,0.0,290.0,2.0,0.0,0.0,0.0,54.0,96.0,0.0,0.0
1509,2025,6.0,0.0,418.0,0.0,14.0,0.0,0.0,0.0,128.0,0.0,0.0,0.0,17.0,0.0,0.0,1.0,0.0,0.0,0.0,0.0,0.0,0.0,0.0,0.0,34.0,42.0,0.0,0.0
1509,2026,2.0,0.0,228.0,0.0,0.0,0.0,0.0,0.0,128.0,0.0,0.0,0.0,0.0,0.0,0.0,0.0,0.0,0.0,0.0,0.0,0.0,0.0,0.0,0.0,0.0,0.0,0.0,62.0
1601,2019,0.0,0.0,0.0,35.0,0.0,0.0,0.0,0.0,0.0,0.0,0.0,0.0,0.0,0.0,0.0,0.0,0.0,0.0,0.0,0.0,0.0,0.0,0.0,0.0,0.0,0.0,0.0,0.0
1601,2020,0.0,0.0,0.0,0.0,0.0,0.0,0.0,0.0,0.0,0.0,0.0,0.0,0.0,0.0,0.0,0.0,0.0,0.0,0.0,0.0,0.0,0.0,0.0,0.0,0.0,0.0,82.0,0.0
1601,2021,0.0,0.0,226.0,0.0,204.0,0.0,0.0,0.0,0.0,0.0,0.0,0.0,1104.0,0.0,0.0,0.0,0.0,156.0,0.0,0.0,0.0,0.0,0.0,0.0,0.0,0.0,731.0,0.0
1601,2022,0.0,0.0,456.0,0.0,1818.0,0.0,0.0,0.0,0.0,0.0,0.0,0.0,2186.0,0.0,0.0,0.0,116.0,160.0,6080.0,2302.0,33.0,0.0,0.0,0.0,0.0,0.0,0.0,0.0
1601,2023,125.0,757.0,456.0,0.0,606.0,0.0,0.0,0.0,0.0,0.0,0.0,0.0,2176.0,0.0,84.0,0.0,0.0,0.0,0.0,1572.0,17.0,228.0,357.0,1031.0,0.0,0.0,0.0,0.0
1601,2024,213.0,0.0,456.0,0.0,2222.0,0.0,0.0,0.0,0.0,0.0,0.0,0.0,2204.0,691.0,83.0,135.0,0.0,0.0,0.0,1104.0,22.0,0.0,0.0,0.0,683.0,1085.0,0.0,0.0
1601,2025,191.0,0.0,418.0,0.0,1415.0,0.0,0.0,0.0,0.0,0.0,0.0,0.0,563.0,198.0,7.0,101.0,0.0,0.0,0.0,0.0,19.0,0.0,0.0,0.0,449.0,539.0,0.0,0.0
1601,2026,104.0,0.0,228.0,0.0,0.0,0.0,0.0,0.0,0.0,0.0,0.0,0.0,0.0,0.0,0.0,46.0,0.0,0.0,0.0,0.0,0.0,0.0,0.0,0.0,0.0,0.0,0.0,3548.0
1602,2019,0.0,0.0,0.0,0.0,0.0,0.0,0.0,0.0,0.0,0.0,0.0,0.0,0.0,0.0,0.0,0.0,0.0,0.0,0.0,0.0,0.0,0.0,0.0,0.0,0.0,0.0,0.0,0.0
1602,2020,0.0,0.0,0.0,0.0,0.0,0.0,0.0,0.0,0.0,0.0,0.0,0.0,0.0,0.0,0.0,0.0,0.0,0.0,0.0,0.0,0.0,0.0,0.0,0.0,0.0,0.0,17.0,0.0
1602,2021,0.0,0.0,226.0,0.0,70.0,0.0,0.0,0.0,0.0,0.0,0.0,0.0,70.0,0.0,0.0,0.0,0.0,76.0,0.0,0.0,0.0,0.0,0.0,0.0,0.0,0.0,60.0,0.0
1602,2022,0.0,0.0,456.0,0.0,630.0,0.0,0.0,0.0,0.0,0.0,0.0,0.0,143.0,0.0,0.0,0.0,6.0,74.0,228.0,160.0,0.0,0.0,0.0,0.0,0.0,0.0,0.0,0.0
1602,2023,14.0,221.0,456.0,0.0,210.0,0.0,0.0,0.0,0.0,0.0,0.0,0.0,144.0,0.0,0.0,0.0,0.0,0.0,0.0,464.0,1.0,0.0,0.0,0.0,0.0,0.0,0.0,0.0
1602,2024,14.0,0.0,456.0,0.0,770.0,0.0,0.0,0.0,0.0,0.0,0.0,0.0,159.0,0.0,0.0,14.0,0.0,0.0,0.0,240.0,4.0,0.0,0.0,0.0,113.0,209.0,0.0,0.0
1602,2025,15.0,0.0,418.0,0.0,422.0,0.0,0.0,0.0,0.0,0.0,0.0,0.0,42.0,0.0,0.0,9.0,0.0,0.0,0.0,0.0,2.0,0.0,0.0,0.0,92.0,122.0,0.0,0.0
1602,2026,6.0,0.0,228.0,0.0,0.0,0.0,0.0,0.0,0.0,0.0,0.0,0.0,0.0,0.0,0.0,9.0,0.0,0.0,0.0,0.0,0.0,0.0,0.0,0.0,0.0,0.0,0.0,540.0
1603,2019,0.0,0.0,0.0,0.0,0.0,0.0,0.0,0.0,0.0,0.0,0.0,0.0,0.0,0.0,0.0,0.0,0.0,0.0,0.0,0.0,0.0,0.0,0.0,0.0,0.0,0.0,0.0,0.0
1603,2020,0.0,0.0,0.0,0.0,0.0,0.0,0.0,0.0,0.0,0.0,0.0,0.0,0.0,0.0,0.0,0.0,0.0,0.0,0.0,0.0,0.0,0.0,0.0,0.0,0.0,0.0,71.0,0.0
1603,2021,0.0,0.0,226.0,0.0,56.0,0.0,0.0,0.0,0.0,0.0,0.0,0.0,4.0,0.0,0.0,0.0,0.0,36.0,0.0,0.0,0.0,0.0,0.0,0.0,0.0,0.0,256.0,0.0
1603,2022,0.0,0.0,456.0,0.0,504.0,0.0,0.0,0.0,0.0,0.0,0.0,0.0,8.0,0.0,0.0,0.0,2.0,36.0,240.0,194.0,0.0,0.0,0.0,0.0,0.0,0.0,0.0,0.0
1603,2023,2.0,95.0,456.0,0.0,168.0,0.0,0.0,0.0,0.0,0.0,0.0,0.0,8.0,0.0,0.0,0.0,0.0,0.0,0.0,38.0,0.0,0.0,0.0,0.0,0.0,0.0,0.0,0.0
1603,2024,5.0,0.0,456.0,0.0,616.0,0.0,0.0,0.0,0.0,0.0,0.0,0.0,12.0,0.0,0.0,7.0,0.0,0.0,0.0,76.0,0.0,0.0,0.0,0.0,52.0,71.0,0.0,0.0
1603,2025,8.0,0.0,418.0,0.0,327.0,0.0,0.0,0.0,0.0,0.0,0.0,0.0,5.0,0.0,0.0,1.0,0.0,0.0,0.0,0.0,0.0,0.0,0.0,0.0,29.0,44.0,0.0,0.0
1603,2026,2.0,0.0,228.0,0.0,0.0,0.0,0.0,0.0,0.0,0.0,0.0,0.0,0.0,0.0,0.0,2.0,0.0,0.0,0.0,0.0,0.0,0.0,0.0,0.0,0.0,0.0,0.0,101.0
1604,2019,0.0,0.0,0.0,2.0,0.0,0.0,0.0,0.0,0.0,0.0,0.0,0.0,0.0,0.0,0.0,0.0,0.0,0.0,0.0,0.0,0.0,0.0,0.0,0.0,0.0,0.0,0.0,0.0
1604,2020,0.0,0.0,0.0,0.0,0.0,0.0,0.0,0.0,0.0,0.0,0.0,0.0,0.0,0.0,0.0,0.0,0.0,0.0,0.0,0.0,0.0,0.0,0.0,0.0,0.0,0.0,74.0,0.0
1604,2021,0.0,0.0,226.0,0.0,139.0,0.0,0.0,0.0,0.0,0.0,0.0,0.0,4.0,0.0,0.0,0.0,0.0,24.0,0.0,0.0,0.0,0.0,0.0,0.0,0.0,0.0,141.0,0.0
1604,2022,0.0,0.0,456.0,0.0,1251.0,0.0,0.0,0.0,0.0,0.0,0.0,0.0,6.0,0.0,0.0,0.0,8.0,24.0,610.0,162.0,2.0,0.0,0.0,0.0,0.0,0.0,0.0,0.0
1604,2023,0.0,119.0,456.0,0.0,417.0,0.0,0.0,0.0,0.0,0.0,0.0,0.0,8.0,0.0,0.0,0.0,0.0,0.0,0.0,112.0,0.0,19.0,0.0,135.0,0.0,0.0,0.0,0.0
1604,2024,15.0,0.0,456.0,0.0,1529.0,0.0,0.0,0.0,0.0,0.0,0.0,0.0,8.0,0.0,0.0,1.0,0.0,0.0,0.0,188.0,1.0,0.0,0.0,0.0,151.0,189.0,0.0,0.0
1604,2025,12.0,0.0,418.0,0.0,871.0,0.0,0.0,0.0,0.0,0.0,0.0,0.0,2.0,0.0,0.0,2.0,0.0,0.0,0.0,0.0,0.0,0.0,0.0,0.0,103.0,147.0,0.0,0.0
1604,2026,0.0,0.0,228.0,0.0,0.0,0.0,0.0,0.0,0.0,0.0,0.0,0.0,0.0,0.0,0.0,1.0,0.0,0.0,0.0,0.0,0.0,0.0,0.0,0.0,0.0,0.0,0.0,105.0
1701,2019,0.0,0.0,0.0,4727.0,0.0,0.0,0.0,0.0,0.0,0.0,0.0,0.0,0.0,0.0,0.0,0.0,0.0,0.0,0.0,0.0,0.0,0.0,0.0,0.0,0.0,0.0,0.0,0.0
1701,2020,0.0,0.0,0.0,0.0,0.0,0.0,0.0,0.0,0.0,0.0,0.0,0.0,0.0,0.0,0.0,0.0,0.0,0.0,0.0,0.0,0.0,0.0,0.0,0.0,0.0,0.0,4816.0,0.0
1701,2021,0.0,0.0,226.0,0.0,872.0,0.0,0.0,0.0,0.0,0.0,0.0,0.0,11961.0,0.0,0.0,0.0,0.0,340.0,0.0,0.0,0.0,0.0,0.0,0.0,0.0,0.0,4358.0,0.0
1701,2022,0.0,0.0,456.0,0.0,5751.0,6578.0,0.0,0.0,0.0,812.0,0.0,0.0,24605.0,0.0,7109.0,0.0,96.0,340.0,16466.0,5182.0,6254.0,0.0,0.0,0.0,0.0,0.0,0.0,0.0
1701,2023,3756.0,10753.0,456.0,0.0,1688.0,0.0,0.0,0.0,0.0,0.0,0.0,0.0,25652.0,0.0,18239.0,0.0,0.0,0.0,0.0,2918.0,3583.0,2484.0,2090.0,9630.0,0.0,0.0,0.0,0.0
1701,2024,8279.0,0.0,456.0,0.0,5967.0,0.0,0.0,32.0,0.0,1960.0,0.0,0.0,27237.0,2769.0,14232.0,3700.0,0.0,0.0,0.0,3596.0,4066.0,0.0,0.0,0.0,0.0,0.0,0.0,0.0
1701,2025,6537.0,0.0,418.0,0.0,4181.0,0.0,0.0,32.0,0.0,2128.0,0.0,0.0,7362.0,733.0,7832.0,2829.0,0.0,0.0,0.0,0.0,3279.0,0.0,0.0,0.0,0.0,0.0,0.0,0.0
1701,2026,3268.0,0.0,228.0,0.0,0.0,0.0,0.0,16.0,0.0,1132.0,0.0,0.0,0.0,0.0,0.0,1045.0,0.0,0.0,0.0,0.0,0.0,0.0,0.0,0.0,0.0,0.0,0.0,121146.0
1702,2019,0.0,0.0,0.0,74.0,0.0,0.0,0.0,0.0,0.0,0.0,0.0,0.0,0.0,0.0,0.0,0.0,0.0,0.0,0.0,0.0,0.0,0.0,0.0,0.0,0.0,0.0,0.0,0.0
1702,2020,0.0,0.0,0.0,0.0,0.0,0.0,0.0,0.0,0.0,0.0,0.0,0.0,0.0,0.0,0.0,0.0,0.0,0.0,0.0,0.0,0.0,0.0,0.0,0.0,0.0,0.0,650.0,0.0
1702,2021,0.0,0.0,226.0,0.0,14.0,0.0,0.0,0.0,0.0,0.0,0.0,0.0,135.0,0.0,0.0,0.0,0.0,18.0,0.0,0.0,0.0,0.0,0.0,0.0,0.0,0.0,562.0,0.0
1702,2022,0.0,0.0,456.0,0.0,113.0,0.0,0.0,6.0,0.0,528.0,0.0,0.0,299.0,0.0,0.0,0.0,30.0,18.0,1128.0,108.0,17.0,0.0,0.0,0.0,0.0,0.0,0.0,0.0
1702,2023,127.0,787.0,456.0,0.0,24.0,0.0,0.0,0.0,0.0,0.0,0.0,0.0,313.0,0.0,1139.0,0.0,0.0,0.0,0.0,84.0,22.0,225.0,0.0,724.0,0.0,0.0,0.0,0.0
1702,2024,193.0,0.0,456.0,0.0,88.0,0.0,0.0,12.0,0.0,1272.0,0.0,0.0,346.0,0.0,593.0,80.0,0.0,0.0,0.0,268.0,23.0,0.0,0.0,0.0,633.0,1224.0,0.0,0.0
1702,2025,183.0,0.0,418.0,0.0,56.0,0.0,0.0,12.0,0.0,1332.0,0.0,0.0,98.0,0.0,69.0,47.0,0.0,0.0,0.0,0.0,191.0,0.0,0.0,0.0,328.0,548.0,0.0,0.0
1702,2026,84.0,0.0,228.0,0.0,0.0,0.0,0.0,6.0,0.0,666.0,0.0,0.0,0.0,0.0,0.0,13.0,0.0,0.0,0.0,0.0,0.0,0.0,0.0,0.0,0.0,0.0,0.0,2287.0
1703,2019,0.0,0.0,0.0,101.0,0.0,0.0,0.0,0.0,0.0,0.0,0.0,0.0,0.0,0.0,0.0,0.0,0.0,0.0,0.0,0.0,0.0,0.0,0.0,0.0,0.0,0.0,0.0,0.0
1703,2020,0.0,0.0,0.0,0.0,0.0,0.0,0.0,0.0,0.0,0.0,0.0,0.0,0.0,0.0,0.0,0.0,0.0,0.0,0.0,0.0,0.0,0.0,0.0,0.0,0.0,0.0,313.0,0.0
1703,2021,0.0,0.0,226.0,0.0,63.0,0.0,0.0,0.0,0.0,0.0,0.0,0.0,141.0,0.0,0.0,0.0,0.0,64.0,0.0,0.0,0.0,0.0,0.0,0.0,0.0,0.0,364.0,0.0
1703,2022,0.0,0.0,456.0,0.0,234.0,478.0,0.0,0.0,0.0,0.0,0.0,0.0,295.0,0.0,0.0,0.0,2.0,66.0,396.0,122.0,33.0,0.0,0.0,0.0,0.0,0.0,0.0,0.0
1703,2023,114.0,807.0,456.0,0.0,48.0,0.0,0.0,0.0,0.0,0.0,0.0,0.0,313.0,0.0,707.0,0.0,0.0,0.0,0.0,60.0,19.0,221.0,0.0,684.0,0.0,0.0,0.0,0.0
1703,2024,171.0,0.0,456.0,0.0,176.0,0.0,0.0,0.0,0.0,0.0,0.0,0.0,353.0,0.0,226.0,143.0,0.0,0.0,0.0,106.0,18.0,0.0,0.0,0.0,434.0,1081.0,0.0,0.0
1703,2025,168.0,0.0,418.0,0.0,112.0,0.0,0.0,0.0,0.0,0.0,0.0,0.0,88.0,0.0,27.0,122.0,0.0,0.0,0.0,0.0,169.0,0.0,0.0,0.0,212.0,370.0,0.0,0.0
1703,2026,68.0,0.0,228.0,0.0,0.0,0.0,0.0,0.0,0.0,0.0,0.0,0.0,0.0,0.0,0.0,64.0,0.0,0.0,0.0,0.0,0.0,0.0,0.0,0.0,0.0,0.0,0.0,4907.0
1704,2019,0.0,0.0,0.0,14.0,0.0,0.0,0.0,0.0,0.0,0.0,0.0,0.0,0.0,0.0,0.0,0.0,0.0,0.0,0.0,0.0,0.0,0.0,0.0,0.0,0.0,0.0,0.0,0.0
1704,2020,0.0,0.0,0.0,0.0,0.0,0.0,0.0,0.0,0.0,0.0,0.0,0.0,0.0,0.0,0.0,0.0,0.0,0.0,0.0,0.0,0.0,0.0,0.0,0.0,0.0,0.0,263.0,0.0
1704,2021,0.0,0.0,226.0,0.0,13.0,0.0,0.0,0.0,0.0,0.0,0.0,0.0,59.0,0.0,0.0,0.0,0.0,16.0,0.0,0.0,0.0,0.0,0.0,0.0,0.0,0.0,307.0,0.0
1704,2022,0.0,0.0,456.0,0.0,111.0,0.0,0.0,6.0,0.0,0.0,0.0,0.0,123.0,0.0,0.0,0.0,18.0,16.0,302.0,150.0,16.0,0.0,0.0,0.0,0.0,0.0,0.0,0.0
1704,2023,51.0,464.0,456.0,0.0,21.0,0.0,0.0,0.0,0.0,0.0,0.0,0.0,124.0,0.0,283.0,0.0,0.0,0.0,0.0,60.0,7.0,206.0,0.0,638.0,0.0,0.0,0.0,0.0
1704,2024,89.0,0.0,456.0,0.0,77.0,0.0,0.0,12.0,0.0,0.0,0.0,0.0,137.0,0.0,123.0,25.0,0.0,0.0,0.0,106.0,6.0,0.0,0.0,0.0,294.0,605.0,0.0,0.0
1704,2025,96.0,0.0,418.0,0.0,49.0,0.0,0.0,12.0,0.0,0.0,0.0,0.0,35.0,0.0,10.0,15.0,0.0,0.0,0.0,0.0,17.0,0.0,0.0,0.0,117.0,216.0,0.0,0.0
1704,2026,38.0,0.0,228.0,0.0,0.0,0.0,0.0,6.0,0.0,0.0,0.0,0.0,0.0,0.0,0.0,7.0,0.0,0.0,0.0,0.0,0.0,0.0,0.0,0.0,0.0,0.0,0.0,1350.0
1705,2019,0.0,0.0,0.0,47.0,0.0,0.0,0.0,0.0,0.0,0.0,0.0,0.0,0.0,0.0,0.0,0.0,0.0,0.0,0.0,0.0,0.0,0.0,0.0,0.0,0.0,0.0,0.0,0.0
1705,2020,0.0,0.0,0.0,0.0,0.0,0.0,0.0,0.0,0.0,0.0,0.0,0.0,0.0,0.0,0.0,0.0,0.0,0.0,0.0,0.0,0.0,0.0,0.0,0.0,0.0,0.0,514.0,0.0
1705,2021,0.0,0.0,0.0,0.0,54.0,0.0,0.0,0.0,0.0,0.0,0.0,0.0,423.0,0.0,0.0,0.0,0.0,10.0,0.0,0.0,0.0,0.0,0.0,0.0,0.0,0.0,430.0,0.0
1705,2022,0.0,0.0,0.0,0.0,486.0,0.0,0.0,0.0,0.0,546.0,0.0,0.0,888.0,0.0,300.0,0.0,28.0,12.0,580.0,180.0,24.0,0.0,0.0,0.0,0.0,0.0,0.0,0.0
1705,2023,306.0,668.0,0.0,0.0,120.0,0.0,0.0,0.0,0.0,0.0,0.0,0.0,923.0,0.0,658.0,0.0,0.0,0.0,0.0,176.0,15.0,226.0,0.0,777.0,0.0,0.0,0.0,0.0
1705,2024,474.0,0.0,0.0,0.0,440.0,0.0,0.0,0.0,0.0,1092.0,0.0,0.0,1007.0,12.0,473.0,130.0,0.0,0.0,0.0,126.0,22.0,0.0,0.0,0.0,158.0,599.0,0.0,0.0
1705,2025,602.0,0.0,0.0,0.0,280.0,0.0,0.0,0.0,0.0,1092.0,0.0,0.0,277.0,0.0,209.0,82.0,0.0,0.0,0.0,0.0,392.0,0.0,0.0,0.0,73.0,190.0,0.0,0.0
1705,2026,237.0,0.0,0.0,0.0,0.0,0.0,0.0,0.0,0.0,546.0,0.0,0.0,0.0,0.0,0.0,22.0,0.0,0.0,0.0,0.0,0.0,0.0,0.0,0.0,0.0,0.0,0.0,5436.0
1707,2019,0.0,0.0,0.0,5.0,0.0,0.0,0.0,0.0,0.0,0.0,0.0,0.0,0.0,0.0,0.0,0.0,0.0,0.0,0.0,0.0,0.0,0.0,0.0,0.0,0.0,0.0,0.0,0.0
1707,2020,0.0,0.0,0.0,0.0,0.0,0.0,0.0,0.0,0.0,0.0,0.0,0.0,0.0,0.0,0.0,0.0,0.0,0.0,0.0,0.0,0.0,0.0,0.0,0.0,0.0,0.0,333.0,0.0
1707,2021,0.0,0.0,226.0,0.0,0.0,0.0,0.0,0.0,0.0,0.0,0.0,0.0,14.0,0.0,0.0,0.0,0.0,86.0,0.0,0.0,0.0,0.0,0.0,0.0,0.0,0.0,419.0,0.0
1707,2022,0.0,0.0,456.0,0.0,0.0,0.0,0.0,0.0,0.0,0.0,0.0,0.0,28.0,0.0,0.0,0.0,0.0,86.0,188.0,26.0,0.0,0.0,0.0,0.0,0.0,0.0,0.0,0.0
1707,2023,12.0,200.0,456.0,0.0,0.0,0.0,0.0,0.0,0.0,0.0,0.0,0.0,28.0,0.0,55.0,0.0,0.0,0.0,0.0,24.0,1.0,180.0,0.0,596.0,0.0,0.0,0.0,0.0
1707,2024,22.0,0.0,456.0,0.0,0.0,0.0,0.0,0.0,0.0,0.0,0.0,0.0,25.0,0.0,26.0,25.0,0.0,0.0,0.0,38.0,1.0,0.0,0.0,0.0,105.0,212.0,0.0,0.0
1707,2025,18.0,0.0,418.0,0.0,0.0,0.0,0.0,0.0,0.0,0.0,0.0,0.0,7.0,0.0,0.0,12.0,0.0,0.0,0.0,0.0,0.0,0.0,0.0,0.0,42.0,94.0,0.0,0.0
1707,2026,8.0,0.0,228.0,0.0,0.0,0.0,0.0,0.0,0.0,0.0,0.0,0.0,0.0,0.0,0.0,5.0,0.0,0.0,0.0,0.0,0.0,0.0,0.0,0.0,0.0,0.0,0.0,305.0
1708,2019,0.0,0.0,0.0,4.0,0.0,0.0,0.0,0.0,0.0,0.0,0.0,0.0,0.0,0.0,0.0,0.0,0.0,0.0,0.0,0.0,0.0,0.0,0.0,0.0,0.0,0.0,0.0,0.0
1708,2020,0.0,0.0,0.0,0.0,0.0,0.0,0.0,0.0,0.0,0.0,0.0,0.0,0.0,0.0,0.0,0.0,0.0,0.0,0.0,0.0,0.0,0.0,0.0,0.0,0.0,0.0,211.0,0.0
1708,2021,0.0,0.0,226.0,0.0,0.0,0.0,0.0,0.0,0.0,0.0,0.0,0.0,12.0,0.0,0.0,0.0,0.0,12.0,0.0,0.0,0.0,0.0,0.0,0.0,0.0,0.0,257.0,0.0
1708,2022,0.0,0.0,456.0,0.0,0.0,0.0,0.0,0.0,568.0,0.0,0.0,0.0,30.0,0.0,0.0,0.0,2.0,12.0,190.0,44.0,1.0,0.0,0.0,0.0,0.0,0.0,0.0,0.0
1708,2023,12.0,171.0,456.0,0.0,0.0,0.0,0.0,0.0,0.0,0.0,0.0,0.0,32.0,0.0,0.0,0.0,0.0,0.0,0.0,18.0,0.0,0.0,0.0,0.0,0.0,0.0,0.0,0.0
1708,2024,13.0,0.0,456.0,0.0,0.0,0.0,0.0,0.0,1310.0,0.0,0.0,0.0,29.0,0.0,30.0,28.0,0.0,0.0,0.0,38.0,2.0,0.0,0.0,0.0,176.0,306.0,0.0,0.0
1708,2025,21.0,0.0,418.0,0.0,0.0,0.0,0.0,0.0,1370.0,0.0,0.0,0.0,7.0,0.0,0.0,16.0,0.0,0.0,0.0,0.0,6.0,0.0,0.0,0.0,90.0,123.0,0.0,0.0
1708,2026,10.0,0.0,228.0,0.0,0.0,0.0,0.0,0.0,1514.0,0.0,0.0,0.0,0.0,0.0,0.0,4.0,0.0,0.0,0.0,0.0,0.0,0.0,0.0,0.0,0.0,0.0,0.0,220.0
1709,2019,0.0,0.0,0.0,5.0,0.0,0.0,0.0,0.0,0.0,0.0,0.0,0.0,0.0,0.0,0.0,0.0,0.0,0.0,0.0,0.0,0.0,0.0,0.0,0.0,0.0,0.0,0.0,0.0
1709,2020,0.0,0.0,0.0,0.0,0.0,0.0,0.0,0.0,0.0,0.0,0.0,0.0,0.0,0.0,0.0,0.0,0.0,0.0,0.0,0.0,0.0,0.0,0.0,0.0,0.0,0.0,249.0,0.0
1709,2021,0.0,0.0,226.0,0.0,15.0,0.0,0.0,0.0,0.0,0.0,0.0,0.0,0.0,0.0,0.0,0.0,0.0,2.0,0.0,0.0,0.0,0.0,0.0,0.0,0.0,0.0,404.0,0.0
1709,2022,0.0,0.0,456.0,0.0,134.0,0.0,0.0,0.0,822.0,0.0,0.0,0.0,0.0,0.0,0.0,0.0,0.0,2.0,342.0,238.0,13.0,0.0,0.0,0.0,0.0,0.0,0.0,0.0
1709,2023,5.0,187.0,456.0,0.0,42.0,0.0,0.0,0.0,0.0,0.0,0.0,0.0,5.0,0.0,66.0,0.0,0.0,0.0,0.0,296.0,8.0,158.0,0.0,506.0,0.0,0.0,0.0,0.0
1709,2024,16.0,0.0,456.0,0.0,154.0,0.0,0.0,0.0,1878.0,0.0,0.0,0.0,14.0,0.0,44.0,36.0,0.0,0.0,0.0,294.0,8.0,0.0,0.0,0.0,223.0,442.0,0.0,0.0
1709,2025,20.0,0.0,418.0,0.0,98.0,0.0,0.0,0.0,1974.0,0.0,0.0,0.0,4.0,0.0,0.0,18.0,0.0,0.0,0.0,0.0,1.0,0.0,0.0,0.0,127.0,182.0,0.0,0.0
1709,2026,10.0,0.0,228.0,0.0,0.0,0.0,0.0,0.0,2136.0,0.0,0.0,0.0,0.0,0.0,0.0,2.0,0.0,0.0,0.0,0.0,0.0,0.0,0.0,0.0,0.0,0.0,0.0,280.0
1801,2019,0.0,0.0,0.0,1168.0,0.0,0.0,0.0,0.0,0.0,0.0,0.0,0.0,0.0,0.0,0.0,0.0,0.0,0.0,0.0,0.0,0.0,0.0,0.0,0.0,0.0,0.0,0.0,0.0
1801,2020,0.0,0.0,0.0,0.0,0.0,0.0,0.0,0.0,0.0,0.0,0.0,0.0,0.0,0.0,0.0,0.0,0.0,0.0,0.0,0.0,0.0,0.0,0.0,0.0,0.0,0.0,2428.0,0.0
1801,2021,0.0,0.0,226.0,0.0,66.0,0.0,0.0,0.0,0.0,0.0,0.0,0.0,1862.0,0.0,0.0,0.0,0.0,76.0,0.0,0.0,0.0,0.0,0.0,0.0,0.0,0.0,3804.0,0.0
1801,2022,0.0,0.0,456.0,0.0,594.0,8272.0,0.0,0.0,0.0,0.0,0.0,0.0,3770.0,0.0,190.0,0.0,40.0,86.0,3404.0,820.0,109.0,0.0,0.0,0.0,0.0,0.0,0.0,0.0
1801,2023,586.0,2775.0,456.0,0.0,175.0,0.0,0.0,0.0,0.0,0.0,0.0,0.0,3726.0,0.0,174.0,0.0,0.0,0.0,0.0,346.0,71.0,622.0,705.0,2284.0,0.0,0.0,0.0,0.0
1801,2024,1076.0,0.0,456.0,0.0,632.0,0.0,0.0,24.0,0.0,0.0,0.0,0.0,3882.0,88.0,168.0,636.0,0.0,0.0,0.0,726.0,77.0,0.0,0.0,0.0,1221.0,2517.0,0.0,0.0
1801,2025,1151.0,0.0,418.0,0.0,406.0,0.0,0.0,24.0,0.0,0.0,0.0,0.0,994.0,41.0,35.0,507.0,0.0,0.0,0.0,0.0,41.0,0.0,0.0,0.0,656.0,917.0,0.0,0.0
1801,2026,550.0,0.0,228.0,0.0,0.0,0.0,0.0,12.0,0.0,0.0,0.0,0.0,0.0,0.0,0.0,307.0,0.0,0.0,0.0,0.0,0.0,0.0,0.0,0.0,0.0,0.0,0.0,19369.0
1802,2019,0.0,0.0,0.0,39.0,0.0,0.0,0.0,0.0,0.0,0.0,0.0,0.0,0.0,0.0,0.0,0.0,0.0,0.0,0.0,0.0,0.0,0.0,0.0,0.0,0.0,0.0,0.0,0.0
1802,2020,0.0,0.0,0.0,0.0,0.0,0.0,0.0,0.0,0.0,0.0,0.0,0.0,0.0,0.0,0.0,0.0,0.0,0.0,0.0,0.0,0.0,0.0,0.0,0.0,0.0,0.0,15.0,0.0
1802,2021,0.0,0.0,224.0,0.0,58.0,0.0,0.0,0.0,0.0,0.0,0.0,0.0,98.0,0.0,0.0,0.0,0.0,100.0,0.0,0.0,0.0,0.0,0.0,0.0,0.0,0.0,23.0,0.0
1802,2022,0.0,0.0,456.0,0.0,522.0,0.0,0.0,0.0,0.0,0.0,0.0,0.0,209.0,0.0,0.0,0.0,0.0,112.0,334.0,992.0,9.0,0.0,0.0,0.0,0.0,0.0,0.0,0.0
1802,2023,33.0,312.0,456.0,0.0,174.0,0.0,0.0,0.0,0.0,0.0,0.0,0.0,220.0,0.0,0.0,0.0,0.0,0.0,0.0,250.0,5.0,221.0,0.0,632.0,0.0,0.0,0.0,0.0
1802,2024,36.0,0.0,456.0,0.0,484.0,0.0,0.0,0.0,0.0,0.0,0.0,0.0,239.0,0.0,0.0,21.0,0.0,0.0,0.0,490.0,7.0,0.0,0.0,0.0,44.0,158.0,0.0,0.0
1802,2025,56.0,0.0,412.0,0.0,252.0,0.0,0.0,0.0,0.0,0.0,0.0,0.0,63.0,0.0,0.0,19.0,0.0,0.0,0.0,0.0,4.0,0.0,0.0,0.0,14.0,46.0,0.0,0.0
1802,2026,15.0,0.0,228.0,0.0,0.0,0.0,0.0,0.0,0.0,0.0,0.0,0.0,0.0,0.0,0.0,15.0,0.0,0.0,0.0,0.0,0.0,0.0,0.0,0.0,0.0,0.0,0.0,1220.0
1803,2019,0.0,0.0,0.0,0.0,0.0,0.0,0.0,0.0,0.0,0.0,0.0,0.0,0.0,0.0,0.0,0.0,0.0,0.0,0.0,0.0,0.0,0.0,0.0,0.0,0.0,0.0,0.0,0.0
1803,2020,0.0,0.0,0.0,0.0,0.0,0.0,0.0,0.0,0.0,0.0,0.0,0.0,0.0,0.0,0.0,0.0,0.0,0.0,0.0,0.0,0.0,0.0,0.0,0.0,0.0,0.0,8.0,0.0
1803,2021,0.0,0.0,226.0,0.0,4.0,0.0,0.0,0.0,0.0,0.0,0.0,0.0,18.0,0.0,0.0,0.0,0.0,0.0,0.0,0.0,0.0,0.0,0.0,0.0,0.0,0.0,4.0,0.0
1803,2022,0.0,0.0,456.0,0.0,36.0,0.0,0.0,0.0,0.0,0.0,0.0,0.0,36.0,0.0,0.0,0.0,2.0,0.0,318.0,44.0,0.0,0.0,0.0,0.0,0.0,0.0,0.0,0.0
1803,2023,13.0,93.0,456.0,0.0,12.0,0.0,0.0,0.0,0.0,0.0,0.0,0.0,39.0,0.0,0.0,0.0,0.0,0.0,0.0,4.0,2.0,0.0,0.0,0.0,0.0,0.0,0.0,0.0
1803,2024,21.0,0.0,456.0,0.0,35.0,0.0,0.0,0.0,0.0,0.0,0.0,0.0,38.0,0.0,0.0,4.0,0.0,0.0,0.0,44.0,1.0,0.0,0.0,0.0,32.0,64.0,0.0,0.0
1803,2025,20.0,0.0,418.0,0.0,21.0,0.0,0.0,0.0,0.0,0.0,0.0,0.0,9.0,0.0,0.0,5.0,0.0,0.0,0.0,0.0,1.0,0.0,0.0,0.0,11.0,23.0,0.0,0.0
1803,2026,9.0,0.0,228.0,0.0,0.0,0.0,0.0,0.0,0.0,0.0,0.0,0.0,0.0,0.0,0.0,1.0,0.0,0.0,0.0,0.0,0.0,0.0,0.0,0.0,0.0,0.0,0.0,374.0
1804,2019,0.0,0.0,0.0,0.0,0.0,0.0,0.0,0.0,0.0,0.0,0.0,0.0,0.0,0.0,0.0,0.0,0.0,0.0,0.0,0.0,0.0,0.0,0.0,0.0,0.0,0.0,0.0,0.0
1804,2020,0.0,0.0,0.0,0.0,0.0,0.0,0.0,0.0,0.0,0.0,0.0,0.0,0.0,0.0,0.0,0.0,0.0,0.0,0.0,0.0,0.0,0.0,0.0,0.0,0.0,0.0,28.0,0.0
1804,2021,0.0,0.0,226.0,0.0,13.0,0.0,0.0,0.0,0.0,0.0,0.0,0.0,0.0,0.0,0.0,0.0,0.0,2.0,0.0,0.0,0.0,0.0,0.0,0.0,0.0,0.0,9.0,0.0
1804,2022,0.0,0.0,456.0,0.0,117.0,0.0,0.0,0.0,0.0,0.0,0.0,0.0,0.0,0.0,0.0,0.0,0.0,2.0,36.0,10.0,1.0,0.0,0.0,0.0,0.0,0.0,0.0,0.0
1804,2023,9.0,140.0,456.0,0.0,39.0,0.0,0.0,0.0,0.0,0.0,0.0,0.0,0.0,0.0,0.0,0.0,0.0,0.0,0.0,10.0,0.0,0.0,0.0,0.0,0.0,0.0,0.0,0.0
1804,2024,6.0,0.0,456.0,0.0,71.0,0.0,0.0,0.0,0.0,0.0,0.0,0.0,0.0,0.0,0.0,9.0,0.0,0.0,0.0,16.0,0.0,0.0,0.0,0.0,21.0,44.0,0.0,0.0
1804,2025,11.0,0.0,418.0,0.0,35.0,0.0,0.0,0.0,0.0,0.0,0.0,0.0,0.0,0.0,0.0,2.0,0.0,0.0,0.0,0.0,2.0,0.0,0.0,0.0,13.0,15.0,0.0,0.0
1804,2026,3.0,0.0,228.0,0.0,0.0,0.0,0.0,0.0,0.0,0.0,0.0,0.0,0.0,0.0,0.0,1.0,0.0,0.0,0.0,0.0,0.0,0.0,0.0,0.0,0.0,0.0,0.0,206.0
1805,2019,0.0,0.0,0.0,83.0,0.0,0.0,0.0,0.0,0.0,0.0,0.0,0.0,0.0,0.0,0.0,0.0,0.0,0.0,0.0,0.0,0.0,0.0,0.0,0.0,0.0,0.0,0.0,0.0
1805,2020,0.0,0.0,0.0,0.0,0.0,0.0,0.0,0.0,0.0,0.0,0.0,0.0,0.0,0.0,0.0,0.0,0.0,0.0,0.0,0.0,0.0,0.0,0.0,0.0,0.0,0.0,1.0,0.0
1805,2021,0.0,0.0,226.0,0.0,41.0,0.0,0.0,0.0,0.0,0.0,0.0,0.0,4.0,0.0,0.0,0.0,0.0,22.0,0.0,0.0,0.0,0.0,0.0,0.0,0.0,0.0,3.0,0.0
1805,2022,0.0,0.0,456.0,0.0,369.0,0.0,0.0,0.0,0.0,0.0,0.0,0.0,8.0,0.0,0.0,0.0,12.0,22.0,0.0,0.0,4.0,0.0,0.0,0.0,0.0,0.0,0.0,0.0
1805,2023,14.0,239.0,456.0,0.0,123.0,0.0,0.0,0.0,0.0,0.0,0.0,0.0,8.0,0.0,0.0,0.0,0.0,0.0,0.0,4.0,3.0,156.0,0.0,508.0,0.0,0.0,0.0,0.0
1805,2024,26.0,0.0,456.0,0.0,299.0,0.0,0.0,0.0,0.0,0.0,0.0,0.0,10.0,0.0,0.0,42.0,0.0,0.0,0.0,0.0,0.0,0.0,0.0,0.0,57.0,120.0,0.0,0.0
1805,2025,30.0,0.0,418.0,0.0,154.0,0.0,0.0,0.0,0.0,0.0,0.0,0.0,2.0,0.0,0.0,16.0,0.0,0.0,0.0,0.0,1.0,0.0,0.0,0.0,38.0,40.0,0.0,0.0
1805,2026,10.0,0.0,228.0,0.0,0.0,0.0,0.0,0.0,0.0,0.0,0.0,0.0,0.0,0.0,0.0,16.0,0.0,0.0,0.0,0.0,0.0,0.0,0.0,0.0,0.0,0.0,0.0,313.0
1806,2019,0.0,0.0,0.0,62.0,0.0,0.0,0.0,0.0,0.0,0.0,0.0,0.0,0.0,0.0,0.0,0.0,0.0,0.0,0.0,0.0,0.0,0.0,0.0,0.0,0.0,0.0,0.0,0.0
1806,2020,0.0,0.0,0.0,0.0,0.0,0.0,0.0,0.0,0.0,0.0,0.0,0.0,0.0,0.0,0.0,0.0,0.0,0.0,0.0,0.0,0.0,0.0,0.0,0.0,0.0,0.0,9.0,0.0
1806,2021,0.0,0.0,226.0,0.0,12.0,0.0,0.0,0.0,0.0,0.0,0.0,0.0,55.0,0.0,0.0,0.0,0.0,26.0,0.0,0.0,0.0,0.0,0.0,0.0,0.0,0.0,7.0,0.0
1806,2022,0.0,0.0,456.0,0.0,108.0,0.0,0.0,0.0,0.0,0.0,0.0,0.0,116.0,0.0,0.0,0.0,0.0,26.0,146.0,8.0,5.0,0.0,0.0,0.0,0.0,0.0,0.0,0.0
1806,2023,19.0,221.0,456.0,0.0,36.0,0.0,0.0,0.0,0.0,0.0,0.0,0.0,116.0,0.0,0.0,0.0,0.0,0.0,0.0,2.0,0.0,199.0,0.0,488.0,0.0,0.0,0.0,0.0
1806,2024,24.0,0.0,456.0,0.0,78.0,0.0,0.0,0.0,0.0,0.0,0.0,0.0,116.0,0.0,0.0,24.0,0.0,0.0,0.0,6.0,3.0,0.0,0.0,0.0,113.0,197.0,0.0,0.0
1806,2025,26.0,0.0,418.0,0.0,42.0,0.0,0.0,0.0,0.0,0.0,0.0,0.0,30.0,0.0,0.0,10.0,0.0,0.0,0.0,0.0,0.0,0.0,0.0,0.0,60.0,82.0,0.0,0.0
1806,2026,7.0,0.0,228.0,0.0,0.0,0.0,0.0,0.0,0.0,0.0,0.0,0.0,0.0,0.0,0.0,3.0,0.0,0.0,0.0,0.0,0.0,0.0,0.0,0.0,0.0,0.0,0.0,380.0
1807,2019,0.0,0.0,0.0,1.0,0.0,0.0,0.0,0.0,0.0,0.0,0.0,0.0,0.0,0.0,0.0,0.0,0.0,0.0,0.0,0.0,0.0,0.0,0.0,0.0,0.0,0.0,0.0,0.0
1807,2020,0.0,0.0,0.0,0.0,0.0,0.0,0.0,0.0,0.0,0.0,0.0,0.0,0.0,0.0,0.0,0.0,0.0,0.0,0.0,0.0,0.0,0.0,0.0,0.0,0.0,0.0,21.0,0.0
1807,2021,0.0,0.0,226.0,0.0,34.0,0.0,0.0,0.0,0.0,0.0,0.0,0.0,136.0,0.0,0.0,0.0,0.0,8.0,0.0,0.0,0.0,0.0,0.0,0.0,0.0,0.0,29.0,0.0
1807,2022,0.0,0.0,456.0,0.0,306.0,0.0,0.0,0.0,0.0,0.0,0.0,0.0,272.0,0.0,6.0,0.0,4.0,8.0,1254.0,570.0,7.0,0.0,0.0,0.0,0.0,0.0,0.0,0.0
1807,2023,66.0,702.0,456.0,0.0,102.0,0.0,0.0,0.0,0.0,0.0,0.0,0.0,179.0,0.0,0.0,0.0,0.0,0.0,0.0,142.0,2.0,225.0,0.0,685.0,0.0,0.0,0.0,0.0
1807,2024,121.0,0.0,456.0,0.0,310.0,0.0,0.0,0.0,0.0,0.0,0.0,0.0,192.0,0.0,0.0,79.0,0.0,0.0,0.0,360.0,2.0,0.0,0.0,0.0,316.0,588.0,0.0,0.0
1807,2025,142.0,0.0,418.0,0.0,182.0,0.0,0.0,0.0,0.0,0.0,0.0,0.0,51.0,0.0,0.0,34.0,0.0,0.0,0.0,0.0,5.0,0.0,0.0,0.0,149.0,193.0,0.0,0.0
1807,2026,49.0,0.0,228.0,0.0,0.0,0.0,0.0,0.0,0.0,0.0,0.0,0.0,0.0,0.0,0.0,33.0,0.0,0.0,0.0,0.0,0.0,0.0,0.0,0.0,0.0,0.0,0.0,1398.0
1808,2019,0.0,0.0,0.0,16.0,0.0,0.0,0.0,0.0,0.0,0.0,0.0,0.0,0.0,0.0,0.0,0.0,0.0,0.0,0.0,0.0,0.0,0.0,0.0,0.0,0.0,0.0,0.0,0.0
1808,2020,0.0,0.0,0.0,0.0,0.0,0.0,0.0,0.0,0.0,0.0,0.0,0.0,0.0,0.0,0.0,0.0,0.0,0.0,0.0,0.0,0.0,0.0,0.0,0.0,0.0,0.0,30.0,0.0
1808,2021,0.0,0.0,226.0,0.0,127.0,0.0,0.0,0.0,0.0,0.0,0.0,0.0,58.0,0.0,0.0,0.0,0.0,14.0,0.0,0.0,0.0,0.0,0.0,0.0,0.0,0.0,26.0,0.0
1808,2022,0.0,0.0,456.0,0.0,1143.0,0.0,0.0,0.0,0.0,0.0,0.0,0.0,116.0,0.0,0.0,0.0,10.0,14.0,158.0,20.0,5.0,0.0,0.0,0.0,0.0,0.0,0.0,0.0
1808,2023,45.0,532.0,456.0,0.0,381.0,0.0,0.0,0.0,0.0,0.0,0.0,0.0,84.0,0.0,0.0,0.0,0.0,0.0,0.0,26.0,8.0,216.0,0.0,671.0,0.0,0.0,0.0,0.0
1808,2024,99.0,0.0,456.0,0.0,1132.0,0.0,0.0,0.0,0.0,0.0,0.0,0.0,92.0,0.0,0.0,58.0,0.0,0.0,0.0,16.0,17.0,0.0,0.0,0.0,149.0,321.0,0.0,0.0
1808,2025,93.0,0.0,418.0,0.0,518.0,0.0,0.0,0.0,0.0,0.0,0.0,0.0,29.0,0.0,0.0,32.0,0.0,0.0,0.0,0.0,6.0,0.0,0.0,0.0,65.0,110.0,0.0,0.0
1808,2026,38.0,0.0,228.0,0.0,0.0,0.0,0.0,0.0,0.0,0.0,0.0,0.0,0.0,0.0,0.0,23.0,0.0,0.0,0.0,0.0,0.0,0.0,0.0,0.0,0.0,0.0,0.0,924.0
1809,2019,0.0,0.0,0.0,0.0,0.0,0.0,0.0,0.0,0.0,0.0,0.0,0.0,0.0,0.0,0.0,0.0,0.0,0.0,0.0,0.0,0.0,0.0,0.0,0.0,0.0,0.0,0.0,0.0
1809,2020,0.0,0.0,0.0,0.0,0.0,0.0,0.0,0.0,0.0,0.0,0.0,0.0,0.0,0.0,0.0,0.0,0.0,0.0,0.0,0.0,0.0,0.0,0.0,0.0,0.0,0.0,34.0,0.0
1809,2021,0.0,0.0,226.0,0.0,43.0,0.0,0.0,0.0,0.0,0.0,0.0,0.0,8.0,0.0,0.0,0.0,0.0,4.0,0.0,0.0,0.0,0.0,0.0,0.0,0.0,0.0,60.0,0.0
1809,2022,0.0,0.0,456.0,0.0,387.0,0.0,0.0,0.0,0.0,0.0,0.0,0.0,16.0,0.0,0.0,0.0,0.0,4.0,60.0,4.0,6.0,0.0,0.0,0.0,0.0,0.0,0.0,0.0
1809,2023,17.0,142.0,456.0,0.0,129.0,0.0,0.0,0.0,0.0,0.0,0.0,0.0,21.0,0.0,0.0,0.0,0.0,0.0,0.0,10.0,0.0,0.0,0.0,0.0,0.0,0.0,0.0,0.0
1809,2024,18.0,0.0,456.0,0.0,217.0,0.0,0.0,0.0,0.0,0.0,0.0,0.0,24.0,0.0,0.0,0.0,0.0,0.0,0.0,14.0,1.0,0.0,0.0,0.0,66.0,92.0,0.0,0.0
1809,2025,27.0,0.0,418.0,0.0,77.0,0.0,0.0,0.0,0.0,0.0,0.0,0.0,7.0,0.0,0.0,0.0,0.0,0.0,0.0,0.0,0.0,0.0,0.0,0.0,29.0,49.0,0.0,0.0
1809,2026,5.0,0.0,228.0,0.0,0.0,0.0,0.0,0.0,0.0,0.0,0.0,0.0,0.0,0.0,0.0,0.0,0.0,0.0,0.0,0.0,0.0,0.0,0.0,0.0,0.0,0.0,0.0,321.0
1901,2019,0.0,0.0,0.0,37.0,0.0,0.0,0.0,0.0,0.0,0.0,0.0,0.0,0.0,0.0,0.0,0.0,0.0,0.0,0.0,0.0,0.0,0.0,0.0,0.0,0.0,0.0,0.0,0.0
1901,2020,0.0,0.0,0.0,0.0,0.0,0.0,0.0,0.0,0.0,0.0,0.0,0.0,0.0,0.0,0.0,0.0,0.0,0.0,0.0,0.0,0.0,0.0,0.0,0.0,0.0,0.0,167.0,0.0
1901,2021,0.0,0.0,226.0,0.0,153.0,0.0,0.0,0.0,0.0,0.0,0.0,0.0,82.0,0.0,0.0,0.0,0.0,118.0,0.0,0.0,0.0,0.0,0.0,0.0,0.0,0.0,159.0,0.0
1901,2022,0.0,0.0,456.0,0.0,1377.0,0.0,0.0,0.0,0.0,0.0,0.0,0.0,175.0,0.0,0.0,0.0,10.0,124.0,218.0,82.0,27.0,0.0,0.0,0.0,0.0,0.0,0.0,0.0
1901,2023,46.0,557.0,456.0,0.0,263.0,0.0,0.0,0.0,0.0,0.0,0.0,0.0,299.0,0.0,18.0,0.0,0.0,0.0,0.0,16.0,26.0,221.0,225.0,659.0,0.0,0.0,0.0,0.0
1901,2024,96.0,0.0,456.0,0.0,880.0,0.0,0.0,0.0,0.0,0.0,0.0,0.0,408.0,396.0,14.0,71.0,0.0,0.0,0.0,0.0,22.0,0.0,0.0,0.0,126.0,370.0,0.0,0.0
1901,2025,96.0,0.0,418.0,0.0,560.0,0.0,0.0,0.0,0.0,0.0,0.0,0.0,104.0,75.0,0.0,45.0,0.0,0.0,0.0,0.0,7.0,0.0,0.0,0.0,97.0,178.0,0.0,0.0
1901,2026,47.0,0.0,228.0,0.0,0.0,0.0,0.0,0.0,0.0,0.0,0.0,0.0,0.0,0.0,0.0,32.0,0.0,0.0,0.0,0.0,0.0,0.0,0.0,0.0,0.0,0.0,0.0,916.0
1902,2019,0.0,0.0,0.0,9.0,0.0,0.0,0.0,0.0,0.0,0.0,0.0,0.0,0.0,0.0,0.0,0.0,0.0,0.0,0.0,0.0,0.0,0.0,0.0,0.0,0.0,0.0,0.0,0.0
1902,2020,0.0,0.0,0.0,0.0,0.0,0.0,0.0,0.0,0.0,0.0,0.0,0.0,0.0,0.0,0.0,0.0,0.0,0.0,0.0,0.0,0.0,0.0,0.0,0.0,0.0,0.0,15.0,0.0
1902,2021,0.0,0.0,226.0,0.0,123.0,0.0,0.0,0.0,0.0,0.0,0.0,0.0,0.0,0.0,0.0,0.0,0.0,56.0,0.0,0.0,0.0,0.0,0.0,0.0,0.0,0.0,6.0,0.0
1902,2022,0.0,0.0,456.0,0.0,1107.0,0.0,0.0,0.0,0.0,0.0,0.0,208.0,0.0,0.0,0.0,0.0,138.0,56.0,50.0,0.0,16.0,0.0,0.0,0.0,0.0,0.0,0.0,0.0
1902,2023,17.0,203.0,456.0,0.0,328.0,0.0,0.0,0.0,0.0,0.0,0.0,0.0,13.0,0.0,0.0,0.0,0.0,0.0,0.0,4.0,11.0,132.0,0.0,456.0,0.0,0.0,0.0,0.0
1902,2024,11.0,0.0,456.0,0.0,902.0,0.0,0.0,0.0,36.0,0.0,0.0,464.0,24.0,0.0,0.0,0.0,0.0,0.0,0.0,2.0,11.0,0.0,0.0,0.0,58.0,132.0,0.0,0.0
1902,2025,27.0,0.0,418.0,0.0,574.0,0.0,0.0,0.0,36.0,0.0,0.0,492.0,6.0,0.0,0.0,0.0,0.0,0.0,0.0,0.0,0.0,0.0,0.0,0.0,46.0,54.0,0.0,0.0
1902,2026,5.0,0.0,228.0,0.0,0.0,0.0,0.0,0.0,36.0,0.0,0.0,552.0,0.0,0.0,0.0,0.0,0.0,0.0,0.0,0.0,0.0,0.0,0.0,0.0,0.0,0.0,0.0,354.0
1903,2019,0.0,0.0,0.0,0.0,0.0,0.0,0.0,0.0,0.0,0.0,0.0,0.0,0.0,0.0,0.0,0.0,0.0,0.0,0.0,0.0,0.0,0.0,0.0,0.0,0.0,0.0,0.0,0.0
1903,2020,0.0,0.0,0.0,0.0,0.0,0.0,0.0,0.0,0.0,0.0,0.0,0.0,0.0,0.0,0.0,0.0,0.0,0.0,0.0,0.0,0.0,0.0,0.0,0.0,0.0,0.0,44.0,0.0
1903,2021,0.0,0.0,226.0,0.0,16.0,0.0,0.0,0.0,0.0,0.0,0.0,0.0,5.0,0.0,0.0,0.0,0.0,116.0,0.0,0.0,0.0,0.0,0.0,0.0,0.0,0.0,5.0,0.0
1903,2022,0.0,0.0,456.0,0.0,144.0,0.0,0.0,0.0,0.0,0.0,0.0,0.0,12.0,0.0,0.0,0.0,6.0,116.0,176.0,10.0,2.0,0.0,0.0,0.0,0.0,0.0,0.0,0.0
1903,2023,4.0,135.0,456.0,0.0,48.0,0.0,0.0,0.0,0.0,0.0,0.0,0.0,17.0,0.0,0.0,0.0,0.0,0.0,0.0,20.0,0.0,91.0,0.0,311.0,0.0,0.0,0.0,0.0
1903,2024,12.0,0.0,456.0,0.0,176.0,0.0,0.0,0.0,0.0,0.0,0.0,0.0,20.0,0.0,7.0,12.0,0.0,0.0,0.0,0.0,0.0,0.0,0.0,0.0,73.0,170.0,0.0,0.0
1903,2025,14.0,0.0,418.0,0.0,112.0,0.0,0.0,0.0,0.0,0.0,0.0,0.0,6.0,0.0,0.0,1.0,0.0,0.0,0.0,0.0,0.0,0.0,0.0,0.0,57.0,61.0,0.0,0.0
1903,2026,7.0,0.0,228.0,0.0,0.0,0.0,0.0,0.0,0.0,0.0,0.0,0.0,0.0,0.0,0.0,3.0,0.0,0.0,0.0,0.0,0.0,0.0,0.0,0.0,0.0,0.0,0.0,167.0
1904,2019,0.0,0.0,0.0,0.0,0.0,0.0,0.0,0.0,0.0,0.0,0.0,0.0,0.0,0.0,0.0,0.0,0.0,0.0,0.0,0.0,0.0,0.0,0.0,0.0,0.0,0.0,0.0,0.0
1904,2020,0.0,0.0,0.0,0.0,0.0,0.0,0.0,0.0,0.0,0.0,0.0,0.0,0.0,0.0,0.0,0.0,0.0,0.0,0.0,0.0,0.0,0.0,0.0,0.0,0.0,0.0,15.0,0.0
1904,2021,0.0,0.0,226.0,0.0,5.0,0.0,0.0,0.0,0.0,0.0,0.0,0.0,6.0,0.0,0.0,0.0,0.0,38.0,0.0,0.0,0.0,0.0,0.0,0.0,0.0,0.0,5.0,0.0
1904,2022,0.0,0.0,456.0,0.0,38.0,0.0,0.0,0.0,0.0,0.0,0.0,0.0,14.0,0.0,0.0,0.0,12.0,40.0,18.0,0.0,0.0,0.0,0.0,0.0,0.0,0.0,0.0,0.0
1904,2023,5.0,124.0,456.0,0.0,12.0,0.0,0.0,0.0,0.0,0.0,0.0,0.0,19.0,0.0,0.0,0.0,0.0,0.0,0.0,0.0,0.0,21.0,0.0,65.0,0.0,0.0,0.0,0.0
1904,2024,8.0,0.0,456.0,0.0,44.0,0.0,0.0,0.0,0.0,0.0,0.0,0.0,20.0,0.0,0.0,23.0,0.0,0.0,0.0,0.0,0.0,0.0,0.0,0.0,53.0,103.0,0.0,0.0
1904,2025,11.0,0.0,418.0,0.0,28.0,0.0,0.0,0.0,0.0,0.0,0.0,0.0,5.0,0.0,0.0,19.0,0.0,0.0,0.0,0.0,0.0,0.0,0.0,0.0,42.0,45.0,0.0,0.0
1904,2026,3.0,0.0,228.0,0.0,0.0,0.0,0.0,0.0,0.0,0.0,0.0,0.0,0.0,0.0,0.0,12.0,0.0,0.0,0.0,0.0,0.0,0.0,0.0,0.0,0.0,0.0,0.0,116.0
1905,2019,0.0,0.0,0.0,10.0,0.0,0.0,0.0,0.0,0.0,0.0,0.0,0.0,0.0,0.0,0.0,0.0,0.0,0.0,0.0,0.0,0.0,0.0,0.0,0.0,0.0,0.0,0.0,0.0
1905,2020,0.0,0.0,0.0,0.0,0.0,0.0,0.0,0.0,0.0,0.0,0.0,0.0,0.0,0.0,0.0,0.0,0.0,0.0,0.0,0.0,0.0,0.0,0.0,0.0,0.0,0.0,113.0,0.0
1905,2021,0.0,0.0,226.0,0.0,41.0,0.0,0.0,0.0,0.0,0.0,0.0,0.0,0.0,0.0,0.0,0.0,0.0,60.0,0.0,0.0,0.0,0.0,0.0,0.0,0.0,0.0,104.0,0.0
1905,2022,0.0,0.0,456.0,0.0,369.0,0.0,0.0,0.0,0.0,0.0,0.0,0.0,0.0,0.0,0.0,0.0,8.0,60.0,578.0,20.0,1.0,0.0,0.0,0.0,0.0,0.0,0.0,0.0
1905,2023,25.0,0.0,456.0,0.0,87.0,0.0,0.0,0.0,0.0,0.0,0.0,0.0,0.0,0.0,0.0,0.0,0.0,0.0,0.0,6.0,4.0,221.0,0.0,484.0,0.0,0.0,0.0,0.0
1905,2024,57.0,0.0,456.0,0.0,319.0,0.0,0.0,0.0,0.0,0.0,0.0,0.0,0.0,0.0,10.0,0.0,0.0,0.0,0.0,0.0,5.0,0.0,0.0,0.0,177.0,415.0,0.0,0.0
1905,2025,61.0,0.0,418.0,0.0,203.0,0.0,0.0,0.0,0.0,0.0,0.0,0.0,0.0,0.0,0.0,0.0,0.0,0.0,0.0,0.0,4.0,0.0,0.0,0.0,108.0,193.0,0.0,0.0
1905,2026,25.0,0.0,228.0,0.0,0.0,0.0,0.0,0.0,0.0,0.0,0.0,0.0,0.0,0.0,0.0,0.0,0.0,0.0,0.0,0.0,0.0,0.0,0.0,0.0,0.0,0.0,0.0,863.0
1906,2019,0.0,0.0,0.0,0.0,0.0,0.0,0.0,0.0,0.0,0.0,0.0,0.0,0.0,0.0,0.0,0.0,0.0,0.0,0.0,0.0,0.0,0.0,0.0,0.0,0.0,0.0,0.0,0.0
1906,2020,0.0,0.0,0.0,0.0,0.0,0.0,0.0,0.0,0.0,0.0,0.0,0.0,0.0,0.0,0.0,0.0,0.0,0.0,0.0,0.0,0.0,0.0,0.0,0.0,0.0,0.0,23.0,0.0
1906,2021,0.0,0.0,226.0,0.0,2.0,0.0,0.0,0.0,0.0,0.0,0.0,0.0,4.0,0.0,0.0,0.0,0.0,8.0,0.0,0.0,0.0,0.0,0.0,0.0,0.0,0.0,36.0,0.0
1906,2022,0.0,0.0,456.0,0.0,18.0,0.0,0.0,0.0,180.0,0.0,0.0,104.0,8.0,0.0,0.0,0.0,12.0,8.0,34.0,0.0,0.0,0.0,0.0,0.0,0.0,0.0,0.0,0.0
1906,2023,15.0,198.0,456.0,0.0,3.0,0.0,0.0,0.0,0.0,0.0,0.0,0.0,10.0,0.0,0.0,0.0,0.0,0.0,0.0,0.0,3.0,169.0,0.0,352.0,0.0,0.0,0.0,0.0
1906,2024,39.0,0.0,456.0,0.0,11.0,0.0,0.0,0.0,360.0,0.0,0.0,212.0,12.0,0.0,0.0,35.0,0.0,0.0,0.0,0.0,1.0,0.0,0.0,0.0,149.0,251.0,0.0,0.0
1906,2025,44.0,0.0,418.0,0.0,7.0,0.0,0.0,0.0,360.0,0.0,0.0,216.0,3.0,0.0,0.0,28.0,0.0,0.0,0.0,0.0,2.0,0.0,0.0,0.0,70.0,127.0,0.0,0.0
1906,2026,21.0,0.0,228.0,0.0,0.0,0.0,0.0,0.0,360.0,0.0,0.0,216.0,0.0,0.0,0.0,14.0,0.0,0.0,0.0,0.0,0.0,0.0,0.0,0.0,0.0,0.0,0.0,484.0
1907,2019,0.0,0.0,0.0,0.0,0.0,0.0,0.0,0.0,0.0,0.0,0.0,0.0,0.0,0.0,0.0,0.0,0.0,0.0,0.0,0.0,0.0,0.0,0.0,0.0,0.0,0.0,0.0,0.0
1907,2020,0.0,0.0,0.0,0.0,0.0,0.0,0.0,0.0,0.0,0.0,0.0,0.0,0.0,0.0,0.0,0.0,0.0,0.0,0.0,0.0,0.0,0.0,0.0,0.0,0.0,0.0,38.0,0.0
1907,2021,0.0,0.0,226.0,0.0,4.0,0.0,0.0,0.0,0.0,0.0,0.0,0.0,6.0,0.0,0.0,0.0,0.0,20.0,0.0,0.0,0.0,0.0,0.0,0.0,0.0,0.0,36.0,0.0
1907,2022,0.0,0.0,456.0,0.0,36.0,0.0,0.0,0.0,414.0,0.0,0.0,200.0,14.0,0.0,0.0,0.0,0.0,20.0,112.0,26.0,3.0,0.0,0.0,0.0,0.0,0.0,0.0,0.0
1907,2023,3.0,137.0,456.0,0.0,9.0,0.0,0.0,0.0,0.0,0.0,0.0,0.0,25.0,0.0,0.0,0.0,0.0,0.0,0.0,0.0,0.0,0.0,0.0,0.0,0.0,0.0,0.0,0.0
1907,2024,7.0,0.0,456.0,0.0,33.0,0.0,0.0,0.0,932.0,0.0,0.0,456.0,32.0,0.0,7.0,13.0,0.0,0.0,0.0,0.0,0.0,0.0,0.0,0.0,59.0,120.0,0.0,0.0
1907,2025,10.0,0.0,418.0,0.0,21.0,0.0,0.0,0.0,948.0,0.0,0.0,456.0,8.0,0.0,0.0,13.0,0.0,0.0,0.0,0.0,0.0,0.0,0.0,0.0,40.0,44.0,0.0,0.0
1907,2026,1.0,0.0,228.0,0.0,0.0,0.0,0.0,0.0,964.0,0.0,0.0,456.0,0.0,0.0,0.0,4.0,0.0,0.0,0.0,0.0,0.0,0.0,0.0,0.0,0.0,0.0,0.0,303.0
1908,2019,0.0,0.0,0.0,0.0,0.0,0.0,0.0,0.0,0.0,0.0,0.0,0.0,0.0,0.0,0.0,0.0,0.0,0.0,0.0,0.0,0.0,0.0,0.0,0.0,0.0,0.0,0.0,0.0
1908,2020,0.0,0.0,0.0,0.0,0.0,0.0,0.0,0.0,0.0,0.0,0.0,0.0,0.0,0.0,0.0,0.0,0.0,0.0,0.0,0.0,0.0,0.0,0.0,0.0,0.0,0.0,33.0,0.0
1908,2021,0.0,0.0,226.0,0.0,3.0,0.0,0.0,0.0,0.0,0.0,0.0,0.0,0.0,0.0,0.0,0.0,0.0,154.0,0.0,0.0,0.0,0.0,0.0,0.0,0.0,0.0,2.0,0.0
1908,2022,0.0,0.0,456.0,0.0,27.0,0.0,0.0,0.0,0.0,0.0,0.0,192.0,0.0,0.0,0.0,0.0,28.0,154.0,126.0,0.0,0.0,0.0,0.0,0.0,0.0,0.0,0.0,0.0
1908,2023,7.0,188.0,456.0,0.0,9.0,0.0,0.0,0.0,0.0,0.0,0.0,0.0,2.0,0.0,0.0,0.0,0.0,0.0,0.0,6.0,1.0,0.0,0.0,0.0,0.0,0.0,0.0,0.0
1908,2024,17.0,0.0,456.0,0.0,33.0,0.0,0.0,0.0,36.0,0.0,0.0,460.0,4.0,0.0,0.0,21.0,0.0,0.0,0.0,0.0,1.0,0.0,0.0,0.0,72.0,142.0,0.0,0.0
1908,2025,17.0,0.0,418.0,0.0,21.0,0.0,0.0,0.0,36.0,0.0,0.0,502.0,1.0,0.0,0.0,16.0,0.0,0.0,0.0,0.0,1.0,0.0,0.0,0.0,57.0,48.0,0.0,0.0
1908,2026,1.0,0.0,228.0,0.0,0.0,0.0,0.0,0.0,36.0,0.0,0.0,516.0,0.0,0.0,0.0,4.0,0.0,0.0,0.0,0.0,0.0,0.0,0.0,0.0,0.0,0.0,0.0,190.0
1909,2019,0.0,0.0,0.0,10.0,0.0,0.0,0.0,0.0,0.0,0.0,0.0,0.0,0.0,0.0,0.0,0.0,0.0,0.0,0.0,0.0,0.0,0.0,0.0,0.0,0.0,0.0,0.0,0.0
1909,2020,0.0,0.0,0.0,0.0,0.0,0.0,0.0,0.0,0.0,0.0,0.0,0.0,0.0,0.0,0.0,0.0,0.0,0.0,0.0,0.0,0.0,0.0,0.0,0.0,0.0,0.0,17.0,0.0
1909,2021,0.0,0.0,226.0,0.0,0.0,0.0,0.0,0.0,0.0,0.0,0.0,0.0,0.0,0.0,0.0,0.0,0.0,22.0,0.0,0.0,0.0,0.0,0.0,0.0,0.0,0.0,58.0,0.0
1909,2022,0.0,0.0,456.0,0.0,0.0,0.0,0.0,0.0,0.0,0.0,0.0,0.0,0.0,0.0,0.0,0.0,0.0,22.0,144.0,6.0,1.0,0.0,0.0,0.0,0.0,0.0,0.0,0.0
1909,2023,2.0,81.0,456.0,0.0,0.0,0.0,0.0,0.0,0.0,0.0,0.0,0.0,6.0,0.0,0.0,0.0,0.0,0.0,0.0,2.0,2.0,0.0,0.0,0.0,0.0,0.0,0.0,0.0
1909,2024,7.0,0.0,456.0,0.0,0.0,0.0,0.0,0.0,0.0,0.0,0.0,0.0,12.0,0.0,4.0,6.0,0.0,0.0,0.0,0.0,0.0,0.0,0.0,0.0,25.0,79.0,0.0,0.0
1909,2025,6.0,0.0,418.0,0.0,0.0,0.0,0.0,0.0,0.0,0.0,0.0,0.0,3.0,0.0,0.0,5.0,0.0,0.0,0.0,0.0,0.0,0.0,0.0,0.0,16.0,31.0,0.0,0.0
1909,2026,6.0,0.0,228.0,0.0,0.0,0.0,0.0,0.0,0.0,0.0,0.0,0.0,0.0,0.0,0.0,1.0,0.0,0.0,0.0,0.0,0.0,0.0,0.0,0.0,0.0,0.0,0.0,194.0
2001,2019,0.0,0.0,0.0,4.0,0.0,0.0,0.0,0.0,0.0,0.0,0.0,0.0,0.0,0.0,0.0,0.0,0.0,0.0,0.0,0.0,0.0,0.0,0.0,0.0,0.0,0.0,0.0,0.0
2001,2020,0.0,0.0,0.0,0.0,0.0,0.0,0.0,0.0,0.0,0.0,0.0,0.0,0.0,0.0,0.0,0.0,0.0,0.0,0.0,0.0,0.0,0.0,0.0,0.0,0.0,0.0,488.0,0.0
2001,2021,0.0,0.0,226.0,0.0,26.0,0.0,0.0,0.0,0.0,0.0,0.0,0.0,36.0,0.0,0.0,0.0,0.0,6.0,0.0,0.0,0.0,0.0,0.0,0.0,0.0,0.0,446.0,0.0
2001,2022,0.0,0.0,456.0,0.0,234.0,0.0,0.0,0.0,0.0,0.0,0.0,0.0,76.0,0.0,0.0,0.0,0.0,12.0,0.0,0.0,18.0,0.0,0.0,0.0,0.0,0.0,0.0,0.0
2001,2023,7.0,98.0,456.0,0.0,76.0,0.0,0.0,0.0,0.0,0.0,0.0,0.0,77.0,0.0,0.0,0.0,0.0,0.0,0.0,0.0,27.0,160.0,173.0,629.0,0.0,0.0,0.0,0.0
2001,2024,11.0,0.0,456.0,0.0,264.0,0.0,0.0,0.0,0.0,0.0,0.0,0.0,94.0,0.0,0.0,2.0,0.0,0.0,0.0,0.0,16.0,0.0,0.0,0.0,14.0,29.0,0.0,0.0
2001,2025,9.0,0.0,418.0,0.0,168.0,0.0,0.0,0.0,0.0,0.0,0.0,0.0,29.0,0.0,0.0,1.0,0.0,0.0,0.0,0.0,8.0,0.0,0.0,0.0,2.0,19.0,0.0,0.0
2001,2026,3.0,0.0,228.0,0.0,0.0,0.0,0.0,0.0,0.0,0.0,0.0,0.0,0.0,0.0,0.0,4.0,0.0,0.0,0.0,0.0,0.0,0.0,0.0,0.0,0.0,0.0,0.0,750.0
2002,2019,0.0,0.0,0.0,0.0,0.0,0.0,0.0,0.0,0.0,0.0,0.0,0.0,0.0,0.0,0.0,0.0,0.0,0.0,0.0,0.0,0.0,0.0,0.0,0.0,0.0,0.0,0.0,0.0
2002,2020,0.0,0.0,0.0,0.0,0.0,0.0,0.0,0.0,0.0,0.0,0.0,0.0,0.0,0.0,0.0,0.0,0.0,0.0,0.0,0.0,0.0,0.0,0.0,0.0,0.0,0.0,13.0,0.0
2002,2021,0.0,0.0,216.0,0.0,5.0,0.0,0.0,0.0,0.0,0.0,0.0,0.0,8.0,0.0,0.0,0.0,0.0,6.0,0.0,0.0,0.0,0.0,0.0,0.0,0.0,0.0,13.0,0.0
2002,2022,0.0,0.0,432.0,0.0,45.0,0.0,0.0,0.0,0.0,0.0,0.0,0.0,16.0,0.0,0.0,0.0,0.0,8.0,0.0,0.0,0.0,0.0,0.0,0.0,0.0,0.0,0.0,0.0
2002,2023,1.0,37.0,432.0,0.0,15.0,0.0,0.0,0.0,0.0,0.0,0.0,0.0,16.0,0.0,0.0,0.0,0.0,0.0,0.0,0.0,1.0,85.0,10.0,282.0,0.0,0.0,0.0,0.0
2002,2024,2.0,0.0,432.0,0.0,55.0,0.0,0.0,0.0,0.0,0.0,0.0,0.0,19.0,0.0,0.0,0.0,0.0,0.0,0.0,0.0,0.0,0.0,0.0,0.0,2.0,21.0,0.0,0.0
2002,2025,0.0,0.0,396.0,0.0,35.0,0.0,0.0,0.0,0.0,0.0,0.0,0.0,5.0,0.0,0.0,1.0,0.0,0.0,0.0,0.0,0.0,0.0,0.0,0.0,0.0,8.0,0.0,0.0
2002,2026,1.0,0.0,216.0,0.0,0.0,0.0,0.0,0.0,0.0,0.0,0.0,0.0,0.0,0.0,0.0,1.0,0.0,0.0,0.0,0.0,0.0,0.0,0.0,0.0,0.0,0.0,0.0,212.0
2003,2019,0.0,0.0,0.0,2.0,0.0,0.0,0.0,0.0,0.0,0.0,0.0,0.0,0.0,0.0,0.0,0.0,0.0,0.0,0.0,0.0,0.0,0.0,0.0,0.0,0.0,0.0,0.0,0.0
2003,2020,0.0,0.0,0.0,0.0,0.0,0.0,0.0,0.0,0.0,0.0,0.0,0.0,0.0,0.0,0.0,0.0,0.0,0.0,0.0,0.0,0.0,0.0,0.0,0.0,0.0,0.0,531.0,0.0
2003,2021,0.0,0.0,226.0,0.0,5.0,0.0,0.0,0.0,0.0,0.0,0.0,0.0,76.0,0.0,0.0,0.0,0.0,10.0,0.0,0.0,0.0,0.0,0.0,0.0,0.0,0.0,317.0,0.0
2003,2022,0.0,0.0,456.0,0.0,45.0,0.0,0.0,0.0,0.0,0.0,0.0,0.0,153.0,0.0,0.0,0.0,0.0,10.0,0.0,0.0,35.0,0.0,0.0,0.0,0.0,0.0,0.0,0.0
2003,2023,12.0,187.0,456.0,0.0,14.0,0.0,0.0,0.0,0.0,0.0,0.0,0.0,164.0,0.0,0.0,0.0,0.0,0.0,0.0,0.0,13.0,221.0,102.0,591.0,0.0,0.0,0.0,0.0
2003,2024,18.0,0.0,456.0,0.0,44.0,0.0,0.0,0.0,0.0,0.0,0.0,0.0,183.0,80.0,0.0,8.0,0.0,0.0,0.0,0.0,23.0,0.0,0.0,0.0,18.0,135.0,0.0,0.0
2003,2025,14.0,0.0,418.0,0.0,28.0,0.0,0.0,0.0,0.0,0.0,0.0,0.0,51.0,24.0,0.0,7.0,0.0,0.0,0.0,0.0,2.0,0.0,0.0,0.0,11.0,46.0,0.0,0.0
2003,2026,6.0,0.0,228.0,0.0,0.0,0.0,0.0,0.0,0.0,0.0,0.0,0.0,0.0,0.0,0.0,9.0,0.0,0.0,0.0,0.0,0.0,0.0,0.0,0.0,0.0,0.0,0.0,892.0
2101,2019,0.0,0.0,0.0,48.0,0.0,0.0,0.0,0.0,0.0,0.0,0.0,0.0,0.0,0.0,0.0,0.0,0.0,0.0,0.0,0.0,0.0,0.0,0.0,0.0,0.0,0.0,0.0,0.0
2101,2020,0.0,0.0,0.0,0.0,0.0,0.0,0.0,0.0,0.0,0.0,0.0,0.0,0.0,0.0,0.0,0.0,0.0,0.0,0.0,0.0,0.0,0.0,0.0,0.0,0.0,0.0,509.0,0.0
2101,2021,0.0,0.0,226.0,0.0,54.0,0.0,0.0,0.0,0.0,0.0,0.0,0.0,232.0,0.0,0.0,0.0,0.0,56.0,0.0,0.0,0.0,0.0,0.0,0.0,0.0,0.0,357.0,0.0
2101,2022,0.0,0.0,456.0,0.0,486.0,0.0,0.0,0.0,1538.0,0.0,0.0,446.0,480.0,0.0,0.0,0.0,256.0,56.0,5160.0,2278.0,27.0,0.0,0.0,0.0,0.0,0.0,0.0,0.0
2101,2023,112.0,828.0,456.0,0.0,162.0,0.0,0.0,0.0,0.0,0.0,0.0,0.0,625.0,0.0,172.0,0.0,0.0,0.0,0.0,938.0,31.0,224.0,389.0,806.0,0.0,0.0,0.0,0.0
2101,2024,217.0,0.0,456.0,0.0,517.0,0.0,0.0,0.0,3778.0,0.0,0.0,1048.0,788.0,950.0,0.0,134.0,0.0,0.0,0.0,1470.0,24.0,0.0,0.0,0.0,696.0,1655.0,0.0,0.0
2101,2025,187.0,0.0,418.0,0.0,329.0,0.0,0.0,0.0,4174.0,0.0,0.0,1128.0,263.0,263.0,0.0,61.0,0.0,0.0,0.0,0.0,17.0,0.0,0.0,0.0,474.0,805.0,0.0,0.0
2101,2026,109.0,0.0,228.0,0.0,0.0,0.0,0.0,0.0,4588.0,0.0,0.0,1224.0,0.0,0.0,0.0,23.0,0.0,0.0,0.0,0.0,0.0,0.0,0.0,0.0,0.0,0.0,0.0,5649.0
2102,2019,0.0,0.0,0.0,0.0,0.0,0.0,0.0,0.0,0.0,0.0,0.0,0.0,0.0,0.0,0.0,0.0,0.0,0.0,0.0,0.0,0.0,0.0,0.0,0.0,0.0,0.0,0.0,0.0
2102,2020,0.0,0.0,0.0,0.0,0.0,0.0,0.0,0.0,0.0,0.0,0.0,0.0,0.0,0.0,0.0,0.0,0.0,0.0,0.0,0.0,0.0,0.0,0.0,0.0,0.0,0.0,12.0,0.0
2102,2021,0.0,0.0,226.0,0.0,65.0,0.0,0.0,0.0,0.0,0.0,0.0,0.0,38.0,0.0,0.0,0.0,0.0,64.0,0.0,0.0,0.0,0.0,0.0,0.0,0.0,0.0,1.0,0.0
2102,2022,0.0,0.0,456.0,0.0,243.0,0.0,0.0,0.0,0.0,0.0,0.0,0.0,76.0,0.0,0.0,0.0,1016.0,64.0,206.0,58.0,3.0,0.0,0.0,0.0,0.0,0.0,0.0,0.0
2102,2023,5.0,220.0,456.0,0.0,81.0,0.0,0.0,0.0,0.0,0.0,0.0,0.0,74.0,0.0,0.0,0.0,0.0,0.0,0.0,16.0,4.0,84.0,0.0,339.0,0.0,0.0,0.0,0.0
2102,2024,11.0,0.0,456.0,0.0,264.0,0.0,0.0,0.0,0.0,0.0,0.0,0.0,76.0,0.0,0.0,11.0,0.0,0.0,0.0,66.0,0.0,0.0,0.0,0.0,115.0,202.0,0.0,0.0
2102,2025,10.0,0.0,418.0,0.0,168.0,0.0,0.0,0.0,0.0,0.0,0.0,0.0,19.0,0.0,0.0,3.0,0.0,0.0,0.0,0.0,0.0,0.0,0.0,0.0,68.0,89.0,0.0,0.0
2102,2026,6.0,0.0,228.0,0.0,0.0,0.0,0.0,0.0,0.0,0.0,0.0,0.0,0.0,0.0,0.0,6.0,0.0,0.0,0.0,0.0,0.0,0.0,0.0,0.0,0.0,0.0,0.0,479.0
2103,2019,0.0,0.0,0.0,6.0,0.0,0.0,0.0,0.0,0.0,0.0,0.0,0.0,0.0,0.0,0.0,0.0,0.0,0.0,0.0,0.0,0.0,0.0,0.0,0.0,0.0,0.0,0.0,0.0
2103,2020,0.0,0.0,0.0,0.0,0.0,0.0,0.0,0.0,0.0,0.0,0.0,0.0,0.0,0.0,0.0,0.0,0.0,0.0,0.0,0.0,0.0,0.0,0.0,0.0,0.0,0.0,6.0,0.0
2103,2021,0.0,0.0,226.0,0.0,108.0,0.0,0.0,0.0,0.0,0.0,0.0,0.0,6.0,0.0,0.0,0.0,0.0,104.0,0.0,0.0,0.0,0.0,0.0,0.0,0.0,0.0,20.0,0.0
2103,2022,0.0,0.0,456.0,0.0,18.0,0.0,0.0,0.0,0.0,0.0,0.0,0.0,12.0,0.0,0.0,0.0,542.0,104.0,1820.0,620.0,3.0,0.0,0.0,0.0,0.0,0.0,0.0,0.0
2103,2023,4.0,146.0,456.0,0.0,6.0,0.0,0.0,0.0,0.0,0.0,0.0,0.0,12.0,0.0,0.0,0.0,0.0,0.0,0.0,462.0,2.0,0.0,0.0,0.0,0.0,0.0,0.0,0.0
2103,2024,15.0,0.0,456.0,0.0,22.0,0.0,0.0,0.0,0.0,0.0,0.0,0.0,14.0,0.0,0.0,3.0,0.0,0.0,0.0,252.0,2.0,0.0,0.0,0.0,75.0,155.0,0.0,0.0
2103,2025,13.0,0.0,418.0,0.0,14.0,0.0,0.0,0.0,0.0,0.0,0.0,0.0,5.0,0.0,0.0,1.0,0.0,0.0,0.0,0.0,0.0,0.0,0.0,0.0,50.0,67.0,0.0,0.0
2103,2026,9.0,0.0,228.0,0.0,0.0,0.0,0.0,0.0,0.0,0.0,0.0,0.0,0.0,0.0,0.0,0.0,0.0,0.0,0.0,0.0,0.0,0.0,0.0,0.0,0.0,0.0,0.0,397.0
2104,2019,0.0,0.0,0.0,10.0,0.0,0.0,0.0,0.0,0.0,0.0,0.0,0.0,0.0,0.0,0.0,0.0,0.0,0.0,0.0,0.0,0.0,0.0,0.0,0.0,0.0,0.0,0.0,0.0
2104,2020,0.0,0.0,0.0,0.0,0.0,0.0,0.0,0.0,0.0,0.0,0.0,0.0,0.0,0.0,0.0,0.0,0.0,0.0,0.0,0.0,0.0,0.0,0.0,0.0,0.0,0.0,99.0,0.0
2104,2021,0.0,0.0,226.0,0.0,248.0,0.0,0.0,0.0,0.0,0.0,0.0,0.0,19.0,0.0,0.0,0.0,0.0,52.0,0.0,0.0,0.0,0.0,0.0,0.0,0.0,0.0,33.0,0.0
2104,2022,0.0,0.0,456.0,0.0,531.0,0.0,530.0,0.0,1668.0,0.0,0.0,352.0,40.0,0.0,0.0,0.0,776.0,52.0,958.0,278.0,10.0,0.0,0.0,0.0,0.0,0.0,0.0,0.0
2104,2023,56.0,406.0,456.0,0.0,177.0,0.0,0.0,0.0,0.0,0.0,0.0,0.0,50.0,0.0,0.0,0.0,0.0,0.0,0.0,176.0,18.0,202.0,0.0,502.0,0.0,0.0,0.0,0.0
2104,2024,79.0,0.0,456.0,0.0,517.0,0.0,1318.0,0.0,4038.0,0.0,0.0,856.0,62.0,0.0,0.0,43.0,0.0,0.0,0.0,350.0,17.0,0.0,0.0,0.0,526.0,921.0,0.0,0.0
2104,2025,75.0,0.0,418.0,0.0,329.0,0.0,1462.0,0.0,4290.0,0.0,0.0,900.0,41.0,0.0,0.0,32.0,0.0,0.0,0.0,0.0,3.0,0.0,0.0,0.0,270.0,419.0,0.0,0.0
2104,2026,48.0,0.0,228.0,0.0,0.0,0.0,788.0,0.0,4560.0,0.0,0.0,956.0,0.0,0.0,0.0,11.0,0.0,0.0,0.0,0.0,0.0,0.0,0.0,0.0,0.0,0.0,0.0,1700.0
2105,2019,0.0,0.0,0.0,9.0,0.0,0.0,0.0,0.0,0.0,0.0,0.0,0.0,0.0,0.0,0.0,0.0,0.0,0.0,0.0,0.0,0.0,0.0,0.0,0.0,0.0,0.0,0.0,0.0
2105,2020,0.0,0.0,0.0,0.0,0.0,0.0,0.0,0.0,0.0,0.0,0.0,0.0,0.0,0.0,0.0,0.0,0.0,0.0,0.0,0.0,0.0,0.0,0.0,0.0,0.0,0.0,3.0,0.0
2105,2021,0.0,0.0,226.0,0.0,0.0,0.0,0.0,0.0,0.0,0.0,0.0,0.0,2.0,0.0,0.0,0.0,0.0,70.0,0.0,0.0,0.0,0.0,0.0,0.0,0.0,0.0,13.0,0.0
2105,2022,0.0,0.0,456.0,0.0,0.0,0.0,0.0,0.0,0.0,0.0,0.0,0.0,4.0,0.0,0.0,0.0,0.0,72.0,16.0,0.0,3.0,0.0,0.0,0.0,0.0,0.0,0.0,0.0
2105,2023,3.0,103.0,456.0,0.0,0.0,0.0,0.0,0.0,0.0,0.0,0.0,0.0,4.0,0.0,0.0,0.0,0.0,0.0,0.0,16.0,12.0,0.0,0.0,0.0,0.0,0.0,0.0,0.0
2105,2024,5.0,0.0,456.0,0.0,0.0,0.0,0.0,0.0,0.0,0.0,0.0,0.0,4.0,0.0,0.0,0.0,0.0,0.0,0.0,2.0,7.0,0.0,0.0,0.0,10.0,29.0,0.0,0.0
2105,2025,5.0,0.0,418.0,0.0,0.0,0.0,0.0,0.0,0.0,0.0,0.0,0.0,1.0,0.0,0.0,2.0,0.0,0.0,0.0,0.0,2.0,0.0,0.0,0.0,16.0,15.0,0.0,0.0
2105,2026,1.0,0.0,228.0,0.0,0.0,0.0,0.0,0.0,0.0,0.0,0.0,0.0,0.0,0.0,0.0,0.0,0.0,0.0,0.0,0.0,0.0,0.0,0.0,0.0,0.0,0.0,0.0,82.0
2106,2019,0.0,0.0,0.0,0.0,0.0,0.0,0.0,0.0,0.0,0.0,0.0,0.0,0.0,0.0,0.0,0.0,0.0,0.0,0.0,0.0,0.0,0.0,0.0,0.0,0.0,0.0,0.0,0.0
2106,2020,0.0,0.0,0.0,0.0,0.0,0.0,0.0,0.0,0.0,0.0,0.0,0.0,0.0,0.0,0.0,0.0,0.0,0.0,0.0,0.0,0.0,0.0,0.0,0.0,0.0,0.0,45.0,0.0
2106,2021,0.0,0.0,226.0,0.0,61.0,0.0,0.0,0.0,0.0,0.0,0.0,0.0,14.0,0.0,0.0,0.0,0.0,36.0,0.0,0.0,0.0,0.0,0.0,0.0,0.0,0.0,58.0,0.0
2106,2022,0.0,0.0,456.0,0.0,0.0,0.0,0.0,0.0,212.0,0.0,0.0,56.0,24.0,0.0,0.0,0.0,10.0,38.0,798.0,454.0,2.0,0.0,0.0,0.0,0.0,0.0,0.0,0.0
2106,2023,9.0,206.0,456.0,0.0,0.0,0.0,0.0,0.0,0.0,0.0,0.0,0.0,24.0,0.0,0.0,0.0,0.0,0.0,0.0,148.0,0.0,70.0,0.0,393.0,0.0,0.0,0.0,0.0
2106,2024,16.0,0.0,456.0,0.0,0.0,0.0,0.0,0.0,424.0,0.0,0.0,112.0,28.0,0.0,0.0,8.0,0.0,0.0,0.0,156.0,0.0,0.0,0.0,0.0,159.0,266.0,0.0,0.0
2106,2025,13.0,0.0,418.0,0.0,0.0,0.0,0.0,0.0,424.0,0.0,0.0,112.0,8.0,0.0,0.0,5.0,0.0,0.0,0.0,0.0,2.0,0.0,0.0,0.0,95.0,120.0,0.0,0.0
2106,2026,8.0,0.0,228.0,0.0,0.0,0.0,0.0,0.0,424.0,0.0,0.0,112.0,0.0,0.0,0.0,2.0,0.0,0.0,0.0,0.0,0.0,0.0,0.0,0.0,0.0,0.0,0.0,533.0
2107,2019,0.0,0.0,0.0,0.0,0.0,0.0,0.0,0.0,0.0,0.0,0.0,0.0,0.0,0.0,0.0,0.0,0.0,0.0,0.0,0.0,0.0,0.0,0.0,0.0,0.0,0.0,0.0,0.0
2107,2020,0.0,0.0,0.0,0.0,0.0,0.0,0.0,0.0,0.0,0.0,0.0,0.0,0.0,0.0,0.0,0.0,0.0,0.0,0.0,0.0,0.0,0.0,0.0,0.0,0.0,0.0,0.0,0.0
2107,2021,0.0,0.0,226.0,0.0,34.0,0.0,0.0,0.0,0.0,0.0,0.0,0.0,6.0,0.0,0.0,0.0,0.0,142.0,0.0,0.0,0.0,0.0,0.0,0.0,0.0,0.0,0.0,0.0
2107,2022,0.0,0.0,456.0,0.0,306.0,0.0,0.0,0.0,0.0,0.0,0.0,0.0,9.0,0.0,0.0,0.0,46.0,142.0,676.0,94.0,3.0,0.0,0.0,0.0,0.0,0.0,0.0,0.0
2107,2023,5.0,138.0,456.0,0.0,102.0,0.0,0.0,0.0,0.0,0.0,0.0,0.0,12.0,0.0,0.0,0.0,0.0,0.0,0.0,94.0,2.0,48.0,0.0,324.0,0.0,0.0,0.0,0.0
2107,2024,17.0,0.0,456.0,0.0,352.0,0.0,0.0,0.0,0.0,0.0,0.0,0.0,16.0,0.0,0.0,3.0,0.0,0.0,0.0,72.0,1.0,0.0,0.0,0.0,108.0,159.0,0.0,0.0
2107,2025,8.0,0.0,418.0,0.0,224.0,0.0,0.0,0.0,0.0,0.0,0.0,0.0,7.0,0.0,0.0,0.0,0.0,0.0,0.0,0.0,0.0,0.0,0.0,0.0,56.0,70.0,0.0,0.0
2107,2026,9.0,0.0,228.0,0.0,0.0,0.0,0.0,0.0,0.0,0.0,0.0,0.0,0.0,0.0,0.0,2.0,0.0,0.0,0.0,0.0,0.0,0.0,0.0,0.0,0.0,0.0,0.0,300.0
2201,2019,0.0,0.0,0.0,0.0,0.0,0.0,0.0,0.0,0.0,0.0,0.0,0.0,0.0,0.0,0.0,0.0,0.0,0.0,0.0,0.0,0.0,0.0,0.0,0.0,0.0,0.0,0.0,0.0
2201,2020,0.0,0.0,0.0,0.0,0.0,0.0,0.0,0.0,0.0,0.0,0.0,0.0,0.0,0.0,0.0,0.0,0.0,0.0,0.0,0.0,0.0,0.0,0.0,0.0,0.0,0.0,304.0,0.0
2201,2021,0.0,0.0,0.0,0.0,0.0,0.0,0.0,0.0,0.0,0.0,0.0,0.0,0.0,0.0,0.0,0.0,0.0,218.0,0.0,0.0,0.0,0.0,0.0,0.0,0.0,0.0,212.0,0.0
2201,2022,0.0,0.0,0.0,0.0,0.0,0.0,0.0,0.0,0.0,0.0,0.0,0.0,0.0,0.0,0.0,0.0,344.0,216.0,5392.0,4716.0,0.0,0.0,0.0,0.0,0.0,0.0,0.0,0.0
2201,2023,0.0,0.0,0.0,0.0,0.0,0.0,0.0,0.0,0.0,0.0,0.0,0.0,0.0,0.0,0.0,0.0,0.0,0.0,0.0,2942.0,0.0,0.0,0.0,0.0,0.0,0.0,0.0,0.0
2201,2024,0.0,0.0,0.0,0.0,0.0,0.0,0.0,0.0,0.0,0.0,0.0,0.0,0.0,0.0,0.0,92.0,0.0,0.0,0.0,3156.0,0.0,0.0,0.0,0.0,0.0,0.0,0.0,0.0
2201,2025,0.0,0.0,8.0,0.0,0.0,0.0,0.0,0.0,0.0,0.0,0.0,0.0,0.0,0.0,0.0,57.0,0.0,0.0,0.0,0.0,0.0,0.0,0.0,0.0,0.0,0.0,0.0,0.0
2201,2026,0.0,0.0,12.0,0.0,0.0,0.0,0.0,0.0,0.0,0.0,0.0,0.0,0.0,0.0,0.0,21.0,0.0,0.0,0.0,0.0,0.0,0.0,0.0,0.0,0.0,0.0,0.0,0.0
2202,2019,0.0,0.0,0.0,0.0,0.0,0.0,0.0,0.0,0.0,0.0,0.0,0.0,0.0,0.0,0.0,0.0,0.0,0.0,0.0,0.0,0.0,0.0,0.0,0.0,0.0,0.0,0.0,0.0
2202,2020,0.0,0.0,0.0,0.0,0.0,0.0,0.0,0.0,0.0,0.0,0.0,0.0,0.0,0.0,0.0,0.0,0.0,0.0,0.0,0.0,0.0,0.0,0.0,0.0,0.0,0.0,0.0,0.0
2202,2021,0.0,0.0,0.0,0.0,9.0,0.0,0.0,0.0,0.0,0.0,0.0,0.0,4.0,0.0,0.0,0.0,0.0,68.0,0.0,0.0,0.0,0.0,0.0,0.0,0.0,0.0,0.0,0.0
2202,2022,0.0,0.0,0.0,0.0,81.0,0.0,0.0,0.0,0.0,0.0,0.0,0.0,8.0,0.0,0.0,0.0,56.0,68.0,0.0,0.0,2.0,0.0,0.0,0.0,0.0,0.0,0.0,0.0
2202,2023,5.0,123.0,0.0,0.0,24.0,0.0,0.0,0.0,0.0,0.0,0.0,0.0,8.0,0.0,0.0,0.0,0.0,0.0,0.0,4.0,2.0,21.0,0.0,219.0,0.0,0.0,0.0,0.0
2202,2024,9.0,0.0,0.0,0.0,88.0,0.0,0.0,0.0,0.0,0.0,0.0,0.0,8.0,0.0,0.0,1.0,0.0,0.0,0.0,2.0,3.0,0.0,0.0,0.0,95.0,137.0,0.0,0.0
2202,2025,9.0,0.0,0.0,0.0,56.0,0.0,0.0,0.0,0.0,0.0,0.0,0.0,2.0,0.0,0.0,1.0,0.0,0.0,0.0,0.0,1.0,0.0,0.0,0.0,66.0,46.0,0.0,0.0
2202,2026,0.0,0.0,0.0,0.0,0.0,0.0,0.0,0.0,0.0,0.0,0.0,0.0,0.0,0.0,0.0,0.0,0.0,0.0,0.0,0.0,0.0,0.0,0.0,0.0,0.0,0.0,0.0,28.0
2203,2019,0.0,0.0,0.0,16.0,0.0,0.0,0.0,0.0,0.0,0.0,0.0,0.0,0.0,0.0,0.0,0.0,0.0,0.0,0.0,0.0,0.0,0.0,0.0,0.0,0.0,0.0,0.0,0.0
2203,2020,0.0,0.0,0.0,0.0,0.0,0.0,0.0,0.0,0.0,0.0,0.0,0.0,0.0,0.0,0.0,0.0,0.0,0.0,0.0,0.0,0.0,0.0,0.0,0.0,0.0,0.0,126.0,0.0
2203,2021,0.0,0.0,226.0,0.0,0.0,0.0,0.0,0.0,0.0,0.0,0.0,0.0,168.0,0.0,0.0,0.0,0.0,20.0,0.0,0.0,0.0,0.0,0.0,0.0,0.0,0.0,133.0,0.0
2203,2022,0.0,0.0,456.0,0.0,0.0,0.0,0.0,0.0,548.0,0.0,0.0,468.0,336.0,0.0,0.0,0.0,434.0,20.0,708.0,266.0,26.0,0.0,0.0,0.0,0.0,0.0,0.0,0.0
2203,2023,37.0,656.0,456.0,0.0,0.0,0.0,0.0,0.0,0.0,0.0,0.0,0.0,336.0,0.0,0.0,0.0,0.0,0.0,0.0,260.0,3.0,0.0,0.0,0.0,0.0,0.0,0.0,0.0
2203,2024,79.0,0.0,456.0,0.0,0.0,0.0,0.0,0.0,1244.0,0.0,0.0,1082.0,341.0,0.0,0.0,0.0,0.0,0.0,0.0,230.0,5.0,0.0,0.0,0.0,350.0,848.0,0.0,0.0
2203,2025,79.0,0.0,418.0,0.0,0.0,0.0,0.0,20.0,1332.0,0.0,0.0,1154.0,91.0,0.0,0.0,0.0,0.0,0.0,0.0,0.0,28.0,0.0,0.0,0.0,258.0,343.0,0.0,0.0
2203,2026,44.0,0.0,228.0,0.0,0.0,0.0,0.0,12.0,1440.0,0.0,0.0,1208.0,0.0,0.0,0.0,0.0,0.0,0.0,0.0,0.0,0.0,0.0,0.0,0.0,0.0,0.0,0.0,987.0
2204,2019,0.0,0.0,0.0,27.0,0.0,0.0,0.0,0.0,0.0,0.0,0.0,0.0,0.0,0.0,0.0,0.0,0.0,0.0,0.0,0.0,0.0,0.0,0.0,0.0,0.0,0.0,0.0,0.0
2204,2020,0.0,0.0,0.0,0.0,0.0,0.0,0.0,0.0,0.0,0.0,0.0,0.0,0.0,0.0,0.0,0.0,0.0,0.0,0.0,0.0,0.0,0.0,0.0,0.0,0.0,0.0,105.0,0.0
2204,2021,0.0,0.0,226.0,0.0,45.0,0.0,0.0,0.0,0.0,0.0,0.0,0.0,306.0,0.0,0.0,0.0,0.0,70.0,0.0,0.0,0.0,0.0,0.0,0.0,0.0,0.0,67.0,0.0
2204,2022,0.0,0.0,456.0,0.0,27.0,0.0,0.0,0.0,416.0,0.0,0.0,424.0,622.0,0.0,0.0,0.0,66.0,70.0,2036.0,694.0,6.0,0.0,0.0,0.0,0.0,0.0,0.0,0.0
2204,2023,15.0,401.0,456.0,0.0,96.0,0.0,0.0,0.0,0.0,0.0,0.0,0.0,698.0,0.0,0.0,0.0,0.0,0.0,0.0,578.0,7.0,107.0,0.0,433.0,0.0,0.0,0.0,0.0
2204,2024,31.0,0.0,456.0,0.0,352.0,0.0,0.0,0.0,940.0,0.0,0.0,954.0,724.0,0.0,0.0,16.0,0.0,0.0,0.0,518.0,2.0,0.0,0.0,0.0,413.0,708.0,0.0,0.0
2204,2025,25.0,0.0,418.0,0.0,224.0,0.0,0.0,0.0,1028.0,0.0,0.0,1014.0,185.0,0.0,0.0,7.0,0.0,0.0,0.0,0.0,1.0,0.0,0.0,0.0,289.0,335.0,0.0,0.0
2204,2026,9.0,0.0,228.0,0.0,0.0,0.0,0.0,0.0,1132.0,0.0,0.0,1072.0,0.0,0.0,0.0,6.0,0.0,0.0,0.0,0.0,0.0,0.0,0.0,0.0,0.0,0.0,0.0,444.0
2301,2019,0.0,0.0,0.0,1156.0,0.0,0.0,0.0,0.0,0.0,0.0,0.0,0.0,0.0,0.0,0.0,0.0,0.0,0.0,0.0,0.0,0.0,0.0,0.0,0.0,0.0,0.0,0.0,0.0
2301,2020,0.0,0.0,0.0,0.0,0.0,0.0,0.0,0.0,0.0,0.0,0.0,0.0,0.0,0.0,0.0,0.0,0.0,0.0,0.0,0.0,0.0,0.0,0.0,0.0,0.0,0.0,0.0,0.0
2301,2021,0.0,0.0,226.0,0.0,44.0,0.0,0.0,0.0,0.0,0.0,0.0,0.0,1106.0,0.0,0.0,0.0,0.0,112.0,0.0,0.0,0.0,0.0,0.0,0.0,0.0,0.0,0.0,0.0
2301,2022,0.0,0.0,456.0,0.0,396.0,1776.0,1300.0,0.0,896.0,0.0,0.0,0.0,2250.0,0.0,67.0,0.0,44.0,112.0,6094.0,1170.0,84.0,0.0,0.0,0.0,0.0,0.0,0.0,0.0
2301,2023,288.0,2113.0,456.0,0.0,132.0,0.0,0.0,0.0,0.0,0.0,0.0,0.0,2288.0,0.0,89.0,0.0,0.0,0.0,0.0,1278.0,52.0,225.0,408.0,940.0,0.0,0.0,0.0,0.0
2301,2024,771.0,0.0,456.0,0.0,484.0,0.0,2672.0,0.0,2044.0,0.0,0.0,0.0,2099.0,352.0,19.0,598.0,0.0,0.0,0.0,1728.0,92.0,0.0,0.0,0.0,2393.0,5568.0,0.0,0.0
2301,2025,680.0,0.0,418.0,0.0,314.0,0.0,2676.0,0.0,2188.0,0.0,0.0,0.0,532.0,79.0,0.0,413.0,0.0,0.0,0.0,0.0,38.0,0.0,0.0,0.0,1408.0,2620.0,0.0,0.0
2301,2026,331.0,0.0,228.0,0.0,0.0,0.0,1338.0,0.0,2358.0,0.0,0.0,0.0,0.0,0.0,0.0,118.0,0.0,0.0,0.0,0.0,0.0,0.0,0.0,0.0,0.0,0.0,0.0,16482.0
2302,2019,0.0,0.0,0.0,30.0,0.0,0.0,0.0,0.0,0.0,0.0,0.0,0.0,0.0,0.0,0.0,0.0,0.0,0.0,0.0,0.0,0.0,0.0,0.0,0.0,0.0,0.0,0.0,0.0
2302,2020,0.0,0.0,0.0,0.0,0.0,0.0,0.0,0.0,0.0,0.0,0.0,0.0,0.0,0.0,0.0,0.0,0.0,0.0,0.0,0.0,0.0,0.0,0.0,0.0,0.0,0.0,41.0,0.0
2302,2021,0.0,0.0,226.0,0.0,5.0,0.0,0.0,0.0,0.0,0.0,0.0,0.0,0.0,0.0,0.0,0.0,0.0,4.0,0.0,0.0,0.0,0.0,0.0,0.0,0.0,0.0,1.0,0.0
2302,2022,0.0,0.0,456.0,0.0,45.0,0.0,1132.0,0.0,496.0,0.0,0.0,0.0,0.0,0.0,0.0,0.0,12.0,4.0,496.0,48.0,4.0,0.0,0.0,0.0,0.0,0.0,0.0,0.0
2302,2023,24.0,278.0,456.0,0.0,15.0,0.0,0.0,0.0,0.0,0.0,0.0,0.0,0.0,0.0,0.0,0.0,0.0,0.0,0.0,102.0,11.0,193.0,0.0,604.0,0.0,0.0,0.0,0.0
2302,2024,63.0,0.0,456.0,0.0,55.0,0.0,2450.0,0.0,1064.0,0.0,0.0,0.0,0.0,0.0,0.0,45.0,0.0,0.0,0.0,296.0,7.0,0.0,0.0,0.0,464.0,887.0,0.0,0.0
2302,2025,47.0,0.0,418.0,0.0,35.0,0.0,2532.0,0.0,1064.0,0.0,0.0,0.0,0.0,0.0,0.0,20.0,0.0,0.0,0.0,0.0,4.0,0.0,0.0,0.0,292.0,416.0,0.0,0.0
2302,2026,22.0,0.0,228.0,0.0,0.0,0.0,1284.0,0.0,1064.0,0.0,0.0,0.0,0.0,0.0,0.0,11.0,0.0,0.0,0.0,0.0,0.0,0.0,0.0,0.0,0.0,0.0,0.0,2051.0
2401,2019,0.0,0.0,0.0,250.0,0.0,0.0,0.0,0.0,0.0,0.0,0.0,0.0,0.0,0.0,0.0,0.0,0.0,0.0,0.0,0.0,0.0,0.0,0.0,0.0,0.0,0.0,0.0,0.0
2401,2020,0.0,0.0,0.0,0.0,0.0,0.0,0.0,0.0,0.0,0.0,0.0,0.0,0.0,0.0,0.0,0.0,0.0,0.0,0.0,0.0,0.0,0.0,0.0,0.0,0.0,0.0,297.0,0.0
2401,2021,0.0,0.0,226.0,0.0,74.0,0.0,0.0,0.0,0.0,0.0,0.0,0.0,561.0,0.0,0.0,0.0,0.0,70.0,0.0,0.0,0.0,0.0,0.0,0.0,0.0,0.0,307.0,0.0
2401,2022,0.0,0.0,456.0,0.0,657.0,0.0,0.0,0.0,0.0,0.0,0.0,0.0,1096.0,0.0,30.0,0.0,778.0,70.0,316.0,210.0,38.0,0.0,0.0,0.0,0.0,0.0,0.0,0.0
2401,2023,54.0,1061.0,456.0,0.0,210.0,0.0,0.0,0.0,0.0,0.0,0.0,0.0,1184.0,0.0,1.0,0.0,0.0,0.0,0.0,522.0,28.0,343.0,0.0,1922.0,0.0,0.0,0.0,0.0
2401,2024,118.0,0.0,456.0,0.0,772.0,0.0,0.0,0.0,0.0,0.0,0.0,0.0,1256.0,0.0,0.0,22.0,0.0,0.0,0.0,92.0,34.0,0.0,0.0,0.0,1615.0,2684.0,0.0,0.0
2401,2025,102.0,0.0,418.0,0.0,497.0,0.0,0.0,0.0,0.0,0.0,0.0,0.0,321.0,0.0,0.0,22.0,0.0,0.0,0.0,0.0,256.0,0.0,0.0,0.0,995.0,1248.0,0.0,0.0
2401,2026,25.0,0.0,228.0,0.0,0.0,0.0,0.0,0.0,0.0,0.0,0.0,0.0,0.0,0.0,0.0,7.0,0.0,0.0,0.0,0.0,0.0,0.0,0.0,0.0,0.0,0.0,0.0,3601.0
2402,2019,0.0,0.0,0.0,211.0,0.0,0.0,0.0,0.0,0.0,0.0,0.0,0.0,0.0,0.0,0.0,0.0,0.0,0.0,0.0,0.0,0.0,0.0,0.0,0.0,0.0,0.0,0.0,0.0
2402,2020,0.0,0.0,0.0,0.0,0.0,0.0,0.0,0.0,0.0,0.0,0.0,0.0,0.0,0.0,0.0,0.0,0.0,0.0,0.0,0.0,0.0,0.0,0.0,0.0,0.0,0.0,449.0,0.0
2402,2021,0.0,0.0,236.0,0.0,20.0,0.0,0.0,0.0,0.0,0.0,0.0,0.0,304.0,0.0,0.0,0.0,0.0,0.0,0.0,0.0,0.0,0.0,0.0,0.0,0.0,0.0,496.0,0.0
2402,2022,0.0,0.0,480.0,0.0,180.0,3232.0,0.0,0.0,0.0,0.0,0.0,0.0,601.0,0.0,91.0,0.0,0.0,0.0,62.0,70.0,20.0,0.0,0.0,0.0,0.0,0.0,0.0,0.0
2402,2023,65.0,320.0,480.0,0.0,54.0,0.0,0.0,0.0,0.0,0.0,0.0,0.0,630.0,0.0,107.0,0.0,0.0,0.0,0.0,202.0,16.0,0.0,0.0,0.0,0.0,0.0,0.0,0.0
2402,2024,139.0,0.0,480.0,0.0,198.0,0.0,0.0,0.0,0.0,0.0,0.0,0.0,694.0,0.0,0.0,36.0,0.0,0.0,0.0,38.0,10.0,0.0,0.0,0.0,791.0,1536.0,0.0,0.0
2402,2025,136.0,0.0,440.0,0.0,126.0,0.0,0.0,0.0,0.0,0.0,0.0,0.0,177.0,0.0,0.0,30.0,0.0,0.0,0.0,0.0,136.0,0.0,0.0,0.0,478.0,776.0,0.0,0.0
2402,2026,37.0,0.0,240.0,0.0,0.0,0.0,0.0,0.0,0.0,0.0,0.0,0.0,0.0,0.0,0.0,10.0,0.0,0.0,0.0,0.0,0.0,0.0,0.0,0.0,0.0,0.0,0.0,2607.0
2403,2019,0.0,0.0,0.0,140.0,0.0,0.0,0.0,0.0,0.0,0.0,0.0,0.0,0.0,0.0,0.0,0.0,0.0,0.0,0.0,0.0,0.0,0.0,0.0,0.0,0.0,0.0,0.0,0.0
2403,2020,0.0,0.0,0.0,0.0,0.0,0.0,0.0,0.0,0.0,0.0,0.0,0.0,0.0,0.0,0.0,0.0,0.0,0.0,0.0,0.0,0.0,0.0,0.0,0.0,0.0,0.0,253.0,0.0
2403,2021,0.0,0.0,226.0,0.0,9.0,0.0,0.0,0.0,0.0,0.0,0.0,0.0,261.0,0.0,0.0,0.0,0.0,6.0,0.0,0.0,0.0,0.0,0.0,0.0,0.0,0.0,226.0,0.0
2403,2022,0.0,0.0,456.0,0.0,81.0,0.0,0.0,0.0,0.0,0.0,0.0,0.0,516.0,0.0,1.0,0.0,2.0,6.0,26.0,8.0,5.0,0.0,0.0,0.0,0.0,0.0,0.0,0.0
2403,2023,21.0,748.0,456.0,0.0,21.0,0.0,0.0,0.0,0.0,0.0,0.0,0.0,564.0,0.0,31.0,0.0,0.0,0.0,0.0,0.0,11.0,225.0,352.0,743.0,0.0,0.0,0.0,0.0
2403,2024,52.0,0.0,456.0,0.0,77.0,0.0,0.0,0.0,0.0,0.0,0.0,0.0,630.0,580.0,0.0,128.0,0.0,0.0,0.0,30.0,7.0,0.0,0.0,0.0,590.0,1224.0,0.0,0.0
2403,2025,50.0,0.0,418.0,0.0,49.0,0.0,0.0,0.0,0.0,0.0,0.0,0.0,163.0,150.0,0.0,81.0,0.0,0.0,0.0,0.0,102.0,0.0,0.0,0.0,400.0,547.0,0.0,0.0
2403,2026,18.0,0.0,228.0,0.0,0.0,0.0,0.0,0.0,0.0,0.0,0.0,0.0,0.0,0.0,0.0,45.0,0.0,0.0,0.0,0.0,0.0,0.0,0.0,0.0,0.0,0.0,0.0,2497.0
